coating_thickness_um,coating_uniformity_cv,coating_areal_mass,coating_defect_density,calendering_density,calendering_porosity,calendering_force,slitting_edge_burr,slitting_width_accuracy,assembly_winding_tension,assembly_weld_strength,assembly_initial_resistance,fill_electrolyte_volume,fill_seal_pressure,failed_qc
78.16,1.117,23.04,0.5,3.514,29.66,5965.1,2.6,0.01,15.5,184.9,12.07,14.857,116.2,0
77.85,1.254,20.96,0.22,3.567,32.98,5959.1,2.86,0.076,15.53,168.0,11.21,14.966,114.9,0
76.92,0.131,20.8,0.61,3.495,29.48,6025.5,3.47,0.0379,15.21,186.8,12.43,14.832,116.3,0
81.48,0.594,21.18,0.1,3.496,29.12,5591.9,4.56,0.0403,14.51,173.3,10.69,15.026,116.9,1
79.0,1.928,21.48,0.2,3.473,28.79,6173.2,1.95,0.0034,15.36,173.9,11.79,14.598,115.4,0
77.98,1.105,22.1,0.05,3.45,28.46,5951.6,2.64,0.099,15.91,161.5,11.71,15.018,119.6,0
77.71,0.837,21.7,0.34,3.374,31.13,6110.3,1.92,0.0332,15.0,196.0,11.16,14.898,126.3,0
76.24,1.104,21.14,0.0,3.496,30.25,6329.3,1.66,0.0199,14.65,195.9,12.52,15.085,119.4,0
75.59,1.371,22.58,0.41,3.491,32.87,5891.7,2.8,0.0742,14.81,182.2,12.58,15.308,119.8,0
78.66,0.687,22.76,0.12,3.503,30.51,5917.9,2.03,0.0734,14.5,185.2,12.21,14.932,117.6,0
76.66,1.359,19.57,0.25,3.58,31.67,5658.5,3.45,0.0179,13.64,187.3,11.94,14.693,124.2,0
79.38,0.676,22.26,0.14,3.544,29.32,6138.7,1.62,0.1642,15.54,190.8,10.46,15.356,116.6,1
79.38,1.424,22.25,2.12,3.492,32.43,5824.2,2.77,0.1473,14.6,167.8,11.62,15.099,122.8,0
77.24,1.722,22.41,0.48,3.521,29.18,6086.6,2.38,0.0307,15.72,176.6,11.43,15.402,127.3,0
76.87,0.444,21.52,1.64,3.524,32.41,6014.1,3.56,0.0211,14.61,173.8,13.21,15.237,122.3,0
78.6,0.855,24.27,1.69,3.546,28.71,6254.0,4.57,0.0258,14.14,196.6,11.89,15.541,120.5,1
77.73,1.16,22.21,0.38,3.491,31.81,5977.1,1.91,0.0233,14.74,163.0,12.11,15.05,118.6,0
78.05,0.797,21.65,0.54,3.46,29.6,6059.2,2.52,0.0643,14.42,167.3,11.68,14.911,119.0,0
76.73,1.549,21.01,0.09,3.5,30.56,6058.6,0.87,0.0463,15.31,189.1,13.14,15.325,112.8,0
78.38,0.436,23.49,0.89,3.559,27.96,5965.7,4.23,0.0779,15.63,183.9,11.59,15.1,115.6,0
78.31,1.149,22.6,1.04,3.538,29.76,5885.9,1.75,0.0588,14.93,183.8,11.87,15.133,119.5,0
78.86,0.95,21.45,0.41,3.458,29.91,5891.2,2.2,0.0006,14.98,188.3,11.64,14.94,114.0,0
78.75,0.832,22.46,0.75,3.494,29.0,5944.1,3.26,0.0274,15.19,185.1,12.45,15.252,118.1,0
79.81,1.416,22.0,0.32,3.435,28.94,5800.2,2.74,0.0129,15.56,192.8,11.21,15.046,121.6,0
80.58,1.006,20.79,0.16,3.504,30.34,6007.5,3.73,0.0123,14.83,168.6,12.59,15.128,126.9,0
77.87,1.005,20.76,0.06,3.473,30.41,6211.6,2.19,0.0348,15.11,185.4,11.35,15.103,114.0,0
77.22,0.516,21.38,0.28,3.524,28.68,6197.6,1.71,0.0306,15.05,180.2,12.85,15.022,115.8,0
78.5,0.948,22.57,0.35,3.52,30.72,5912.2,1.23,0.0408,15.17,172.4,11.82,15.055,123.8,0
75.09,1.05,21.24,0.0,3.448,32.1,6293.6,0.44,0.0757,15.42,168.1,11.7,15.03,123.2,0
80.05,0.738,22.27,0.38,3.551,31.59,6196.0,2.68,0.0114,14.95,176.9,11.66,14.926,120.4,0
80.38,0.358,22.91,1.08,3.5,30.66,6245.8,2.66,0.0492,15.0,170.5,10.88,14.769,113.7,0
78.1,1.463,22.71,0.39,3.514,32.02,6010.7,1.97,0.0575,14.54,190.8,12.81,15.093,119.6,1
74.26,0.305,22.79,0.05,3.472,27.84,6285.2,3.63,0.044,14.4,200.1,13.64,15.047,115.6,0
77.94,1.586,20.78,0.07,3.574,29.44,6150.2,1.01,0.0805,15.35,187.3,11.86,15.108,114.5,0
76.86,1.546,20.9,0.05,3.527,29.26,5755.9,2.79,0.0085,15.08,183.2,11.63,15.092,127.4,0
76.18,2.92,22.18,0.09,3.483,27.3,6023.3,0.08,0.0559,14.27,181.6,11.49,15.097,130.4,1
78.34,0.176,22.62,0.26,3.487,28.73,5999.1,3.07,0.0099,15.26,163.9,11.68,15.069,123.1,0
77.78,0.962,22.27,0.09,3.504,30.75,6186.0,2.59,0.0166,16.08,169.7,11.69,15.256,125.1,0
76.62,0.457,22.32,0.06,3.597,28.87,6151.7,0.84,0.115,15.58,188.6,12.26,14.677,117.4,0
76.07,1.085,21.51,0.38,3.451,30.47,6343.0,0.29,0.0224,15.62,169.5,11.26,15.137,119.1,0
78.71,1.03,22.02,0.29,3.468,29.37,6031.3,3.93,0.0147,14.52,173.0,10.56,15.068,114.5,0
79.59,0.221,19.56,2.15,3.551,30.73,5794.5,5.39,0.0697,14.68,197.7,13.5,14.689,101.5,1
78.19,0.627,22.25,0.14,3.6,31.93,6117.1,1.46,0.1741,14.44,177.0,11.51,15.34,121.7,0
77.57,0.457,21.52,0.32,3.535,30.67,5875.8,3.65,0.0249,14.69,177.8,11.48,15.345,117.6,0
79.22,1.502,21.86,0.4,3.573,29.84,5812.4,2.23,0.0182,15.44,180.5,10.94,15.01,117.0,0
79.73,2.908,24.74,1.23,3.504,31.72,5557.2,1.72,0.255,16.69,196.3,11.15,15.617,130.9,0
77.93,1.755,20.08,0.17,3.45,29.5,6209.3,1.9,0.077,14.27,177.3,13.39,14.52,125.5,0
79.21,0.549,20.59,0.36,3.536,31.47,5868.7,3.53,0.0521,14.85,177.6,12.43,14.907,114.7,0
78.54,0.797,20.95,0.2,3.462,28.09,6174.2,2.39,0.046,15.11,168.1,11.35,15.136,117.3,0
76.51,0.84,21.65,0.34,3.544,29.74,5906.0,1.17,0.0573,14.23,185.3,11.44,14.857,126.3,0
78.18,0.061,20.28,5.12,3.498,27.78,6300.2,3.64,0.0523,14.46,171.0,9.89,15.533,123.1,1
79.26,0.299,21.54,0.08,3.577,31.25,5912.2,2.06,0.0205,14.87,174.4,12.12,14.999,120.5,0
76.75,0.318,22.39,0.9,3.446,28.08,5999.6,5.56,0.0245,15.74,169.8,12.09,14.58,116.0,0
77.76,0.921,22.77,0.46,3.5,29.62,5862.1,1.92,0.0271,14.81,182.9,11.22,14.846,124.0,0
75.85,1.368,21.11,1.29,3.474,28.98,5771.4,2.98,0.0024,14.79,176.0,13.19,15.054,122.1,0
76.59,1.41,20.89,2.6,3.302,30.68,5991.9,0.5,0.2115,16.87,211.8,15.32,15.507,108.1,0
76.11,1.03,21.83,0.67,3.399,30.88,5836.7,0.86,0.0731,13.51,187.0,12.48,15.647,122.0,0
78.79,1.727,19.82,0.34,3.466,30.67,6223.6,2.08,0.0335,15.02,185.3,11.61,14.524,122.8,0
80.36,1.574,23.26,0.14,3.4,30.2,6090.6,2.35,0.073,15.77,212.2,11.11,15.546,127.6,0
80.0,1.161,22.61,2.09,3.379,31.06,5728.4,0.71,0.1487,15.2,180.3,12.66,14.867,118.9,0
80.68,0.879,22.34,1.11,3.589,30.05,6055.0,2.88,0.0001,15.28,179.0,11.87,15.358,120.7,1
78.41,0.97,21.14,0.7,3.419,30.36,5915.5,2.46,0.1134,14.97,193.9,12.33,15.172,116.3,0
78.74,0.277,22.77,0.46,3.519,29.63,6261.3,3.28,0.0428,15.19,171.4,11.18,14.614,134.7,0
77.58,0.706,20.59,0.59,3.51,27.61,6045.1,3.58,0.0062,15.45,171.3,12.23,15.197,122.6,0
80.22,1.689,22.46,0.04,3.554,31.12,6072.4,1.56,0.044,14.73,178.3,12.27,14.839,124.1,0
71.58,0.378,21.32,0.92,3.528,33.53,6023.9,3.28,0.0447,14.35,181.5,10.38,15.253,106.9,0
76.45,2.247,22.31,1.12,3.496,31.03,5948.1,1.6,0.0033,15.05,188.5,11.22,14.889,121.6,0
77.0,0.615,22.32,0.24,3.485,27.54,5930.7,2.33,0.0266,15.09,170.7,11.27,14.956,126.1,0
80.47,1.397,22.52,0.18,3.475,28.45,5971.8,2.24,0.053,15.41,187.3,12.03,15.029,122.3,0
78.1,1.176,22.52,0.49,3.424,30.0,6020.1,2.21,0.0076,14.91,195.7,12.16,15.153,116.5,0
78.37,1.446,22.09,0.92,3.429,28.06,6071.6,2.29,0.0212,14.69,170.8,11.51,14.844,122.3,0
79.38,1.398,22.52,1.1,3.458,31.74,6127.9,1.02,0.0021,15.25,183.4,12.85,15.019,114.4,0
78.11,1.04,21.04,1.79,3.423,29.01,5687.9,0.85,0.0234,14.76,190.1,12.4,14.931,123.9,1
79.55,1.895,22.5,0.05,3.565,27.75,5830.7,1.7,0.0626,15.15,184.9,10.44,14.606,122.5,0
78.14,1.223,22.14,1.33,3.455,32.04,5880.9,2.48,0.0008,15.55,169.8,12.35,15.122,123.7,0
79.81,1.185,20.9,0.04,3.566,31.33,5932.7,4.15,0.0634,14.05,185.8,11.49,14.887,118.7,0
75.72,0.565,20.4,0.38,3.398,32.98,6173.4,0.29,0.0626,13.84,173.2,10.65,14.77,114.1,0
78.87,1.504,21.74,0.13,3.512,30.42,6044.6,2.15,0.0115,14.13,181.7,11.87,14.817,125.9,0
80.01,1.1,20.87,0.08,3.46,30.49,5948.6,1.95,0.0321,15.12,179.9,11.32,14.842,119.3,0
76.89,2.224,21.37,0.29,3.491,31.29,5568.4,2.1,0.0329,14.26,183.8,12.39,14.74,113.8,0
76.03,0.848,23.02,0.13,3.519,29.61,5657.0,3.26,0.0078,15.44,179.0,12.12,15.205,121.4,0
78.4,2.351,21.06,1.04,3.511,28.77,5873.8,5.35,0.0142,14.6,175.9,10.77,15.142,120.1,1
77.16,0.723,21.93,0.23,3.494,30.51,5662.4,3.49,0.027,15.07,191.3,11.34,15.312,120.6,0
79.0,1.034,22.87,0.71,3.63,32.33,6233.7,3.06,0.1668,14.92,170.8,11.72,14.648,121.3,0
78.22,0.635,22.81,0.4,3.509,28.06,5977.6,2.71,0.0703,14.79,185.5,12.93,14.729,121.2,0
78.8,0.678,22.13,0.02,3.504,30.33,6165.0,2.11,0.0499,14.97,179.8,13.0,15.061,123.1,0
79.07,0.124,23.84,1.38,3.562,28.55,6343.3,2.19,0.1801,15.03,155.3,11.74,14.979,117.2,0
77.6,1.688,22.57,0.22,3.455,28.99,5931.1,1.58,0.1041,15.28,160.1,14.27,14.897,132.9,0
76.87,1.247,20.88,1.79,3.544,31.67,6010.1,2.23,0.0823,15.37,174.0,12.57,14.709,117.5,0
81.45,0.032,21.22,0.63,3.458,28.27,6435.2,4.51,0.093,15.01,168.1,11.58,14.97,128.9,0
77.27,1.584,22.85,0.26,3.536,29.2,6200.9,3.16,0.0206,14.7,178.5,12.19,14.62,118.0,0
77.25,1.129,21.31,0.05,3.507,30.63,6008.7,2.32,0.0362,14.87,182.9,11.28,14.942,119.0,0
75.16,1.177,19.81,0.08,3.612,29.41,5574.6,3.24,0.0907,16.34,183.7,10.34,15.384,136.4,0
78.36,1.232,22.5,0.32,3.484,28.2,6500.4,1.46,0.029,14.58,170.1,11.04,15.182,123.5,0
80.53,1.337,22.73,0.52,3.438,28.57,5738.5,1.91,0.0122,15.02,174.1,11.38,14.819,115.1,0
78.03,0.648,24.08,0.44,3.529,27.55,5975.6,2.92,0.057,15.23,173.3,12.06,14.826,117.3,0
75.49,1.262,22.42,0.33,3.481,31.22,5987.6,3.1,0.0272,15.19,172.8,12.55,15.004,127.0,0
77.36,1.051,21.07,0.43,3.455,30.01,6473.0,2.87,0.1379,14.95,181.9,12.72,15.264,121.7,0
78.38,1.34,21.27,1.39,3.487,27.18,5859.1,3.34,0.0332,14.84,176.4,11.89,14.573,119.8,0
76.93,1.777,21.82,1.59,3.401,34.73,6006.1,1.45,0.0924,14.95,187.2,12.18,14.8,126.8,0
77.86,0.758,21.69,2.87,3.497,28.65,5804.8,4.23,0.0826,14.83,174.7,13.41,14.755,125.2,0
75.92,0.96,21.85,0.31,3.577,29.52,6036.3,1.33,0.0107,14.41,185.3,12.83,14.716,114.8,1
78.58,1.06,22.07,0.15,3.536,31.5,5780.9,3.24,0.0713,14.61,179.8,11.79,15.079,121.8,0
77.78,1.547,23.57,0.26,3.444,32.19,5947.7,0.99,0.0256,14.31,182.5,12.56,14.84,118.8,0
78.97,0.88,21.38,0.23,3.58,28.94,5986.2,2.99,0.0213,14.57,195.7,11.83,15.383,117.8,0
76.67,0.645,22.2,0.36,3.518,31.76,6260.6,1.88,0.0444,15.52,174.5,11.71,14.868,115.3,0
79.4,1.785,22.86,0.0,3.376,28.78,5585.5,3.96,0.0466,14.55,188.0,14.08,14.841,126.4,0
77.08,0.782,20.09,1.55,3.552,33.05,6208.5,4.71,0.0554,14.99,157.4,12.06,15.55,117.4,0
77.7,1.413,21.93,2.57,3.443,29.52,6344.2,1.75,0.0326,15.07,184.0,12.29,14.83,120.9,1
76.27,1.013,21.57,0.95,3.569,28.45,5927.0,2.46,0.0143,14.74,184.5,12.47,15.002,123.1,0
77.69,0.989,21.9,0.47,3.495,29.57,6101.2,3.0,0.0419,15.28,189.2,11.39,14.964,121.7,0
77.28,1.198,22.33,0.8,3.458,29.01,5792.9,2.15,0.0738,14.82,181.3,12.57,15.014,110.9,1
77.44,0.84,21.9,0.43,3.436,29.93,6095.9,3.2,0.024,14.97,183.1,12.93,15.22,122.8,0
77.85,1.573,22.33,1.04,3.491,28.37,6138.5,0.83,0.0148,14.92,178.0,12.25,15.578,119.6,1
78.36,1.12,20.5,2.68,3.462,28.53,6217.5,2.45,0.0879,14.06,168.9,12.95,14.826,114.5,0
79.49,0.293,21.81,0.12,3.51,30.01,5925.2,3.77,0.0528,14.85,182.6,11.55,14.909,122.6,0
79.42,0.404,22.5,0.86,3.527,30.08,6031.6,2.62,0.051,14.64,191.0,12.3,14.892,121.5,0
78.71,0.742,23.54,0.88,3.467,32.11,5911.4,1.61,0.0102,15.3,176.2,11.49,14.971,121.7,0
76.75,0.411,22.44,2.34,3.578,29.1,6041.1,1.54,0.0276,15.16,168.3,12.99,14.515,121.6,1
75.3,0.045,21.35,0.37,3.521,30.72,6067.4,3.69,0.0738,14.61,190.1,12.57,15.056,122.8,0
77.38,1.053,20.92,0.39,3.41,30.35,5788.7,4.46,0.1056,15.1,183.8,11.92,15.232,120.0,1
80.81,0.28,21.63,0.22,3.459,29.74,5985.6,3.55,0.02,15.0,188.6,11.91,15.235,112.8,0
77.58,1.247,22.48,1.61,3.452,29.22,6100.8,3.26,0.0719,15.68,166.7,12.01,14.928,116.8,0
75.65,1.76,24.02,0.21,3.481,27.03,6353.0,1.42,0.019,14.76,208.8,12.53,15.547,116.2,0
77.17,0.984,21.91,0.34,3.456,31.35,5882.1,1.41,0.0523,15.06,190.1,12.04,15.25,120.4,0
78.27,0.617,20.89,1.19,3.516,30.39,6066.9,2.98,0.0835,14.86,179.1,12.69,14.852,122.9,0
81.22,1.601,20.72,1.74,3.502,29.05,5753.0,3.75,0.0093,15.03,187.0,13.11,14.484,124.4,0
79.22,1.392,22.16,1.41,3.551,28.69,6083.3,2.63,0.1129,14.43,177.5,11.91,15.208,118.1,0
75.73,0.846,22.17,0.09,3.505,32.72,5706.8,3.81,0.0395,15.7,196.0,13.65,14.959,115.1,0
79.31,0.453,23.28,2.17,3.419,31.85,6174.6,2.68,0.0688,14.97,164.8,13.67,14.634,123.3,0
75.95,0.946,21.66,0.11,3.481,27.67,5988.0,1.52,0.0045,15.04,176.7,12.75,14.983,122.6,0
77.44,1.499,22.12,0.06,3.461,29.17,5873.2,3.09,0.0174,15.15,196.7,10.97,15.315,119.2,1
78.87,0.839,22.01,0.27,3.455,30.73,6112.6,2.82,0.0013,15.62,175.7,11.76,15.134,122.1,0
75.91,0.756,22.67,1.11,3.597,26.46,6122.0,3.25,0.0357,14.88,170.0,14.01,15.207,119.2,0
77.46,0.315,23.01,0.3,3.551,31.32,5794.1,1.78,0.0275,14.4,189.7,11.75,14.935,115.3,0
75.9,0.572,22.41,0.45,3.503,31.9,5938.1,1.01,0.1182,15.59,172.4,12.09,14.563,119.6,0
76.73,1.457,21.47,0.51,3.568,31.21,5910.5,1.77,0.0084,14.89,192.2,11.89,14.718,124.0,0
78.07,0.48,21.95,0.39,3.458,29.36,5784.7,3.44,0.0431,14.73,179.1,12.12,15.159,122.4,0
77.73,0.813,22.68,0.11,3.449,30.16,5760.3,3.02,0.0159,15.34,181.4,11.69,15.17,115.4,0
77.9,1.117,22.34,0.37,3.53,29.76,5914.3,2.81,0.0292,14.64,190.3,12.16,15.085,124.8,0
80.17,1.058,21.77,0.05,3.52,29.37,5914.1,3.39,0.007,15.9,168.9,11.83,14.771,116.9,0
76.52,1.262,21.07,0.16,3.486,29.64,6053.8,2.82,0.0093,15.26,176.9,11.28,14.908,121.0,0
76.11,0.43,19.23,0.51,3.47,30.06,5911.7,3.6,0.0485,15.17,185.2,12.03,15.252,108.7,0
76.56,1.314,21.26,0.05,3.584,30.5,5960.2,3.28,0.0299,14.93,165.9,12.33,15.029,114.4,1
75.46,0.425,22.96,0.02,3.489,28.29,6080.2,2.47,0.0371,14.33,170.9,14.52,14.817,121.2,0
77.92,1.06,23.09,0.35,3.463,31.52,5939.3,2.14,0.0174,15.21,180.7,12.2,14.913,122.3,0
76.82,0.894,23.46,2.32,3.49,29.4,6317.0,2.1,0.1351,14.24,183.0,11.71,15.113,117.6,0
75.87,0.38,22.06,0.16,3.455,30.8,5756.0,1.05,0.0475,15.31,176.6,13.64,14.645,127.4,0
75.76,0.939,21.23,0.55,3.489,30.39,5880.8,2.36,0.029,15.14,178.2,13.3,14.856,124.5,0
80.02,1.233,22.11,0.93,3.473,30.21,6135.2,1.6,0.1344,15.01,184.2,13.17,15.235,125.0,1
81.4,0.998,23.14,2.35,3.54,32.05,5843.6,4.79,0.0114,16.14,179.8,11.95,14.813,120.5,1
78.11,1.488,20.37,0.22,3.51,30.34,5819.7,3.37,0.0277,15.21,182.8,11.78,15.044,114.2,0
79.82,1.911,22.07,0.44,3.485,27.38,6141.2,3.56,0.0484,13.85,184.3,12.23,15.006,112.7,0
79.19,0.944,22.49,0.81,3.413,28.1,6081.8,0.13,0.0665,14.06,174.7,13.35,14.413,119.3,1
76.21,0.804,22.01,0.28,3.459,29.18,6437.3,2.17,0.0195,14.91,185.8,11.4,14.819,124.0,0
77.59,1.532,22.36,0.04,3.623,31.47,5605.4,2.41,0.0775,14.99,178.4,11.56,14.546,117.9,0
77.92,1.231,21.09,0.29,3.434,27.78,5969.5,2.15,0.0268,14.2,181.8,11.78,15.215,122.5,0
80.38,0.985,21.61,0.72,3.491,29.11,6226.3,2.13,0.017,14.19,182.4,12.35,15.036,116.5,0
78.4,0.98,22.22,0.5,3.486,29.78,5863.8,2.71,0.0517,15.0,176.4,12.34,15.188,122.8,0
77.98,1.244,21.57,0.35,3.479,30.57,6335.5,1.67,0.1045,14.64,179.5,11.22,14.898,124.1,0
78.58,0.083,21.98,0.09,3.54,26.6,6057.8,2.41,0.0338,15.08,183.7,11.53,14.977,119.8,0
80.01,0.335,22.23,0.39,3.505,29.0,6262.0,1.49,0.0002,15.06,174.5,12.3,14.75,127.0,0
78.02,1.486,20.98,0.06,3.462,29.79,5931.8,2.52,0.0817,14.98,197.0,12.97,15.225,116.7,0
77.91,1.2,22.21,0.83,3.552,30.8,5597.3,3.43,0.0029,15.35,174.3,13.12,14.899,113.8,0
78.4,1.109,21.14,0.08,3.525,31.27,5829.2,3.11,0.0294,14.93,177.8,12.49,15.085,121.5,0
77.6,1.223,21.44,0.05,3.501,31.37,5726.9,2.38,0.0095,16.48,188.5,12.14,14.653,122.1,0
77.27,1.88,22.1,2.05,3.559,31.92,5827.9,3.45,0.038,14.51,179.2,13.28,15.076,120.2,0
79.88,1.172,21.53,0.02,3.476,30.18,5750.9,1.83,0.0077,15.06,178.2,11.66,15.025,122.2,0
78.48,1.012,22.67,0.32,3.482,29.82,5979.7,3.07,0.0347,16.06,167.0,11.82,15.138,112.1,0
79.55,0.167,22.17,0.42,3.474,30.65,5941.3,3.18,0.0731,14.44,206.8,12.89,14.599,118.5,0
79.45,0.893,23.55,1.63,3.677,31.95,6078.0,4.64,0.0155,14.5,190.1,10.62,15.152,125.9,0
77.83,0.653,20.38,0.42,3.472,29.65,6360.7,2.35,0.0401,15.02,176.5,12.02,15.016,122.9,0
77.56,1.48,22.77,1.17,3.522,29.03,6218.6,2.66,0.0663,14.62,188.8,10.92,15.187,119.1,0
78.66,1.167,22.29,1.36,3.529,26.78,5940.1,2.06,0.0658,14.87,192.1,11.5,15.044,125.0,0
77.29,0.841,20.21,1.62,3.377,32.99,6046.3,2.45,0.0888,14.33,186.0,11.89,14.523,115.9,1
81.96,1.479,23.27,0.05,3.483,28.07,6144.0,1.84,0.0034,15.35,185.7,12.22,15.008,120.1,0
77.52,0.61,22.03,0.32,3.537,30.82,6143.0,1.62,0.0092,14.78,192.1,12.52,14.956,122.9,0
79.15,0.936,21.16,1.09,3.55,31.0,5853.5,1.82,0.1055,15.21,188.4,13.22,15.052,121.5,0
75.67,0.949,21.4,0.19,3.501,30.49,5668.4,1.64,0.0277,15.4,173.3,12.28,14.836,114.8,0
79.0,1.762,22.65,0.18,3.458,30.95,5960.5,2.16,0.028,14.92,185.7,11.57,14.849,121.0,0
78.51,1.01,20.93,0.05,3.467,31.5,6237.5,2.26,0.0873,14.69,183.7,11.31,14.575,118.1,0
78.15,2.058,20.89,0.73,3.619,27.43,5812.7,0.46,0.0999,15.94,199.2,15.12,15.658,117.7,1
77.9,1.578,21.99,0.75,3.496,32.71,6049.3,2.34,0.0316,15.27,177.3,12.44,14.636,121.9,0
77.76,0.734,22.24,0.56,3.507,26.12,6234.6,1.86,0.0361,15.27,171.4,11.83,14.795,122.5,0
78.24,1.364,22.69,0.53,3.588,30.65,5941.8,3.05,0.0026,14.03,181.2,11.92,15.068,117.1,0
77.37,1.179,21.71,1.98,3.414,30.96,5976.8,3.51,0.0193,14.75,183.8,13.33,14.979,112.8,0
77.91,0.769,22.86,0.09,3.563,27.43,6124.9,2.62,0.0491,14.15,180.0,12.86,15.317,116.5,0
77.92,1.101,22.15,0.31,3.47,29.4,6195.5,1.4,0.02,15.28,193.1,11.12,14.921,116.2,0
75.86,1.566,20.93,0.86,3.492,31.92,6407.3,2.78,0.0009,14.92,193.5,11.28,14.97,119.6,0
81.96,0.648,21.34,0.29,3.476,31.0,5703.7,2.84,0.0243,14.52,189.0,12.58,14.757,112.3,0
77.17,1.147,22.18,2.63,3.434,27.59,5978.4,4.14,0.0343,14.72,189.1,13.08,15.343,115.1,0
75.96,0.861,20.86,3.62,3.497,31.66,5959.2,2.68,0.018,14.33,185.5,13.19,15.051,125.7,0
75.35,1.91,20.0,2.28,3.516,31.04,6169.5,3.44,0.0512,13.67,189.1,13.74,14.916,122.7,0
80.57,0.803,22.53,0.2,3.535,28.59,6172.2,1.48,0.0188,14.93,188.2,11.41,15.154,116.7,0
77.41,1.145,22.67,0.41,3.542,29.16,5889.5,3.83,0.0096,14.48,176.6,11.69,14.987,119.7,0
79.9,0.277,22.07,0.04,3.455,28.8,5659.2,3.76,0.0088,15.08,182.3,12.59,15.169,120.3,0
76.04,1.006,23.2,0.25,3.535,31.11,5900.0,2.17,0.0196,14.61,176.3,13.22,14.825,117.6,0
83.08,0.614,22.71,3.69,3.583,28.59,6076.9,5.51,0.104,16.12,171.5,11.54,14.589,128.9,1
80.82,3.343,23.11,1.04,3.491,29.63,5890.7,1.03,0.0698,15.65,172.4,12.11,14.837,111.2,1
76.97,0.783,21.75,1.01,3.564,31.48,6069.0,2.84,0.0265,15.21,182.2,12.56,14.849,119.6,0
78.35,1.249,23.37,0.17,3.561,30.03,6241.8,1.65,0.0113,14.8,187.2,12.39,14.986,118.4,0
77.92,0.809,22.07,0.08,3.534,30.26,6044.1,1.8,0.0014,14.81,180.1,11.8,15.169,115.6,0
78.9,1.179,21.74,1.1,3.523,31.56,6163.3,2.29,0.0826,15.72,184.4,10.84,15.036,117.7,0
77.72,0.486,22.45,0.76,3.488,29.24,5885.6,3.07,0.0664,15.12,191.1,10.47,15.307,126.4,1
78.29,0.735,22.93,0.51,3.506,28.31,5589.3,1.55,0.019,14.66,168.4,11.85,15.237,123.1,0
76.66,1.345,21.17,2.51,3.569,30.74,6204.5,4.15,0.0612,14.18,189.2,12.4,15.035,131.8,1
76.76,1.054,22.86,0.95,3.403,30.99,5907.3,2.67,0.0757,15.01,187.5,12.48,14.996,120.0,1
77.1,0.646,21.97,0.65,3.547,29.55,6130.5,2.75,0.0639,15.19,172.5,11.4,14.796,114.0,1
79.27,1.584,20.4,0.18,3.428,29.7,6101.1,2.66,0.0474,15.58,179.3,11.67,14.896,118.3,0
78.82,0.942,21.59,0.37,3.6,28.51,5678.5,1.43,0.082,15.26,185.3,11.87,14.675,120.0,1
76.09,0.474,21.88,0.16,3.407,28.49,6168.2,3.44,0.1094,14.2,168.7,11.98,15.65,118.4,0
77.28,0.795,22.09,0.21,3.479,28.1,5929.4,3.69,0.0404,14.52,189.1,11.67,15.076,124.7,0
73.78,0.164,20.27,0.46,3.483,28.6,6147.7,3.2,0.0729,15.09,174.9,11.24,14.993,110.5,0
76.46,1.25,22.06,0.53,3.523,32.15,6074.0,3.13,0.0003,15.86,177.6,11.47,15.001,119.0,0
76.52,1.445,21.24,0.34,3.506,32.14,6038.2,1.86,0.0478,14.2,166.4,13.0,15.158,119.5,0
80.01,1.188,20.57,0.93,3.564,28.81,5818.6,1.21,0.0626,14.81,183.6,10.16,14.963,122.5,0
79.42,0.663,22.49,0.38,3.54,31.29,5995.3,3.3,0.0065,14.75,183.9,12.48,15.441,122.8,0
78.13,0.381,23.15,0.25,3.507,31.06,6227.9,3.06,0.0604,15.35,185.8,12.33,15.052,124.3,0
76.23,1.892,21.97,2.08,3.571,30.12,5633.4,3.19,0.0504,14.56,192.3,11.72,14.793,128.4,0
77.68,1.837,21.22,0.28,3.519,28.37,6409.3,3.12,0.0225,15.6,185.3,11.85,15.286,118.4,1
75.58,1.37,21.37,0.07,3.419,29.41,6341.4,2.23,0.0764,13.99,179.9,11.54,14.792,121.1,1
76.31,0.707,21.78,0.15,3.451,31.25,5971.1,2.57,0.0262,14.5,173.0,11.26,15.01,114.7,0
77.72,1.088,21.44,0.04,3.505,28.55,5802.7,3.32,0.0552,15.09,185.2,12.51,15.075,115.2,0
74.76,1.245,20.74,0.29,3.565,29.35,5901.8,2.31,0.0731,15.02,157.6,11.54,14.863,127.4,0
79.26,0.67,21.96,0.16,3.519,29.05,6157.1,4.32,0.0654,14.13,208.6,10.89,14.692,121.5,0
79.12,0.643,22.04,0.05,3.49,29.54,5764.6,1.33,0.0181,15.4,175.5,11.66,14.799,117.7,0
78.06,1.008,22.52,0.72,3.414,31.09,6196.7,3.68,0.039,14.62,175.4,12.48,14.871,119.2,0
77.41,0.653,21.87,1.07,3.516,30.25,6202.8,2.63,0.0593,15.12,171.1,12.51,15.217,117.2,0
78.93,0.516,22.82,2.03,3.491,27.47,5552.2,3.04,0.0964,15.73,161.9,9.46,15.221,108.4,1
78.32,1.721,21.64,2.01,3.495,28.22,5913.8,3.06,0.0186,15.01,178.2,12.17,15.137,129.5,0
78.13,1.438,21.92,0.67,3.407,29.62,6074.4,1.83,0.0296,14.92,175.3,11.41,14.757,113.2,0
77.17,0.496,23.0,0.28,3.444,30.19,5914.8,2.49,0.0084,15.14,176.9,11.66,15.068,123.2,0
80.53,0.901,21.21,0.33,3.507,30.8,6018.6,2.33,0.0586,15.16,186.1,12.83,15.265,121.3,1
80.81,0.57,21.54,0.01,3.488,28.22,5986.4,2.84,0.1226,15.41,183.0,11.72,15.121,115.7,0
79.77,0.936,23.06,0.19,3.444,30.51,6020.6,3.36,0.023,15.19,185.8,11.39,14.901,121.1,1
77.72,1.123,21.14,0.07,3.474,30.09,5723.8,1.38,0.068,14.49,173.8,11.27,14.955,120.9,0
75.78,0.566,22.6,0.63,3.505,27.95,6072.9,2.77,0.0319,15.05,184.0,11.58,15.146,117.2,0
76.24,1.041,22.06,0.52,3.485,28.89,5935.2,2.91,0.0204,14.71,185.2,11.43,14.89,122.4,0
79.57,0.45,22.09,0.55,3.499,31.48,5811.4,3.99,0.0101,13.87,171.0,10.79,14.621,122.6,1
78.84,0.226,21.62,0.73,3.572,33.46,6086.4,2.52,0.0735,15.95,176.9,12.11,15.017,121.9,1
77.84,0.375,21.88,0.36,3.57,29.26,5897.4,1.84,0.0175,15.56,181.9,11.54,15.238,121.0,0
78.34,1.001,22.02,0.09,3.582,29.95,5893.0,3.25,0.0488,14.71,179.7,11.73,15.147,121.8,0
84.23,0.776,24.0,0.29,3.617,28.34,5973.5,4.52,0.0301,15.24,168.5,15.46,15.364,99.5,0
76.81,1.714,21.77,0.97,3.507,25.66,5771.2,2.82,0.0114,14.93,182.8,12.21,14.453,108.1,0
81.73,0.924,21.99,1.12,3.5,30.72,5825.4,0.71,0.1118,15.58,171.2,12.11,15.153,117.7,0
77.21,1.211,22.97,0.88,3.508,30.81,6000.4,3.66,0.011,15.16,189.6,11.55,14.866,115.7,0
78.37,0.654,21.51,1.75,3.566,28.51,5558.2,2.64,0.0287,14.83,181.6,12.79,15.311,122.1,0
77.97,0.869,21.53,2.34,3.481,28.28,5988.3,2.34,0.0175,15.7,174.0,13.0,14.981,126.0,0
77.02,0.638,22.0,0.72,3.428,32.23,5977.0,3.15,0.0468,15.51,180.6,12.36,14.978,123.4,0
80.41,1.427,22.88,0.08,3.368,30.01,6105.8,1.72,0.0129,14.31,177.2,12.73,14.835,118.5,0
76.58,0.662,21.46,0.2,3.463,31.33,6118.9,2.21,0.0228,15.03,193.7,10.71,15.084,124.9,0
76.71,0.749,21.28,0.68,3.535,29.12,5943.5,3.79,0.0174,15.22,182.6,11.4,14.814,116.1,0
78.84,0.846,22.52,0.15,3.478,29.14,5679.5,3.12,0.0396,15.46,188.1,11.85,15.018,120.8,0
77.32,1.212,22.17,0.04,3.576,30.96,5966.9,2.44,0.0543,15.41,184.7,12.23,15.147,124.2,0
79.18,0.822,21.73,0.95,3.57,30.38,6101.9,1.85,0.1287,15.19,173.5,11.86,14.464,123.8,0
76.65,0.531,21.19,0.47,3.469,28.9,5851.7,3.63,0.0202,14.44,175.0,12.48,14.999,120.1,0
79.46,2.173,22.09,1.73,3.493,30.03,5852.9,2.87,0.0007,15.06,173.4,12.57,14.782,118.3,1
78.99,0.955,22.83,0.16,3.511,26.54,6106.5,1.0,0.0188,15.85,183.4,11.24,15.091,117.7,0
77.17,0.761,21.65,0.01,3.561,30.59,6035.3,2.94,0.0099,15.81,179.1,11.44,15.159,124.3,0
73.87,0.291,22.25,0.17,3.556,27.47,6250.2,2.99,0.0418,15.2,184.9,13.11,15.142,113.8,1
80.47,0.266,22.41,0.02,3.42,30.6,5494.6,2.14,0.0714,15.12,177.2,12.59,14.956,119.1,0
80.06,1.319,23.43,1.05,3.505,30.69,5892.6,1.87,0.0192,15.34,190.9,12.87,15.063,120.1,0
77.13,1.263,22.25,0.06,3.41,27.5,6278.8,2.47,0.071,15.28,175.0,10.66,15.122,122.4,0
75.42,0.712,22.18,0.6,3.484,30.6,6165.1,1.85,0.0367,15.15,178.2,11.56,15.077,123.5,0
75.62,0.854,21.92,0.07,3.491,30.92,5996.1,2.52,0.0259,14.69,180.6,12.11,15.199,115.1,0
76.36,0.515,22.62,0.41,3.432,29.31,5876.3,3.84,0.049,15.41,195.9,12.61,15.328,126.8,1
78.94,1.312,21.22,0.31,3.49,29.09,5859.1,3.34,0.0859,15.41,182.2,12.7,15.058,119.1,0
76.43,0.485,22.45,0.92,3.522,28.69,6086.1,2.62,0.0496,16.41,184.8,11.9,14.947,113.4,0
80.01,1.344,23.08,0.28,3.554,31.26,5875.0,3.33,0.0504,14.14,182.6,12.39,14.841,122.2,1
78.87,0.095,25.79,0.46,3.395,33.28,5512.4,3.71,0.0891,14.28,186.0,14.22,15.275,117.3,0
79.64,1.752,21.88,0.48,3.548,29.94,5953.6,3.26,0.0073,14.91,186.6,10.84,14.948,126.2,0
78.5,0.755,22.47,0.42,3.454,29.22,6044.8,1.91,0.1314,15.96,178.0,10.26,15.054,116.2,0
76.18,0.578,21.57,0.94,3.478,29.66,6365.1,3.21,0.0643,15.91,161.6,12.91,15.133,117.2,0
78.15,0.748,22.34,0.02,3.478,29.83,5894.1,2.49,0.0616,15.2,174.1,12.41,14.824,117.7,0
78.5,1.573,22.49,0.03,3.483,30.38,5672.3,2.48,0.0186,15.2,170.4,11.68,14.913,117.6,0
78.55,1.071,21.37,1.35,3.561,31.15,5852.5,2.91,0.0277,15.58,187.1,12.09,15.298,119.6,0
78.34,1.13,21.57,0.24,3.504,27.25,6044.7,2.7,0.1016,14.66,190.3,11.04,15.323,120.5,1
78.13,0.714,21.9,0.34,3.497,31.5,5988.6,2.02,0.0027,14.92,170.2,11.52,15.116,120.6,0
77.67,0.964,21.92,0.27,3.487,32.88,5801.2,0.83,0.0989,15.12,176.3,11.57,14.553,128.1,1
76.83,1.196,22.7,0.27,3.508,29.88,6003.2,3.55,0.0214,15.37,183.8,12.49,14.839,124.2,0
77.95,0.509,19.71,3.11,3.51,29.3,5701.1,1.93,0.129,16.82,175.7,11.44,14.117,135.7,0
79.04,1.721,23.54,1.24,3.472,31.56,6026.0,3.0,0.0821,14.78,184.6,11.54,14.928,115.2,1
77.83,2.351,21.09,0.31,3.349,28.29,6160.0,3.29,0.0778,14.27,182.3,9.96,14.736,123.1,0
76.02,0.881,23.18,0.06,3.531,32.14,5896.6,2.03,0.0304,14.86,181.4,13.04,14.8,124.7,0
76.38,0.231,23.17,0.44,3.524,30.84,6349.8,2.88,0.0442,15.04,166.2,12.72,15.423,119.4,1
77.77,0.618,22.04,0.28,3.501,31.32,6255.0,2.87,0.0273,15.26,170.5,11.31,14.803,117.4,0
77.77,1.075,21.79,3.47,3.445,29.81,5975.5,1.1,0.0772,14.92,187.6,12.21,14.831,122.4,0
79.08,1.634,22.34,0.1,3.529,28.39,5982.5,1.96,0.0236,13.71,178.3,11.57,14.765,122.8,0
77.04,0.643,22.16,0.64,3.573,28.56,5981.4,2.01,0.0403,15.35,173.2,12.68,14.709,125.1,0
79.75,1.219,19.16,0.94,3.473,28.75,6138.3,1.7,0.0213,14.12,170.5,14.07,14.484,123.5,1
79.82,0.99,22.75,0.94,3.495,29.96,6092.9,2.05,0.0438,14.73,177.3,12.15,14.876,118.2,0
76.83,1.32,22.15,0.74,3.613,30.8,5789.0,0.54,0.0399,16.27,190.3,12.28,15.173,127.0,0
76.3,1.278,22.85,0.58,3.523,29.68,5937.2,3.55,0.0155,15.15,168.6,12.48,14.963,122.6,0
77.66,0.744,20.92,0.07,3.49,27.67,6239.4,2.4,0.0488,13.8,188.0,11.94,14.831,117.3,0
79.01,0.102,21.44,1.03,3.449,30.07,5634.4,0.9,0.0045,14.99,199.5,12.25,15.518,129.2,0
79.22,0.159,21.31,0.01,3.522,32.04,6070.4,1.05,0.0774,14.97,203.3,12.08,14.656,130.3,0
79.09,0.644,22.87,1.2,3.519,28.12,5762.4,2.65,0.0439,14.65,172.9,13.03,14.711,123.4,0
76.74,0.674,21.89,0.62,3.531,27.08,5706.5,4.56,0.0023,15.12,191.9,11.89,15.157,115.3,0
76.46,0.901,21.49,0.01,3.459,30.74,6013.1,3.4,0.0272,14.91,178.9,12.28,15.07,113.9,0
78.22,0.735,22.0,1.06,3.495,28.52,6013.6,2.05,0.0525,14.45,189.9,11.65,15.198,124.2,0
77.98,1.675,21.54,0.48,3.547,30.85,6211.7,2.84,0.0228,14.65,173.5,11.7,15.15,117.7,0
79.49,1.214,22.29,0.18,3.571,30.2,5870.6,2.44,0.0263,15.36,188.8,12.93,14.964,123.3,1
79.42,1.399,22.64,0.66,3.514,30.32,5891.1,2.79,0.057,14.61,187.2,10.97,14.85,117.4,0
76.31,1.857,21.79,0.37,3.564,32.09,6191.0,1.94,0.0756,15.22,177.5,11.16,15.019,123.2,0
77.34,0.804,21.1,0.68,3.535,29.06,6178.0,2.68,0.0282,15.38,186.1,12.96,14.921,118.8,1
76.82,0.515,21.0,0.38,3.461,30.84,5841.1,1.7,0.045,14.93,172.0,13.07,14.693,116.2,0
77.68,0.89,21.73,1.59,3.446,29.18,5816.2,1.86,0.0918,14.67,190.3,13.76,15.103,120.9,0
79.29,0.876,21.71,1.04,3.588,27.75,5997.5,2.48,0.0183,15.24,170.9,11.84,14.86,118.5,0
76.28,0.51,24.06,0.41,3.556,29.82,6024.6,2.58,0.0616,14.95,186.2,12.55,14.765,124.9,1
76.84,1.585,20.96,0.13,3.487,28.7,5930.6,3.31,0.0419,15.39,175.3,11.34,15.076,123.6,0
81.42,0.897,21.72,0.03,3.564,30.19,5839.8,2.57,0.0168,14.99,175.5,11.52,14.695,121.7,0
79.45,0.537,21.76,0.21,3.524,31.68,5713.2,1.68,0.0044,15.53,171.7,12.45,14.626,128.0,0
78.95,0.914,21.67,0.58,3.621,29.62,6032.1,1.57,0.0786,15.42,187.1,12.38,14.975,110.6,1
76.85,1.402,22.21,0.75,3.445,30.32,5722.5,2.79,0.1037,15.56,182.0,11.45,15.461,122.0,0
77.79,0.699,22.08,0.03,3.591,29.83,5890.3,1.92,0.0517,15.29,184.2,11.51,15.123,122.6,0
78.54,0.784,21.79,0.28,3.512,29.02,5940.9,1.51,0.0273,14.15,178.2,12.24,15.289,127.3,0
77.92,1.033,22.64,0.41,3.516,31.9,5879.0,3.45,0.0007,14.8,183.5,12.53,14.905,125.5,0
79.78,0.694,22.07,1.3,3.626,30.28,5703.7,3.03,0.0814,14.8,200.9,12.47,14.596,110.8,0
76.61,0.968,22.45,0.86,3.412,32.16,5997.7,0.35,0.0369,14.77,170.8,13.29,15.16,126.6,0
78.05,1.389,22.45,0.12,3.494,30.87,6073.5,2.56,0.0611,14.75,189.9,10.57,14.794,115.3,0
79.89,1.618,21.33,2.39,3.572,28.34,5994.8,3.83,0.0778,14.67,187.4,11.67,14.484,125.0,0
78.47,1.078,21.32,0.2,3.608,31.29,5982.6,3.5,0.1071,15.06,176.1,11.72,14.883,120.1,0
75.05,0.943,21.61,0.05,3.461,29.44,5572.5,3.31,0.0482,15.65,193.4,11.48,14.959,127.7,0
77.57,0.326,22.06,1.41,3.521,26.74,5981.3,2.47,0.1117,14.67,165.8,12.14,15.246,117.9,0
74.7,1.613,22.59,2.25,3.557,30.95,6033.0,0.81,0.0074,15.15,175.0,12.38,14.812,109.7,0
78.87,0.98,21.67,0.09,3.49,28.41,5945.7,2.52,0.0334,14.91,167.0,11.76,14.431,123.6,1
77.59,1.636,22.88,0.57,3.431,30.56,6071.3,2.12,0.095,14.48,184.5,12.09,14.863,116.1,0
77.26,1.074,22.21,0.2,3.515,28.44,6117.5,3.65,0.0096,14.79,164.6,12.02,15.073,127.6,0
77.8,0.509,23.46,0.34,3.549,31.73,6068.2,1.19,0.0302,14.8,182.8,12.23,14.761,122.7,0
77.82,1.727,22.79,0.47,3.501,29.76,5980.4,2.51,0.0086,15.18,170.2,10.82,14.673,123.7,0
79.88,0.536,21.9,1.35,3.49,29.76,6085.5,3.47,0.0608,14.8,181.5,11.38,15.15,120.1,1
78.69,1.037,21.2,0.11,3.508,28.12,5982.5,3.06,0.0189,14.37,188.4,11.86,15.129,125.0,1
79.55,0.548,23.16,0.78,3.578,30.66,6102.8,2.22,0.0126,14.44,193.7,13.05,14.947,114.3,0
76.79,1.081,21.34,0.06,3.492,26.95,5905.1,3.0,0.0572,15.11,183.8,11.73,15.225,117.9,0
75.93,1.33,21.92,0.08,3.494,29.51,6238.2,3.97,0.0294,15.08,169.9,13.29,14.686,115.3,0
80.79,1.104,21.8,0.78,3.368,30.27,5760.3,1.67,0.0118,15.64,179.5,11.55,14.889,124.1,0
79.36,2.205,22.06,0.02,3.428,30.41,6194.3,2.72,0.0763,15.1,183.6,11.36,15.015,124.8,1
77.78,0.817,22.93,0.05,3.462,30.15,5904.1,0.81,0.0002,14.9,167.1,12.32,15.144,117.2,0
78.54,1.139,21.75,1.48,3.493,30.38,5849.0,2.9,0.067,14.76,184.8,10.56,15.461,125.0,0
77.39,1.148,21.81,0.18,3.472,29.22,6086.8,3.41,0.0574,15.26,185.5,13.62,15.006,121.7,0
73.95,1.457,24.66,0.38,3.448,32.09,5858.1,0.89,0.0939,15.39,156.4,12.18,15.562,130.6,0
80.03,1.374,20.27,0.93,3.517,29.8,6162.5,1.8,0.0942,15.52,174.7,13.84,15.141,122.2,0
76.91,0.753,21.62,1.53,3.478,29.83,5901.4,3.26,0.0217,14.72,193.9,12.5,15.051,129.0,0
79.92,0.672,22.95,0.72,3.531,28.55,5964.7,3.03,0.008,14.68,179.3,12.91,15.402,118.5,1
78.26,1.725,21.44,0.2,3.597,29.5,5899.0,1.07,0.0217,15.31,187.6,12.17,15.127,122.5,0
78.24,0.771,22.51,0.34,3.519,30.92,6142.6,2.08,0.0238,15.0,173.7,12.15,15.313,120.2,0
76.37,0.703,23.74,2.2,3.475,29.62,5625.3,1.63,0.0714,15.27,177.8,10.4,15.182,124.3,0
76.79,1.124,22.12,0.48,3.473,29.53,6123.1,2.22,0.0545,15.08,169.1,12.33,15.203,122.4,0
75.35,1.477,21.54,0.11,3.535,28.62,5871.3,3.21,0.0985,16.33,183.2,11.73,14.959,114.4,0
80.68,1.524,21.85,1.29,3.543,31.56,6111.4,2.86,0.1008,15.16,183.3,11.98,15.372,118.1,1
77.33,0.375,21.66,0.61,3.518,30.62,5851.5,3.23,0.0764,15.21,183.2,11.53,14.802,118.5,1
81.68,1.281,21.28,0.58,3.54,29.04,5718.4,2.58,0.0008,15.25,175.3,14.34,15.335,122.9,0
76.7,0.362,22.15,0.05,3.445,29.87,6052.8,2.09,0.0343,15.13,182.9,11.77,15.078,122.5,0
79.63,0.923,21.46,0.78,3.505,28.42,6433.1,4.06,0.1629,14.54,190.3,10.32,14.82,130.5,0
76.43,1.704,22.09,0.32,3.447,30.15,6086.3,2.21,0.0233,15.34,188.2,13.73,14.625,113.7,0
77.07,1.488,22.64,0.05,3.555,26.41,5813.0,2.63,0.0697,15.82,190.6,11.25,15.02,115.4,0
77.1,1.159,21.7,0.13,3.517,30.52,6233.8,3.17,0.0039,14.82,182.1,10.85,15.096,120.5,0
78.25,0.997,22.25,0.53,3.502,27.64,6100.3,2.21,0.0234,14.83,178.0,12.24,15.274,112.3,0
79.32,0.956,21.51,0.39,3.547,31.01,6114.9,2.55,0.0129,15.33,187.8,11.53,15.089,119.7,0
76.63,0.548,21.57,1.74,3.52,31.26,5906.0,2.97,0.0034,15.24,184.4,11.96,15.093,121.5,0
77.85,0.884,22.33,0.18,3.465,29.24,6199.8,2.34,0.0389,14.86,183.5,11.62,15.389,123.5,0
81.96,0.812,22.01,0.23,3.491,29.58,6094.2,3.13,0.0156,14.9,197.2,11.25,15.45,123.8,0
77.96,1.378,21.08,0.15,3.487,28.27,5957.4,4.06,0.028,14.64,169.5,12.14,14.809,122.5,0
78.63,0.378,22.02,0.07,3.512,30.26,6227.1,3.05,0.0428,14.92,178.1,11.66,14.935,118.8,0
75.53,1.205,22.99,0.34,3.497,31.28,6140.2,1.59,0.0113,14.97,163.5,12.66,14.864,122.4,0
78.31,1.217,21.61,0.49,3.479,30.03,5962.9,1.6,0.0464,15.38,174.3,11.23,14.816,118.3,0
79.19,1.733,21.8,0.27,3.547,29.8,6060.4,2.56,0.0259,14.57,179.9,11.81,15.172,117.3,1
79.13,0.794,21.5,0.61,3.405,28.13,6151.6,2.85,0.0054,15.09,175.4,12.77,15.197,115.6,0
76.08,1.493,21.93,0.28,3.417,28.78,6231.2,3.4,0.0309,15.52,180.8,11.31,14.837,117.2,0
76.21,1.277,21.35,0.14,3.633,31.22,5909.0,2.84,0.0008,14.82,181.8,11.77,14.964,121.2,0
80.34,0.778,21.53,0.78,3.449,30.69,6053.0,3.37,0.0351,14.65,180.4,11.57,15.315,120.7,0
81.3,0.976,21.26,1.29,3.44,29.63,6021.2,1.56,0.0568,14.75,172.7,11.91,15.068,121.8,0
78.55,1.094,21.75,0.14,3.416,31.55,5906.8,1.85,0.0436,14.68,184.6,12.34,15.012,128.7,0
78.96,1.324,22.12,0.1,3.495,33.05,5928.4,1.91,0.0874,13.84,178.0,12.02,15.068,118.4,0
76.89,0.407,23.03,0.07,3.593,28.96,6071.8,2.97,0.014,13.57,159.8,11.76,15.613,116.1,1
79.14,1.232,21.06,0.83,3.405,32.37,6025.9,4.06,0.0285,15.36,193.8,11.77,14.988,128.7,0
77.65,0.426,22.45,1.46,3.573,27.93,5834.5,3.53,0.0038,14.92,190.0,11.82,15.154,115.4,0
76.99,0.619,21.8,1.61,3.444,31.95,6254.1,3.81,0.0291,14.64,186.9,11.62,15.16,119.6,1
78.98,1.817,20.99,0.52,3.559,28.33,5961.0,2.64,0.0592,14.34,188.8,11.71,14.649,124.2,0
74.84,0.764,20.94,0.33,3.408,27.95,5980.3,1.13,0.0201,15.03,170.3,10.97,15.039,117.1,0
78.56,1.323,22.74,1.89,3.54,27.82,6160.1,1.28,0.0114,14.59,166.1,12.16,14.977,126.5,0
79.35,1.39,23.28,1.43,3.524,29.35,6369.4,1.83,0.0388,14.49,198.1,10.97,15.103,125.9,1
78.53,1.426,22.4,1.75,3.562,31.69,5593.9,3.43,0.0752,15.23,190.7,12.84,15.172,128.5,0
78.03,1.431,21.18,3.09,3.484,32.27,5828.0,3.02,0.0259,15.34,179.1,13.07,15.186,117.6,0
78.05,0.696,22.92,0.55,3.484,27.96,5988.8,1.82,0.0128,15.09,177.2,12.42,15.569,112.8,0
75.21,1.711,22.31,1.25,3.469,32.75,5343.4,6.19,0.1188,14.53,178.7,13.72,15.81,112.6,1
77.84,1.115,22.16,0.08,3.568,27.89,5994.0,0.15,0.0216,16.03,168.4,11.15,14.983,123.9,0
77.93,1.455,22.96,0.43,3.504,29.62,6064.5,2.96,0.0303,15.07,178.0,11.38,15.412,119.8,1
76.33,0.036,22.06,1.12,3.516,30.47,6079.8,2.04,0.0292,15.52,177.4,13.56,14.745,117.0,0
77.28,1.818,22.64,0.7,3.509,29.76,5872.0,1.02,0.0568,15.45,197.2,11.53,15.057,121.6,0
79.35,0.943,21.94,2.67,3.414,26.13,5825.4,4.33,0.0156,13.42,173.1,11.72,15.39,122.4,1
79.27,0.703,22.41,0.08,3.578,29.48,6248.5,3.33,0.0362,15.59,177.5,12.98,14.948,118.5,0
76.88,0.903,21.66,0.54,3.527,28.56,5641.0,2.63,0.0587,15.09,168.0,12.54,15.107,114.8,0
78.29,0.706,22.1,0.51,3.528,31.23,5867.1,1.75,0.0115,15.44,187.0,11.6,15.059,121.6,0
77.81,1.203,22.09,0.03,3.544,31.05,6243.6,3.38,0.037,14.83,179.9,12.33,14.882,120.0,0
79.24,1.804,22.7,0.17,3.457,29.22,5885.8,1.39,0.0112,16.18,183.5,11.68,15.134,126.0,0
79.37,1.297,22.02,0.13,3.409,30.39,6394.7,0.22,0.0553,14.59,159.3,10.36,14.742,126.0,0
78.72,1.238,22.03,0.01,3.595,29.46,6067.4,3.87,0.0309,14.58,169.3,11.07,15.068,123.4,0
78.11,1.396,22.84,1.55,3.414,30.47,5904.5,2.2,0.0759,14.65,180.9,12.03,14.786,115.5,0
76.04,0.62,21.8,0.36,3.435,30.17,5789.6,1.55,0.0229,14.49,177.7,11.13,14.832,121.7,1
79.54,1.149,22.11,0.51,3.494,29.47,5947.3,3.65,0.0367,15.55,186.6,14.93,14.705,129.1,0
78.81,0.73,20.36,0.84,3.466,28.08,6085.0,0.97,0.0346,14.49,177.4,13.08,14.948,118.2,0
78.79,1.363,21.98,0.1,3.508,30.07,6110.2,1.95,0.0435,15.67,181.5,11.9,15.188,121.5,0
79.08,0.762,22.56,0.02,3.527,29.22,6157.6,3.68,0.0699,14.93,174.9,10.44,14.783,121.7,0
79.04,1.2,20.53,0.72,3.519,30.15,5786.5,1.29,0.0204,14.87,178.0,12.64,14.7,119.8,1
78.7,1.311,21.35,0.3,3.504,28.89,6061.9,1.65,0.021,14.99,169.8,12.9,14.788,124.9,0
78.53,1.172,21.24,0.31,3.402,30.78,6051.2,1.55,0.0287,15.05,196.5,12.09,15.092,119.3,0
78.66,1.061,20.41,0.93,3.52,29.57,5709.9,0.82,0.0467,14.26,176.4,13.05,14.826,112.7,0
77.9,0.892,22.85,1.3,3.484,28.53,6061.9,3.64,0.0164,14.33,174.4,10.6,15.043,115.9,0
78.26,0.892,20.97,0.06,3.535,29.95,6168.1,3.09,0.0707,14.9,180.9,12.13,15.074,115.2,0
73.56,1.137,22.17,0.27,3.467,28.98,6263.9,2.94,0.0302,15.3,179.2,11.17,15.411,119.1,0
76.94,0.461,21.83,0.18,3.485,32.1,5949.8,1.31,0.011,14.52,180.1,12.55,14.702,116.7,0
75.22,1.159,22.13,1.25,3.445,30.25,5841.1,3.41,0.0523,14.68,174.5,12.37,14.76,120.0,0
78.63,1.295,21.11,0.22,3.485,28.19,5750.8,2.02,0.0602,15.55,146.2,12.49,15.479,116.6,0
78.42,0.869,21.9,0.09,3.392,33.38,5927.9,3.61,0.0072,14.73,177.6,11.87,15.377,114.3,1
78.06,0.398,23.27,0.31,3.441,29.12,6271.5,1.45,0.0808,15.13,168.0,11.2,14.744,119.9,0
77.12,1.201,21.07,0.25,3.505,31.32,5596.2,1.93,0.0556,14.54,170.6,10.94,14.931,115.1,0
77.71,0.689,21.82,0.55,3.485,29.77,5887.8,2.22,0.1076,15.16,195.3,13.23,15.019,120.8,0
74.88,0.12,22.48,0.54,3.487,30.27,6027.2,2.33,0.0494,15.21,185.0,11.48,14.995,122.2,1
78.81,1.325,22.31,0.25,3.53,31.63,5982.0,2.69,0.0417,15.16,176.5,12.63,14.912,123.4,0
80.15,0.552,21.6,0.66,3.483,30.44,6174.6,2.87,0.0431,15.28,175.2,12.27,15.121,118.0,0
79.82,1.089,21.4,0.27,3.559,31.03,6135.6,4.9,0.0972,15.99,182.1,11.13,14.58,124.2,0
78.74,0.61,24.32,0.0,3.563,29.17,5650.0,1.18,0.0406,15.38,170.6,11.12,14.918,119.9,0
79.43,1.196,22.29,0.45,3.49,31.57,5637.8,0.89,0.0315,15.69,176.3,12.49,15.004,115.2,0
80.37,0.877,21.87,1.3,3.497,29.87,5322.3,3.04,0.0409,14.23,198.3,10.79,15.037,110.8,0
78.16,1.343,21.09,0.56,3.449,32.04,6076.9,1.72,0.0352,15.71,179.7,11.91,14.522,122.2,0
78.13,1.355,21.71,0.04,3.472,29.29,5976.4,1.89,0.0407,15.02,176.9,13.37,14.965,117.5,0
80.14,0.383,21.57,0.55,3.46,28.1,5883.8,1.13,0.028,15.12,187.3,12.27,14.829,118.4,0
79.88,1.684,21.95,0.36,3.499,31.71,5622.5,3.1,0.0675,14.17,197.5,12.51,14.404,125.2,0
78.32,1.063,20.32,0.16,3.49,31.66,5980.5,2.53,0.0076,15.21,178.1,11.92,14.947,107.0,0
78.86,0.749,22.94,0.05,3.413,30.33,5788.9,1.76,0.0184,15.31,184.8,12.33,14.961,121.2,0
77.28,0.503,21.3,0.39,3.485,29.76,6036.3,2.58,0.03,15.72,183.4,12.12,15.17,118.2,0
78.73,0.689,21.82,0.19,3.555,31.13,6021.5,3.58,0.0031,14.95,170.7,12.71,15.182,116.7,0
75.69,0.779,22.62,0.1,3.478,29.55,6043.2,1.59,0.0914,14.55,179.5,13.12,14.945,113.3,0
78.41,0.001,22.64,0.62,3.467,32.48,6014.5,2.02,0.0142,15.37,179.4,12.06,14.751,117.1,1
75.88,0.758,22.19,0.09,3.561,28.81,5874.2,3.54,0.04,13.89,174.7,11.67,14.577,115.6,0
79.25,1.032,21.81,0.12,3.531,30.02,6028.7,3.73,0.005,15.72,186.7,11.82,14.992,117.4,0
78.71,1.385,22.11,0.35,3.536,32.97,6008.7,2.03,0.0517,15.1,193.2,14.2,14.937,113.8,0
78.31,1.07,21.93,0.45,3.449,31.46,6269.7,3.7,0.0101,15.28,183.8,11.18,15.461,116.5,0
77.46,1.992,23.9,1.4,3.525,31.94,5746.7,3.86,0.0526,14.92,196.5,12.42,15.148,127.1,0
78.7,1.545,21.16,1.38,3.521,29.46,6147.5,2.94,0.0076,14.87,168.3,11.95,14.868,116.7,0
79.32,0.725,20.87,0.39,3.494,31.53,6221.6,1.86,0.0348,15.08,185.2,13.45,14.845,122.3,0
77.52,0.784,21.89,0.04,3.463,30.4,5846.6,2.02,0.0323,14.69,172.6,12.13,15.056,117.0,0
80.02,0.876,22.23,0.94,3.433,29.84,6090.2,0.4,0.0148,15.1,185.3,12.11,15.062,123.5,0
76.9,0.514,19.45,3.59,3.501,27.53,6021.0,2.43,0.0285,15.89,181.8,11.25,14.754,123.2,0
77.76,1.35,22.72,0.18,3.5,28.0,5614.7,2.3,0.0045,14.06,162.3,12.38,14.934,123.1,0
79.47,0.582,21.76,0.43,3.577,32.4,6315.6,2.6,0.0213,14.64,169.2,12.51,14.703,124.0,0
78.31,1.204,21.84,1.22,3.473,31.48,5836.3,1.84,0.0751,14.17,182.0,12.57,14.886,119.5,1
79.16,1.238,22.24,0.59,3.591,30.56,5853.4,2.56,0.1418,15.66,178.4,12.65,14.944,118.3,1
80.2,0.792,22.2,0.05,3.453,29.67,6356.5,3.38,0.0147,14.83,182.2,12.64,14.946,116.0,0
76.31,0.708,20.99,0.01,3.521,30.78,5498.8,4.46,0.1979,14.68,192.9,10.95,14.404,114.0,1
79.25,0.801,20.79,1.26,3.523,28.28,6004.3,6.75,0.0115,13.91,189.4,11.5,14.595,116.4,0
77.22,0.744,21.6,1.17,3.477,27.98,6039.7,3.52,0.0564,14.97,183.1,11.99,15.269,124.1,0
79.71,0.818,22.07,0.62,3.5,28.59,5991.0,0.61,0.0056,15.04,194.1,13.06,14.832,126.2,0
77.65,1.275,21.87,1.02,3.517,29.19,6090.1,2.55,0.0178,15.63,177.1,12.2,15.03,113.1,0
78.37,0.849,21.56,0.62,3.545,27.76,5820.6,1.33,0.0378,14.71,179.0,12.22,15.369,120.2,0
79.31,1.734,22.71,4.9,3.472,31.4,5892.2,1.47,0.1102,13.99,184.3,11.34,15.194,126.6,1
77.62,1.172,22.94,1.64,3.526,30.74,5925.5,3.0,0.0369,15.26,172.3,12.55,15.392,123.4,0
78.38,0.811,22.84,1.88,3.544,30.97,6320.4,2.4,0.0526,15.98,162.4,10.91,14.902,114.5,0
79.95,1.342,21.54,1.14,3.453,30.16,5797.3,1.62,0.0555,15.51,181.3,13.04,15.171,119.8,0
81.88,1.054,20.24,0.07,3.45,31.51,6124.4,3.43,0.1865,15.45,150.8,10.23,14.977,113.4,1
76.28,1.679,21.86,0.18,3.591,30.41,5935.2,3.12,0.1003,14.75,176.8,11.54,14.869,113.9,0
79.49,2.029,22.06,0.04,3.526,32.03,6081.5,3.04,0.0573,15.37,190.1,10.45,15.008,121.8,0
76.92,1.165,22.5,0.18,3.434,30.66,5956.3,4.19,0.1148,15.63,175.8,12.26,14.757,121.8,0
75.92,1.42,22.08,0.87,3.505,27.08,5922.9,2.22,0.0049,14.67,171.9,12.16,14.812,123.6,1
78.17,1.031,22.12,0.4,3.491,28.22,6410.6,1.4,0.0491,14.91,167.1,12.07,14.797,117.6,1
80.33,1.333,23.37,0.35,3.624,27.74,5606.9,2.37,0.0528,13.7,158.9,9.48,14.973,114.1,1
76.2,0.746,20.89,0.19,3.421,30.68,5992.5,3.98,0.0999,14.69,196.3,12.11,14.663,111.6,0
77.12,1.164,22.61,0.76,3.499,31.06,6224.6,2.25,0.0265,15.24,167.3,12.67,14.989,118.4,0
78.69,0.991,20.27,0.28,3.447,34.13,6004.3,2.45,0.0699,15.33,167.4,11.83,14.985,117.3,0
78.84,1.485,21.76,0.85,3.506,30.45,6121.2,3.94,0.0059,16.01,170.4,12.53,14.7,114.2,1
78.87,0.624,22.86,0.38,3.489,29.37,6300.2,3.15,0.0683,15.03,184.1,11.97,14.972,119.9,0
72.96,0.351,22.17,0.51,3.395,33.32,6501.3,2.49,0.1,14.61,176.9,12.26,14.819,124.5,1
75.66,1.214,21.73,0.53,3.528,29.09,5889.3,0.71,0.0482,15.52,174.5,11.27,14.873,121.5,0
77.62,0.855,22.26,1.54,3.463,32.14,5780.0,1.57,0.0232,14.8,153.0,13.13,15.89,112.0,0
76.09,1.144,22.6,0.71,3.364,28.02,5850.0,2.48,0.0188,14.38,172.1,10.72,15.147,117.1,0
77.04,1.202,23.23,0.61,3.546,30.86,5976.1,1.92,0.0983,14.53,180.6,11.47,14.988,125.0,0
79.2,0.971,21.72,0.52,3.569,27.86,6022.3,1.35,0.0257,14.67,177.5,10.97,14.797,123.6,0
76.58,1.228,22.3,0.08,3.49,24.99,5995.5,1.79,0.0939,16.03,195.6,11.6,15.114,120.0,0
77.86,0.577,22.72,0.7,3.443,29.79,6027.8,3.34,0.0458,14.89,190.9,13.2,15.117,116.3,0
79.49,1.208,21.06,0.4,3.453,33.6,6383.8,4.51,0.013,14.54,184.1,11.35,14.947,116.6,0
77.16,0.909,20.75,0.59,3.587,30.9,6085.9,3.46,0.103,15.83,171.6,10.87,15.26,119.7,0
77.88,0.62,22.46,0.13,3.491,29.25,6092.9,1.87,0.0455,15.49,168.9,11.47,15.166,115.5,0
79.46,0.941,22.34,0.1,3.499,27.97,6250.5,2.58,0.0557,14.71,184.1,11.97,15.188,118.8,0
79.84,1.056,22.18,1.57,3.468,28.7,6206.9,2.29,0.0087,15.06,180.5,12.69,14.83,111.9,0
75.4,0.509,20.86,1.18,3.476,28.98,5893.2,1.68,0.0158,15.15,166.5,12.08,14.95,119.9,0
80.43,1.086,21.55,0.36,3.467,28.75,5923.3,2.3,0.1,15.42,181.6,11.54,15.017,119.2,0
76.55,0.405,21.89,0.6,3.506,29.32,6008.3,0.15,0.0228,14.83,176.0,11.75,14.656,117.6,1
78.8,0.153,21.47,0.02,3.555,29.79,5855.4,3.39,0.1002,15.53,187.0,12.0,15.241,118.4,0
78.75,0.77,21.04,2.77,3.458,31.67,6023.9,2.99,0.0175,14.63,183.1,12.65,15.314,109.3,0
78.61,0.858,21.79,0.16,3.42,32.2,5936.6,2.75,0.0014,15.53,176.3,11.12,15.331,123.1,0
79.24,0.533,20.94,0.46,3.477,30.38,6183.0,2.45,0.0615,15.1,183.7,12.17,15.2,123.2,1
79.06,0.848,23.55,0.15,3.55,30.09,6185.7,2.3,0.0932,15.72,186.6,13.12,14.85,127.9,0
75.03,0.327,21.66,1.33,3.56,33.31,5862.3,3.11,0.0074,13.64,168.0,11.79,15.156,115.8,1
77.92,1.354,22.54,0.78,3.579,30.81,6300.1,2.24,0.0004,15.71,178.5,11.52,15.415,119.3,0
79.94,1.832,20.85,0.27,3.594,26.5,5833.2,3.09,0.0212,15.13,176.7,9.79,15.049,121.6,0
78.17,1.623,21.77,0.52,3.492,27.92,5198.3,2.1,0.072,14.39,167.8,12.71,15.385,115.3,0
76.92,0.918,20.24,0.91,3.543,28.79,5809.5,1.67,0.0702,14.84,187.5,11.41,15.013,121.6,0
77.62,0.709,22.42,0.05,3.527,29.51,5742.0,2.15,0.0259,15.24,178.6,12.42,14.982,115.3,0
77.3,1.049,21.86,0.25,3.466,29.06,5872.1,3.37,0.0177,15.33,194.7,12.04,15.066,123.0,1
78.76,1.121,22.26,0.28,3.534,31.51,6023.3,3.32,0.0133,15.42,185.5,13.03,15.155,122.5,0
79.33,0.332,23.22,0.13,3.506,30.42,5745.5,3.56,0.025,14.82,183.3,12.85,14.906,116.9,0
75.97,0.654,23.02,1.02,3.398,29.96,6092.2,1.76,0.0165,15.14,184.5,12.05,14.655,120.0,1
81.96,0.952,21.08,0.23,3.403,30.26,6001.8,3.16,0.0435,14.97,182.1,10.28,15.195,119.9,0
75.31,0.817,21.14,0.11,3.568,29.9,5908.1,1.95,0.0096,15.11,200.6,11.89,14.715,122.8,1
78.74,0.745,21.57,0.24,3.438,30.25,5896.1,1.8,0.0051,15.42,174.3,12.66,14.969,121.3,1
77.0,0.037,22.28,0.06,3.547,33.23,5899.3,3.12,0.0066,15.05,164.1,11.54,14.826,126.0,0
77.72,0.782,21.55,0.3,3.522,29.44,5995.2,1.95,0.102,14.38,176.5,11.57,14.844,109.7,1
80.16,1.36,21.96,0.78,3.534,30.29,5854.1,2.24,0.0753,14.27,201.3,10.79,15.208,116.9,0
78.77,1.645,21.55,0.02,3.425,28.38,6047.3,2.77,0.0976,14.57,174.0,10.61,14.672,124.8,0
80.66,0.199,23.07,0.38,3.495,31.17,6086.9,3.23,0.0417,13.8,183.0,11.01,14.911,113.6,0
76.16,1.073,22.2,0.15,3.528,30.21,6320.2,0.97,0.0113,15.88,175.8,11.56,15.124,115.1,1
77.07,1.716,22.62,0.48,3.491,28.4,5865.7,1.9,0.091,15.34,182.9,11.5,15.145,119.4,0
77.72,1.036,21.72,0.55,3.457,31.18,6145.7,1.67,0.07,14.77,181.0,12.47,14.715,116.9,0
80.25,0.315,23.11,0.05,3.512,30.82,6073.7,2.04,0.0756,15.05,179.0,11.88,15.069,122.2,0
78.22,1.03,23.5,1.72,3.545,30.99,5954.7,0.86,0.0355,14.73,194.9,12.17,15.025,114.3,1
78.37,0.948,21.92,1.62,3.521,29.83,5986.7,1.69,0.008,14.71,170.0,12.11,14.887,120.8,0
78.63,0.857,21.78,0.7,3.527,30.61,5715.3,2.39,0.0554,15.69,187.3,12.1,15.158,124.1,0
82.13,1.216,21.34,0.25,3.536,30.89,6339.4,1.98,0.0375,14.67,214.9,10.44,15.486,112.7,1
76.52,1.486,23.01,0.23,3.521,28.59,6370.3,4.01,0.0683,13.9,185.7,10.77,15.015,120.1,0
76.88,0.368,22.78,0.88,3.481,30.08,5571.2,1.28,0.004,15.22,185.7,11.98,14.849,122.6,0
79.58,0.48,23.35,0.72,3.502,31.8,5732.5,2.53,0.105,14.78,170.0,12.76,14.699,123.1,0
76.96,2.576,22.04,0.01,3.384,28.66,6057.0,2.34,0.0561,15.78,190.7,10.98,14.966,122.3,0
77.24,1.104,21.71,0.12,3.599,29.28,5959.6,2.71,0.0612,14.86,175.0,10.63,15.499,124.8,0
78.45,1.571,22.45,0.93,3.519,30.76,5987.5,0.85,0.0133,14.6,173.3,12.36,15.068,113.4,0
77.76,1.004,21.17,0.01,3.535,28.16,6158.7,1.66,0.0503,14.08,167.1,11.99,14.891,121.1,0
77.9,1.147,22.91,0.12,3.53,32.03,5700.1,1.87,0.0204,14.54,175.7,12.89,15.056,117.9,0
78.63,1.564,22.45,0.95,3.538,30.2,5937.5,2.41,0.0647,14.55,176.2,12.83,14.965,119.2,0
76.56,1.072,21.58,0.47,3.512,29.87,5821.4,3.7,0.0497,15.37,180.3,9.73,15.651,117.9,1
77.33,1.097,21.61,0.47,3.453,31.3,6089.4,1.86,0.0311,15.44,182.8,11.79,14.911,111.4,0
77.16,1.558,21.81,0.68,3.436,27.32,5830.0,3.9,0.0239,15.38,185.5,11.4,15.285,115.4,0
77.62,1.404,22.86,0.38,3.509,29.22,6161.9,1.59,0.0854,14.83,183.3,12.17,14.796,129.4,0
78.49,1.369,23.16,0.17,3.462,30.19,6193.4,1.49,0.0163,15.2,177.7,11.91,15.144,116.6,0
79.34,1.894,20.02,0.37,3.468,27.9,5960.1,5.13,0.037,14.18,168.5,10.75,15.018,130.5,1
79.32,0.756,22.27,0.49,3.467,30.24,5592.3,2.97,0.0702,14.49,198.9,12.97,15.686,112.4,0
79.17,1.585,21.98,0.69,3.46,30.18,6107.3,2.64,0.0711,15.14,179.0,12.17,14.82,117.4,0
78.79,2.035,22.55,1.91,3.482,28.81,5943.7,2.16,0.0504,15.23,175.5,13.23,15.207,115.8,0
77.46,1.348,21.63,0.7,3.522,31.11,5826.4,3.02,0.0103,14.74,177.5,11.38,14.927,116.2,1
77.65,0.658,21.09,0.22,3.618,29.7,5986.2,0.86,0.0116,15.26,175.2,12.11,15.073,118.4,0
77.98,0.126,22.42,0.07,3.378,31.2,6104.6,2.89,0.0502,14.93,175.1,11.87,14.855,122.7,0
77.82,1.055,21.81,2.24,3.344,29.94,5868.2,0.37,0.0767,15.22,169.8,13.17,14.412,118.3,1
78.42,0.466,21.46,0.28,3.544,28.05,5854.1,2.82,0.0854,14.19,198.4,10.01,15.037,118.0,0
79.01,1.014,20.13,0.07,3.433,30.74,6165.2,2.68,0.0339,15.18,171.1,12.22,15.092,125.0,1
77.03,1.408,20.71,0.98,3.559,30.08,6030.5,3.48,0.0348,14.67,190.0,10.62,14.824,122.0,0
78.07,0.425,22.87,0.8,3.468,29.29,6505.2,1.79,0.0061,16.19,183.9,12.89,15.17,113.9,0
74.29,1.595,23.72,0.51,3.475,30.31,6083.6,1.16,0.0707,14.23,188.1,10.95,14.978,126.6,0
78.75,0.609,21.38,0.01,3.475,27.25,6137.0,2.89,0.0011,14.78,170.0,12.26,14.911,122.1,0
77.74,1.174,20.64,0.88,3.477,28.93,6254.8,1.91,0.0447,14.47,188.1,12.53,14.907,118.8,0
79.15,0.267,23.31,0.35,3.487,30.02,6506.1,3.84,0.0806,15.42,173.6,12.55,15.409,114.8,1
79.55,0.912,21.9,1.75,3.551,29.94,5842.0,1.77,0.0398,15.61,184.6,11.81,15.042,120.2,0
77.5,1.084,22.6,0.12,3.485,26.77,5978.2,3.55,0.0407,14.88,173.6,11.82,14.993,115.3,0
78.81,0.625,20.65,0.17,3.452,31.15,6015.6,1.7,0.0316,13.89,163.2,12.11,14.691,123.1,0
76.94,0.529,21.68,0.61,3.53,30.38,6233.8,2.77,0.038,14.77,186.2,10.98,15.218,119.1,1
80.52,0.871,22.24,0.65,3.436,31.99,6125.1,3.15,0.0472,15.03,163.9,12.31,15.246,116.5,0
77.88,0.878,23.03,1.23,3.513,29.54,6156.2,1.83,0.0017,14.55,177.5,12.46,15.088,115.0,0
78.58,0.794,22.59,0.41,3.486,31.9,6311.7,0.39,0.0314,14.81,184.4,11.42,15.361,114.6,1
78.26,1.236,20.97,0.16,3.501,28.62,5861.6,2.23,0.0346,14.71,177.1,11.29,15.31,111.5,0
77.76,1.068,22.03,0.06,3.467,32.02,5896.5,2.74,0.0383,15.99,167.4,13.17,15.515,119.3,0
77.33,1.177,21.91,0.21,3.434,28.31,5986.5,3.07,0.0341,15.4,191.6,13.01,15.008,111.3,0
78.26,0.339,21.83,0.62,3.545,29.8,5983.6,1.77,0.0037,15.43,189.9,12.49,15.235,115.3,0
79.51,1.06,22.04,0.1,3.511,29.3,6081.3,2.83,0.0413,14.74,187.5,11.21,14.925,123.6,0
77.52,0.215,23.36,0.94,3.423,29.81,6050.8,3.16,0.0194,15.32,187.6,11.3,15.244,126.3,0
77.47,1.649,22.18,0.29,3.49,33.06,6154.1,2.98,0.0309,15.43,177.4,11.99,14.987,121.8,0
78.62,0.42,22.61,0.45,3.444,30.07,5880.5,1.12,0.0359,14.91,182.3,12.07,14.991,121.7,1
76.19,0.801,22.24,0.85,3.532,29.1,6100.2,4.37,0.0263,15.37,167.0,11.23,15.245,123.2,0
81.24,1.033,22.69,0.04,3.543,33.14,6019.9,2.63,0.047,15.08,183.2,12.56,15.317,123.2,0
77.7,0.699,22.03,0.05,3.522,28.59,6284.4,2.41,0.0239,14.96,181.9,12.21,14.901,125.4,0
77.94,0.591,22.05,0.01,3.459,31.63,6216.3,1.56,0.0578,14.27,177.0,11.82,14.877,114.4,1
75.9,1.448,22.83,0.2,3.491,25.11,5761.6,4.05,0.0522,16.42,162.3,10.19,15.295,114.4,0
77.62,0.941,22.91,0.89,3.467,30.8,6130.4,2.47,0.0474,15.13,174.6,12.7,14.817,121.6,0
82.0,0.208,22.01,0.37,3.58,33.3,5794.6,1.42,0.0142,15.41,180.5,11.87,15.185,120.9,0
79.5,0.99,21.98,0.16,3.476,31.0,6176.7,1.35,0.0035,14.71,186.0,12.31,15.15,119.9,0
79.55,0.48,23.01,0.51,3.392,31.71,6110.9,2.92,0.0129,15.38,168.7,11.59,14.879,124.8,0
79.22,0.943,22.26,0.37,3.463,28.84,5767.6,3.72,0.0215,15.09,174.0,12.2,15.278,117.7,0
78.79,1.678,22.18,1.94,3.421,31.29,5871.8,1.9,0.003,15.64,188.2,12.72,14.815,118.4,0
78.09,1.35,20.61,0.33,3.515,30.16,6127.0,1.27,0.011,15.19,177.5,12.81,14.962,121.3,0
77.52,1.075,22.39,0.71,3.466,30.03,5841.1,0.82,0.0131,15.39,181.0,11.99,14.671,120.6,1
77.53,1.281,22.29,0.36,3.527,28.57,6090.8,2.68,0.1189,15.81,187.3,10.68,14.595,117.6,0
76.12,0.632,21.36,1.96,3.47,28.65,5978.3,0.29,0.0719,15.11,160.8,9.11,14.414,120.5,0
78.83,0.909,22.07,0.27,3.494,29.92,5924.8,3.67,0.0466,14.63,195.7,12.37,15.211,119.0,0
77.86,1.307,21.41,0.19,3.489,28.79,6212.5,2.97,0.04,15.54,173.8,12.85,15.035,117.1,0
80.44,0.648,21.32,0.45,3.458,28.04,6344.5,1.6,0.0308,14.95,168.4,13.98,14.787,125.9,0
77.35,1.178,22.19,1.33,3.424,30.34,6309.8,2.31,0.0037,14.67,184.0,11.75,15.27,115.8,0
77.52,1.112,21.76,0.81,3.424,28.2,6147.6,2.09,0.0155,14.53,191.5,11.93,15.054,123.2,0
78.8,1.333,20.82,0.11,3.443,29.02,5942.0,1.95,0.0365,14.08,174.7,12.56,14.922,119.5,0
77.08,0.24,22.03,0.34,3.463,30.18,5858.1,1.8,0.0097,15.11,173.9,12.26,15.066,120.6,0
78.65,0.679,21.64,0.12,3.594,28.9,5997.7,3.89,0.0822,15.37,183.0,11.95,14.65,116.5,0
78.3,0.922,21.66,0.35,3.534,29.42,6166.5,2.67,0.0031,15.45,180.4,11.59,14.651,117.9,0
77.32,1.973,22.72,1.11,3.478,27.82,6459.6,3.05,0.0573,14.81,177.6,11.82,14.539,117.0,0
78.32,0.747,21.48,0.15,3.564,27.37,6050.9,2.54,0.011,14.27,166.2,11.74,14.876,114.7,0
75.83,0.551,22.32,0.08,3.407,31.14,6167.8,2.4,0.0175,15.47,185.6,12.18,14.871,118.4,0
75.39,1.12,21.99,1.1,3.511,29.23,6115.3,3.13,0.0622,15.18,174.9,11.35,14.887,128.0,0
78.46,0.508,21.79,0.61,3.44,32.28,6048.1,3.86,0.071,14.73,177.0,12.92,14.847,119.5,0
78.86,0.846,21.2,0.13,3.506,30.62,6107.4,2.41,0.0014,14.73,171.0,12.79,15.312,127.5,0
78.22,0.866,22.0,0.19,3.429,31.91,6133.5,2.92,0.046,14.62,185.7,11.43,15.15,120.8,0
78.35,0.617,21.85,0.01,3.43,28.28,6309.9,1.63,0.0212,14.47,180.3,11.41,15.098,116.5,0
77.51,1.37,22.45,0.67,3.458,27.43,6186.6,2.09,0.0561,14.72,175.0,11.95,14.736,124.7,0
78.2,1.161,21.92,0.12,3.465,29.71,5836.4,3.18,0.0379,15.45,182.6,10.93,14.928,118.9,0
78.91,0.493,22.18,0.33,3.554,29.65,6071.0,1.94,0.1067,15.41,178.1,12.98,14.969,121.4,0
80.99,1.493,22.76,0.09,3.488,29.68,6039.6,2.68,0.0398,14.09,177.7,11.89,14.984,118.5,0
80.19,1.283,21.47,0.67,3.464,29.2,6173.9,2.99,0.0355,14.98,176.3,12.62,15.1,116.1,0
79.39,1.142,21.13,0.43,3.457,28.17,6342.2,2.19,0.0107,15.17,203.2,11.07,15.404,121.3,0
76.37,0.627,21.69,0.12,3.506,29.69,5974.6,1.6,0.0188,15.0,196.9,12.76,15.039,124.8,0
79.37,1.402,21.14,0.04,3.431,30.36,5842.1,2.83,0.0244,14.59,180.3,12.64,15.027,115.3,0
78.66,0.901,20.63,0.21,3.468,31.27,6208.5,1.84,0.0383,14.7,171.2,12.42,15.048,118.2,0
79.2,1.277,22.49,0.21,3.491,30.63,5480.4,4.0,0.0692,14.64,182.9,10.24,15.031,119.4,1
76.56,0.986,21.52,0.03,3.414,31.19,6123.5,2.46,0.0929,13.97,188.4,11.51,14.709,124.0,0
76.46,0.535,21.55,2.06,3.563,30.55,5899.7,3.19,0.0367,15.24,182.9,11.57,14.904,120.3,1
76.59,1.735,22.64,0.36,3.46,31.27,5882.9,3.09,0.0532,14.97,183.0,11.91,14.952,123.1,0
75.16,0.191,22.6,0.53,3.525,31.54,6244.4,0.57,0.0702,14.95,156.8,11.76,14.842,117.3,1
79.56,1.304,21.6,1.35,3.582,29.83,6242.4,1.84,0.0211,15.26,187.6,10.95,15.469,121.6,0
77.84,1.054,21.86,0.12,3.558,29.33,5975.6,1.35,0.0195,14.65,190.1,12.71,15.131,116.2,0
75.15,0.977,21.7,0.17,3.562,31.02,5981.1,1.8,0.0321,14.99,174.3,11.47,15.048,114.6,0
81.09,1.262,20.62,2.73,3.381,24.31,6566.1,3.19,0.0591,15.03,147.4,14.75,14.821,113.4,1
76.82,1.315,23.41,1.61,3.55,28.11,6067.9,2.51,0.031,14.88,183.9,12.68,14.982,124.1,0
78.25,1.206,22.66,0.18,3.483,31.91,6062.1,1.41,0.0409,15.51,184.0,12.24,15.317,114.3,0
81.38,1.718,22.96,0.43,3.6,32.61,5844.4,0.34,0.1545,15.16,164.5,12.09,15.03,126.2,0
77.23,1.079,21.14,0.36,3.438,31.51,5507.3,4.44,0.0137,16.19,167.2,13.73,14.877,126.2,0
79.84,1.595,21.7,0.19,3.493,29.83,5946.6,0.88,0.06,15.38,191.6,11.39,14.717,118.1,0
78.78,0.095,21.69,0.13,3.533,27.07,5940.1,3.07,0.0116,13.9,181.6,12.03,15.091,119.3,0
78.95,1.097,23.15,0.14,3.497,30.69,6052.3,1.22,0.0502,15.54,179.6,12.28,15.29,122.8,0
78.21,0.818,21.79,0.53,3.507,29.24,5897.8,2.07,0.0214,15.43,185.5,12.07,15.041,122.6,0
78.62,1.612,21.81,0.35,3.55,29.01,6001.2,2.68,0.0487,15.01,172.5,12.66,15.121,121.9,0
79.36,0.374,21.61,0.21,3.547,26.4,6089.2,2.83,0.0363,14.59,180.0,12.39,14.821,116.9,0
80.38,0.995,22.61,0.21,3.524,31.0,5835.6,2.12,0.0716,15.03,180.5,10.75,14.825,119.0,0
76.26,1.99,20.17,0.05,3.561,31.42,5776.2,3.68,0.0435,15.71,184.7,12.7,15.062,119.8,0
76.51,0.996,21.14,0.25,3.486,31.4,5894.1,4.48,0.0246,14.5,174.2,11.56,14.934,118.2,0
76.26,0.58,21.92,0.4,3.617,28.51,5923.8,0.36,0.0448,15.51,180.7,11.9,14.876,121.4,1
79.42,0.662,20.62,0.41,3.582,31.0,6152.8,3.72,0.0528,14.79,158.1,10.03,14.898,132.7,0
80.01,0.678,22.34,0.45,3.489,29.48,6178.5,3.85,0.0075,15.39,192.8,12.82,14.666,116.0,0
77.31,1.373,20.51,0.65,3.469,30.16,6122.7,0.58,0.0792,15.51,183.3,12.37,15.147,117.1,0
77.87,0.751,21.37,0.44,3.552,31.42,5854.3,3.25,0.0468,15.08,168.3,11.86,15.353,113.8,0
75.44,1.429,20.98,0.51,3.523,27.23,5765.6,2.02,0.0082,15.12,171.9,12.79,14.781,112.3,1
77.96,0.814,22.25,0.55,3.543,30.09,5984.3,2.49,0.0066,15.17,176.4,12.34,15.217,117.7,1
78.06,0.872,21.46,0.54,3.591,29.5,6279.9,0.77,0.0706,14.99,170.1,12.05,15.265,114.9,0
78.46,1.373,22.8,0.82,3.528,30.92,6028.8,2.28,0.0093,14.89,187.2,12.43,15.118,119.8,0
75.94,0.735,22.89,1.0,3.415,28.45,5632.0,2.3,0.065,15.45,178.7,11.8,15.1,116.2,0
78.44,1.199,22.89,0.11,3.498,26.98,6158.4,2.52,0.0285,15.39,167.0,11.49,14.758,117.9,0
77.07,0.059,20.98,0.78,3.508,29.01,5947.2,2.78,0.0059,14.64,186.4,11.11,15.116,118.4,0
78.62,1.096,22.3,0.15,3.504,30.77,6069.7,2.17,0.0172,15.59,179.3,12.69,14.853,118.5,0
75.67,2.038,22.37,0.32,3.462,29.73,5942.4,1.51,0.0374,14.07,184.0,13.26,14.524,119.8,0
76.92,0.883,22.04,0.06,3.483,29.24,6150.5,3.47,0.032,15.33,178.2,11.9,14.91,114.4,0
78.68,0.854,21.71,1.48,3.479,31.68,6016.3,2.7,0.0213,14.45,171.2,11.61,14.635,125.2,0
80.04,0.563,24.01,1.27,3.509,26.59,5792.2,2.45,0.0198,13.7,178.2,12.11,14.462,119.2,0
77.54,2.073,21.72,0.11,3.417,34.3,6206.8,2.29,0.0116,13.83,173.4,12.15,15.166,120.0,0
78.47,1.055,22.27,0.13,3.466,27.67,5868.0,3.21,0.0278,15.41,175.4,11.06,15.251,117.0,0
77.36,1.56,22.88,0.07,3.515,26.97,6123.1,1.1,0.0425,15.22,188.7,12.36,14.983,114.5,0
76.65,0.529,23.12,0.48,3.501,26.85,5941.0,2.09,0.0124,15.3,173.1,12.26,14.873,116.4,0
77.66,1.478,21.81,0.09,3.463,27.55,5928.2,2.59,0.0085,14.8,189.7,11.03,15.186,120.3,0
78.54,1.541,21.79,0.94,3.486,31.21,5813.0,1.38,0.0195,14.43,172.4,12.67,14.844,125.1,0
77.82,0.552,22.6,0.07,3.451,32.4,5915.6,2.21,0.0249,14.4,177.9,12.05,14.982,121.8,0
76.81,0.995,22.55,0.14,3.521,28.62,6061.8,3.19,0.0357,15.04,173.7,11.38,14.969,120.8,0
78.31,0.906,21.04,0.27,3.481,33.61,5952.2,1.87,0.0395,14.23,178.9,11.17,14.921,120.4,0
77.75,1.289,21.6,1.57,3.581,31.31,5999.3,1.66,0.0971,15.14,179.6,12.87,15.254,115.5,0
79.01,0.818,22.79,0.96,3.503,32.48,5862.0,3.24,0.0033,14.51,179.7,10.8,14.948,125.9,0
76.26,0.869,22.13,0.55,3.544,31.39,5328.4,0.07,0.0237,15.52,192.4,12.12,15.276,122.3,0
76.75,0.737,22.73,1.72,3.551,30.12,5871.0,3.49,0.0892,15.22,183.7,13.25,14.91,116.7,1
77.55,0.547,21.72,0.14,3.551,29.85,5955.0,3.39,0.0059,14.88,176.0,11.66,14.849,124.0,0
77.75,0.708,22.03,1.02,3.537,31.21,6039.7,2.21,0.0246,16.22,176.0,11.84,15.169,125.1,0
79.55,0.329,22.57,0.26,3.482,30.61,6406.4,0.58,0.0037,14.5,170.3,11.81,15.19,115.5,0
79.31,1.224,22.69,0.56,3.465,31.79,6237.1,4.88,0.0668,15.6,191.0,11.85,14.747,114.3,1
77.99,0.892,20.56,0.16,3.5,31.56,5935.5,2.56,0.0452,15.48,187.6,11.42,14.66,117.8,0
80.55,1.606,23.79,1.69,3.479,31.27,6114.5,2.02,0.0414,15.1,156.0,10.44,15.199,107.2,0
77.14,1.271,21.78,0.37,3.506,29.96,6290.2,2.82,0.116,13.72,182.3,11.77,14.841,121.8,0
76.02,0.901,21.97,0.33,3.494,28.85,5739.9,3.53,0.0052,14.56,178.0,11.18,14.87,116.5,1
80.73,1.005,21.64,0.1,3.462,30.7,6279.3,1.59,0.0055,15.21,177.9,11.78,15.206,117.1,0
79.56,1.18,20.87,0.47,3.43,28.58,6092.4,3.16,0.0087,15.47,175.3,12.47,15.124,119.1,0
78.49,0.968,20.78,0.1,3.486,31.51,5969.1,2.31,0.0107,15.44,173.8,11.69,14.929,112.5,0
77.37,0.835,22.37,1.09,3.481,31.36,6145.8,1.62,0.0302,15.54,188.6,13.45,15.553,121.0,0
79.13,1.146,20.77,0.54,3.468,31.23,6328.5,1.43,0.0489,14.23,182.1,11.16,15.019,122.8,0
78.68,1.502,22.34,0.35,3.495,27.36,6054.2,2.45,0.0299,14.87,179.5,13.07,14.895,114.9,0
78.12,0.512,21.4,0.05,3.535,32.62,6371.4,3.34,0.0175,14.98,181.6,12.98,14.782,117.6,0
80.0,1.085,22.36,0.05,3.521,31.84,6049.0,3.67,0.062,14.71,182.8,11.71,15.306,114.9,1
76.84,1.894,22.0,0.56,3.467,30.05,5760.0,2.44,0.0429,14.86,184.7,11.55,14.951,125.9,0
77.59,0.65,22.04,1.47,3.477,30.13,6146.2,2.84,0.0307,15.86,170.7,12.3,14.889,119.5,0
79.59,0.758,22.77,0.05,3.48,31.81,5909.3,2.27,0.0438,15.66,183.5,10.68,14.906,118.5,0
74.03,1.134,20.93,3.24,3.323,30.94,5936.7,3.46,0.0428,15.74,179.5,10.5,14.634,123.6,1
80.77,0.322,23.34,2.74,3.501,29.63,5955.1,1.69,0.0108,14.49,173.3,12.58,15.063,115.4,0
79.6,1.137,21.74,0.14,3.476,31.41,5964.8,1.47,0.014,14.97,173.3,11.11,15.203,117.5,0
78.49,0.743,21.54,0.26,3.522,29.66,6207.9,3.75,0.0391,15.77,175.7,12.22,15.111,123.0,0
79.87,1.03,21.45,0.39,3.497,30.29,6009.3,2.15,0.0168,14.27,173.6,13.29,15.193,117.5,0
78.36,0.588,23.08,0.77,3.497,32.74,6102.8,2.58,0.0468,15.29,177.0,12.02,14.462,118.1,0
78.15,0.114,21.96,0.86,3.435,30.1,5799.2,1.29,0.1228,14.47,182.0,11.1,15.13,112.0,1
71.14,1.023,19.08,0.88,3.479,33.69,6512.4,0.05,0.026,14.64,169.1,10.75,14.224,117.3,0
78.21,1.75,22.04,0.01,3.507,31.25,5994.1,3.07,0.0162,14.68,170.0,12.23,15.029,115.5,0
77.12,1.068,21.3,0.17,3.592,30.46,6252.2,0.51,0.1663,14.57,175.1,12.8,15.027,124.1,0
81.49,1.096,22.69,0.08,3.543,29.04,6091.7,1.66,0.0774,15.28,179.5,11.27,14.786,121.4,1
77.43,1.47,23.39,0.65,3.557,31.64,6148.2,3.25,0.0617,14.52,177.8,12.42,15.377,119.3,0
78.91,1.768,22.05,0.23,3.525,29.07,6286.6,1.96,0.0757,15.33,170.6,14.45,15.238,122.7,0
77.69,0.771,21.54,0.07,3.5,31.67,6065.3,2.86,0.0247,14.31,192.6,12.44,15.19,115.9,0
78.71,2.094,21.31,0.67,3.511,29.19,6060.0,2.2,0.0281,15.46,176.1,12.9,15.136,118.3,0
80.99,2.081,22.35,1.54,3.551,30.46,5796.5,1.73,0.0052,15.08,183.4,11.78,15.12,119.8,0
76.16,1.568,22.96,0.77,3.473,31.97,6101.3,2.12,0.0333,14.5,166.8,11.02,14.534,121.3,0
78.74,1.317,21.82,0.04,3.54,30.81,6063.5,2.21,0.0045,15.3,176.0,11.47,15.312,119.0,0
76.65,1.283,22.46,0.43,3.418,28.66,6318.7,2.87,0.0094,15.08,181.4,12.36,15.03,120.7,0
79.81,0.528,22.07,0.58,3.528,28.14,5871.3,2.71,0.047,14.55,185.4,12.42,15.061,109.8,0
82.14,0.042,22.11,1.05,3.466,28.18,5897.6,2.43,0.0724,15.82,186.8,11.87,15.054,127.3,1
81.02,0.806,22.78,2.42,3.59,31.55,5805.0,2.47,0.1742,14.33,185.9,13.4,15.008,120.8,0
77.48,1.396,21.28,0.92,3.476,30.84,6222.3,2.09,0.0165,15.17,186.4,12.94,14.675,114.2,0
77.42,1.203,21.62,1.28,3.532,29.68,6325.9,1.25,0.0353,14.72,190.8,13.07,15.137,120.0,0
77.23,1.136,21.95,0.21,3.546,31.76,6025.0,1.05,0.0285,14.91,182.3,11.15,14.908,121.5,0
77.76,1.172,21.79,0.6,3.523,29.75,5774.3,2.95,0.0004,14.94,184.8,12.37,15.218,123.2,0
78.72,0.976,21.19,0.04,3.607,29.57,5920.5,3.16,0.0479,14.96,183.3,11.77,14.714,121.2,0
75.81,1.033,22.31,2.89,3.452,28.9,5778.7,3.88,0.0437,14.26,188.0,11.84,14.738,114.0,1
79.1,0.492,21.96,0.97,3.52,29.94,6266.7,3.55,0.0026,15.57,169.4,11.41,15.304,124.5,0
76.89,0.012,21.82,0.23,3.452,28.93,6112.7,0.36,0.0199,14.9,180.7,11.37,14.796,112.5,0
76.66,1.224,20.63,0.45,3.387,29.51,6098.3,1.25,0.0124,14.29,190.8,12.15,15.518,121.5,1
74.93,1.299,21.38,1.4,3.399,34.49,6002.2,3.95,0.0708,15.22,189.1,11.96,15.056,116.1,0
79.39,0.458,23.14,1.06,3.528,28.92,5767.2,1.39,0.0188,14.69,182.0,11.69,14.943,113.7,0
79.24,0.934,23.07,0.21,3.533,27.27,6013.0,0.2,0.0098,15.2,164.8,11.26,14.919,115.1,0
79.55,1.077,22.35,0.59,3.541,28.81,5972.1,4.27,0.055,14.88,184.0,11.81,15.444,117.6,0
77.73,1.545,22.0,0.02,3.429,29.33,5967.1,3.66,0.072,13.75,180.2,12.54,14.905,117.5,1
78.21,1.217,21.47,0.32,3.462,29.49,6114.2,1.64,0.0584,14.4,191.5,11.87,14.863,110.4,0
80.69,1.465,21.71,0.3,3.53,29.76,6401.7,0.09,0.0014,15.71,199.5,13.75,15.066,114.2,0
76.28,0.867,20.95,0.49,3.377,28.7,5785.0,2.75,0.059,15.2,171.6,12.01,15.119,119.3,0
78.42,1.162,21.73,0.5,3.562,30.81,5650.1,1.63,0.0094,14.33,168.4,12.06,15.524,116.2,1
77.38,0.639,22.98,1.4,3.53,29.68,5685.0,2.07,0.0026,15.06,167.8,11.14,14.918,122.0,0
77.47,0.952,21.34,0.63,3.502,28.9,6132.3,4.03,0.0293,15.01,200.9,13.12,14.429,114.4,0
77.24,0.878,22.28,0.24,3.473,27.08,5882.2,2.5,0.0287,15.2,192.1,11.91,14.803,126.1,0
74.72,1.561,22.33,0.14,3.574,29.48,6230.0,2.54,0.1331,15.23,160.1,11.28,15.174,119.0,0
79.27,1.718,20.88,0.46,3.412,28.67,5902.1,0.64,0.0117,15.24,180.9,11.84,15.254,121.2,0
76.29,0.832,22.94,0.17,3.35,29.47,5641.3,2.53,0.1581,14.97,206.1,11.08,14.7,118.2,0
77.51,0.737,22.44,1.04,3.521,31.51,5718.7,4.35,0.0859,14.54,192.4,11.32,15.058,118.2,0
79.7,0.436,21.57,0.29,3.467,29.7,5910.2,3.51,0.0396,16.17,171.4,12.37,15.044,120.5,1
77.15,1.895,21.93,0.87,3.48,28.18,6458.2,3.15,0.0244,15.65,189.3,11.43,14.756,114.2,0
78.9,1.158,21.95,0.95,3.557,28.27,5885.3,2.41,0.0527,15.55,183.3,11.82,15.446,117.2,0
78.91,0.947,21.9,1.29,3.519,32.06,6015.2,2.46,0.0052,15.86,191.5,10.24,15.392,119.4,0
78.21,1.016,22.99,1.01,3.449,30.81,6153.8,1.55,0.0256,15.88,179.5,11.47,14.924,116.2,0
76.71,0.46,22.06,0.39,3.451,31.13,5790.0,2.87,0.0096,15.56,191.3,12.86,14.886,120.2,0
81.45,1.696,21.51,0.74,3.479,32.9,6111.9,2.98,0.0699,13.58,196.1,11.55,14.821,120.0,0
78.61,1.142,21.63,0.67,3.511,29.07,5866.0,1.87,0.0374,15.47,197.5,12.4,15.014,117.5,0
76.1,0.173,23.92,1.9,3.476,31.01,5856.6,1.53,0.0295,15.42,186.4,12.23,15.14,127.5,0
78.61,0.193,21.78,0.12,3.521,29.85,5901.3,1.29,0.0872,14.81,192.6,13.96,14.889,122.3,1
79.42,1.36,20.72,0.08,3.512,32.25,5926.8,2.34,0.0705,14.04,192.6,11.55,14.932,126.4,0
76.05,0.136,23.9,0.35,3.526,29.57,5821.9,2.28,0.0453,15.58,190.8,13.8,15.48,119.9,0
77.26,0.286,22.28,0.39,3.507,31.41,6087.8,1.76,0.0457,14.83,168.4,12.56,14.804,121.4,0
79.61,1.108,22.57,0.14,3.539,33.23,5841.9,1.18,0.0575,14.58,180.9,11.14,14.892,117.3,1
76.94,1.439,20.85,0.56,3.534,30.34,5893.9,2.31,0.0461,15.41,184.1,12.75,14.922,115.9,0
76.14,1.273,22.61,0.8,3.516,31.41,5643.2,2.88,0.0761,15.82,172.1,13.54,14.731,115.5,0
77.41,1.942,22.08,0.03,3.525,29.02,6097.6,2.13,0.0192,15.27,184.2,11.43,15.238,117.0,0
76.82,1.511,22.57,1.27,3.53,31.26,5747.6,2.22,0.0342,15.53,155.7,12.4,14.822,111.3,0
79.14,1.008,21.65,0.22,3.481,30.55,6248.8,2.67,0.0419,14.08,175.8,11.79,15.411,113.7,0
75.65,1.114,21.85,0.06,3.488,31.14,6278.6,4.53,0.0151,14.42,186.0,11.87,14.895,111.7,1
77.76,1.384,21.53,0.1,3.518,29.25,5959.1,3.63,0.0477,14.72,182.3,11.87,15.013,123.6,0
78.5,1.027,21.34,0.03,3.48,29.8,6207.9,2.35,0.0008,14.92,168.9,12.89,14.964,120.6,0
80.5,1.572,20.87,0.32,3.429,33.24,5950.6,1.16,0.0424,15.03,198.1,11.06,15.31,123.5,0
79.43,1.066,21.73,0.03,3.484,30.5,6082.8,1.18,0.0036,14.96,192.7,12.09,15.171,116.5,0
76.96,1.53,21.19,0.05,3.548,31.4,6083.4,3.86,0.0165,15.09,180.6,11.98,15.036,117.3,1
79.71,0.663,22.08,2.55,3.474,29.39,5931.5,4.0,0.0121,14.86,180.4,12.08,15.069,122.7,1
77.68,0.954,21.77,0.08,3.446,33.36,6111.4,3.47,0.0454,14.7,174.3,11.98,14.699,122.9,0
74.26,0.99,23.44,0.04,3.549,30.61,5967.9,0.91,0.0097,14.79,181.4,10.64,15.426,120.6,1
77.39,0.73,21.12,0.03,3.494,32.45,5748.5,2.93,0.0499,15.06,180.5,11.45,15.125,120.0,0
79.4,0.152,22.42,1.11,3.558,29.7,6173.4,1.82,0.0547,15.68,178.2,12.08,15.132,123.1,0
78.15,1.185,20.96,0.1,3.474,29.48,6151.1,3.05,0.0261,15.36,188.5,12.1,14.819,130.1,0
78.24,0.289,22.87,0.12,3.52,29.88,6078.9,2.4,0.0294,15.59,178.2,12.62,15.443,116.8,0
78.81,0.489,21.18,0.31,3.519,30.54,5940.8,4.05,0.0346,14.08,164.4,13.44,15.223,121.8,0
78.97,1.301,21.53,1.38,3.587,29.55,5767.8,2.05,0.0161,15.29,185.4,12.48,14.596,111.3,1
80.6,0.472,22.06,0.01,3.479,29.96,6000.3,1.18,0.0477,15.27,166.2,11.11,15.161,119.2,0
76.91,1.564,23.06,0.03,3.501,31.98,5847.6,4.04,0.0261,15.03,179.0,12.61,15.285,119.5,0
74.54,0.761,21.75,0.9,3.497,28.86,6053.4,1.6,0.0153,14.41,180.6,11.88,14.99,122.8,1
77.42,0.023,22.34,0.08,3.457,28.7,5748.9,1.6,0.0298,15.24,177.9,13.11,14.877,120.7,1
80.22,0.525,21.76,0.22,3.488,28.05,5805.0,1.41,0.0368,15.28,181.2,11.82,14.938,125.8,0
78.84,1.126,22.21,0.04,3.536,31.53,6131.0,2.22,0.004,13.63,175.1,12.68,15.001,114.8,0
76.78,1.544,23.2,0.99,3.476,30.25,6128.8,2.07,0.005,15.75,177.2,11.91,15.092,117.3,1
78.82,1.385,21.39,0.2,3.503,27.87,6301.8,2.7,0.0708,15.03,176.6,11.15,15.277,121.4,0
78.08,0.666,21.72,0.92,3.514,30.71,5675.4,2.1,0.0012,14.68,172.1,11.75,15.065,122.0,0
79.04,1.302,22.42,0.02,3.442,28.67,5808.1,2.42,0.0058,15.13,184.9,10.83,15.106,117.9,0
76.32,1.604,21.22,0.2,3.557,30.61,5692.5,1.77,0.0008,15.52,178.1,12.42,15.074,123.1,0
76.39,0.361,22.79,1.38,3.434,30.25,6076.5,1.09,0.0183,14.92,180.2,12.01,15.07,120.3,1
78.0,0.861,20.44,0.04,3.46,31.31,6249.2,2.25,0.0232,15.24,176.6,11.57,15.091,120.4,0
76.58,1.174,21.84,0.41,3.568,29.37,6254.0,1.23,0.0089,15.17,178.8,11.35,15.21,116.5,0
77.79,0.875,21.51,0.28,3.49,30.29,5808.2,2.96,0.0037,15.07,190.3,11.34,15.446,117.7,0
79.05,0.432,20.42,0.1,3.469,27.64,6052.4,2.49,0.0846,14.65,168.2,11.61,15.087,113.8,0
78.65,1.231,21.27,0.21,3.556,28.8,5863.5,2.31,0.028,14.66,173.7,11.7,15.327,119.3,1
76.83,0.133,22.85,0.04,3.5,30.66,6195.3,1.97,0.0482,15.15,173.7,10.84,14.773,126.6,0
79.89,0.966,20.45,0.51,3.593,29.6,6090.2,1.55,0.0486,14.02,191.6,11.94,14.691,119.3,1
77.3,0.716,21.03,0.27,3.465,32.03,5753.3,3.84,0.0732,14.89,181.3,12.55,14.748,123.2,1
78.97,1.305,21.65,0.0,3.519,27.96,6097.3,2.92,0.1312,15.64,180.5,12.91,15.153,114.2,1
78.05,1.215,22.31,0.75,3.532,30.46,6173.6,2.21,0.0295,15.37,177.8,11.44,14.891,121.8,0
78.32,1.637,22.26,0.02,3.494,30.39,5870.9,0.35,0.0526,15.47,192.4,12.75,14.827,116.8,0
78.07,0.002,22.12,0.32,3.481,29.84,5955.8,1.05,0.045,14.76,180.0,11.48,15.055,119.9,0
77.25,0.945,22.05,0.07,3.551,28.2,6169.2,2.11,0.0505,14.99,177.4,11.36,15.264,117.4,1
76.34,1.343,21.64,0.1,3.489,31.31,6084.6,2.87,0.0175,14.71,179.1,12.01,15.066,112.1,0
78.23,0.642,22.85,0.87,3.506,31.42,5889.1,0.65,0.0194,15.14,178.9,10.4,14.803,118.4,0
78.19,0.802,21.2,0.05,3.468,30.16,5852.0,2.2,0.0288,15.13,186.3,11.82,14.669,124.6,0
78.84,0.088,21.35,0.5,3.566,29.96,5992.2,3.01,0.0109,14.58,166.9,12.68,15.019,123.4,1
78.03,1.053,21.67,0.54,3.495,29.91,6068.1,2.16,0.0798,14.57,181.6,11.58,14.768,120.7,1
76.51,1.1,21.58,0.08,3.394,29.8,6218.5,3.03,0.0687,14.95,180.3,13.34,15.122,116.3,0
78.49,1.499,21.21,0.01,3.454,27.45,5834.9,3.22,0.0464,14.49,187.0,12.62,15.099,112.6,0
79.46,0.826,23.09,0.26,3.516,30.09,6294.4,3.43,0.0378,15.49,174.8,12.47,14.656,121.5,0
77.69,0.534,23.83,0.44,3.418,32.13,5883.2,0.97,0.0647,14.66,173.5,11.11,14.897,120.4,0
77.74,0.995,22.68,0.21,3.483,31.99,5820.7,4.79,0.0615,14.59,175.1,12.6,15.142,114.6,0
79.14,1.136,20.23,0.1,3.506,28.6,5923.0,1.52,0.0478,14.87,183.9,10.93,15.188,127.0,0
80.29,1.138,21.63,0.5,3.466,30.02,5866.9,2.57,0.0507,14.77,186.5,12.73,14.992,130.2,0
78.03,2.361,21.1,0.48,3.586,29.85,5946.7,4.15,0.0066,15.2,151.2,13.21,14.726,116.4,1
79.17,1.048,21.78,0.91,3.49,31.69,5965.6,4.08,0.0619,14.69,184.7,13.38,14.974,119.8,0
79.54,1.083,23.02,0.46,3.493,31.86,6057.1,2.03,0.0405,14.86,182.9,13.31,15.068,117.4,0
79.42,1.417,21.92,0.4,3.585,31.74,6040.1,3.66,0.0166,15.28,180.8,12.37,15.014,124.0,0
78.7,1.172,22.19,0.72,3.421,30.89,5801.0,3.44,0.0468,15.44,177.5,13.58,14.593,120.4,0
78.01,1.409,21.01,0.31,3.478,27.79,5934.5,1.45,0.0092,14.62,176.0,12.8,15.002,124.1,0
78.06,1.339,21.78,0.65,3.415,30.79,5869.4,3.08,0.0421,15.39,176.9,10.4,15.144,121.8,0
77.97,1.391,23.04,0.43,3.44,28.7,6240.7,0.63,0.0454,15.52,193.4,12.73,15.236,123.0,1
77.43,0.78,23.19,0.14,3.526,29.55,5928.6,3.43,0.0021,15.18,190.1,12.29,15.099,111.2,0
76.67,1.363,21.58,1.24,3.533,32.79,6099.0,2.74,0.0161,14.64,188.7,12.74,15.031,111.2,1
78.3,1.788,20.48,0.68,3.588,30.35,6142.2,2.78,0.0417,15.13,197.6,13.66,15.223,112.6,0
78.6,1.007,23.0,0.71,3.541,30.56,6194.2,2.5,0.0212,14.33,172.0,12.53,14.789,122.8,0
80.87,0.709,19.84,1.61,3.41,29.6,5609.7,2.46,0.0203,14.43,168.0,11.25,14.838,130.1,0
78.97,1.03,22.13,0.34,3.481,29.33,6227.9,1.12,0.0004,14.25,177.8,12.55,15.167,120.3,0
78.39,1.454,21.38,0.34,3.627,31.27,6372.4,1.0,0.0051,15.17,170.7,12.18,14.85,115.8,0
77.85,2.019,21.33,0.42,3.478,30.87,6110.1,2.19,0.031,14.98,178.1,11.36,15.173,120.5,0
79.76,0.224,22.3,0.23,3.566,30.65,6165.3,3.36,0.0972,15.08,197.0,12.34,14.955,113.6,1
77.27,0.65,21.17,0.93,3.496,31.01,6087.1,2.23,0.0455,15.41,188.8,12.2,15.173,119.0,0
77.29,0.66,21.84,1.24,3.517,30.0,6086.2,1.94,0.017,15.02,157.6,12.39,15.216,117.8,1
77.0,1.79,21.85,1.29,3.497,31.57,6215.7,1.54,0.0293,15.53,169.5,11.85,15.125,115.9,0
76.96,1.2,21.31,0.16,3.537,29.56,6536.8,2.01,0.0599,15.2,182.0,11.48,15.121,115.3,0
77.63,1.107,22.23,0.33,3.456,31.54,5879.1,2.86,0.0214,15.12,163.6,12.17,15.147,121.3,0
77.26,0.886,22.03,1.39,3.525,30.69,6147.2,1.75,0.0599,14.84,166.9,12.76,14.935,125.4,0
79.31,1.183,22.16,0.91,3.563,30.1,5916.1,2.52,0.0909,14.83,163.5,10.1,15.143,120.0,1
81.1,1.399,20.86,1.02,3.687,31.46,5953.3,2.95,0.2365,13.64,157.6,10.32,15.089,124.6,1
79.47,0.465,21.29,1.23,3.495,30.63,5866.4,1.94,0.0563,14.29,191.5,12.68,14.975,118.8,0
75.33,0.609,22.72,0.2,3.486,28.48,6050.0,1.79,0.0445,14.96,176.9,12.51,15.081,122.1,1
78.44,0.753,22.12,0.04,3.509,27.92,5760.0,1.8,0.0215,15.09,168.2,10.71,14.741,118.3,0
78.07,1.179,22.4,0.04,3.595,30.57,5998.4,3.14,0.0728,15.01,169.1,12.7,14.947,122.1,0
79.07,1.976,21.14,1.37,3.653,30.21,6326.2,1.99,0.2602,15.21,199.0,14.19,15.034,130.4,0
75.6,1.144,20.36,1.24,3.523,27.84,6336.9,2.53,0.0415,14.18,183.0,13.02,14.688,110.6,0
75.56,0.581,21.46,0.23,3.568,29.33,5770.5,2.86,0.0476,14.85,180.1,11.82,14.909,123.1,0
78.6,2.219,21.13,0.68,3.506,31.58,5789.9,1.78,0.0275,15.84,187.5,12.16,15.173,117.7,0
78.75,0.618,22.19,0.22,3.57,29.44,5959.3,3.95,0.0398,14.88,162.7,11.98,15.071,115.2,0
79.14,1.134,22.86,0.14,3.522,30.58,6192.0,2.43,0.0238,15.44,183.3,12.87,15.228,122.4,0
79.48,0.969,22.89,0.46,3.424,31.34,6026.0,2.97,0.0771,15.54,176.7,12.71,14.934,119.6,0
77.85,1.085,23.93,1.48,3.681,28.02,6231.4,3.57,0.0917,15.88,182.7,10.77,15.358,126.7,1
76.74,0.77,22.29,1.46,3.484,26.97,5664.6,0.81,0.015,13.56,183.9,12.54,14.683,119.1,1
75.92,0.603,22.94,1.33,3.571,31.62,6073.1,1.55,0.039,15.99,183.2,10.17,15.965,128.4,1
77.24,1.054,21.39,0.44,3.504,30.35,5987.1,2.52,0.0759,15.97,189.6,11.64,14.692,123.5,0
79.44,0.482,21.47,0.07,3.537,31.29,6293.9,2.46,0.0368,15.57,195.9,12.28,14.922,123.4,0
77.64,0.627,23.72,0.07,3.498,31.37,6091.2,3.2,0.0156,15.1,176.8,11.95,14.936,123.2,1
81.64,2.375,19.79,1.05,3.549,28.01,6211.3,3.27,0.0916,16.58,184.3,12.82,15.088,114.7,1
77.35,1.644,20.82,0.51,3.425,28.81,5922.7,3.85,0.0348,16.13,180.0,11.76,15.228,117.5,0
78.17,1.578,21.71,0.06,3.449,30.22,5862.3,3.38,0.0055,15.61,166.8,11.54,15.109,121.2,0
76.68,1.293,22.05,0.53,3.551,32.76,6123.2,1.74,0.0043,15.0,174.2,11.93,15.09,113.9,0
78.33,0.857,21.63,0.35,3.475,31.11,5695.4,1.46,0.0078,15.32,182.5,11.73,14.75,122.7,0
78.92,0.992,22.66,0.22,3.473,29.02,5920.2,1.71,0.2879,15.74,179.2,9.96,14.919,116.4,0
76.11,0.631,19.35,0.02,3.551,31.22,6355.7,4.93,0.0429,13.11,172.1,13.32,14.649,109.3,0
77.22,0.379,23.23,1.11,3.469,28.49,6194.3,2.16,0.0007,15.54,188.4,13.12,15.191,113.6,0
78.69,0.943,22.4,0.68,3.427,30.37,6166.4,2.89,0.0103,15.3,184.7,13.25,15.271,111.6,0
78.31,1.143,20.92,0.28,3.565,29.84,5932.6,2.05,0.0055,15.49,179.9,12.35,15.18,115.9,0
79.16,1.669,22.8,0.12,3.504,33.02,6268.2,1.84,0.0812,14.59,188.7,11.6,15.015,120.0,0
76.19,0.975,21.98,0.12,3.534,30.82,6012.9,1.73,0.0228,14.36,170.8,11.18,15.287,118.6,0
75.44,0.486,23.52,0.3,3.504,27.87,5771.1,2.55,0.0813,14.66,197.1,13.11,15.061,130.0,0
77.99,0.478,20.31,0.28,3.549,31.68,6015.2,2.9,0.0041,16.02,159.4,13.14,14.732,113.5,0
77.23,1.254,22.25,0.37,3.498,27.16,6009.5,3.41,0.0041,15.24,180.5,11.03,15.188,118.2,0
77.59,0.67,21.99,0.42,3.571,30.0,6263.3,1.89,0.0257,14.91,178.4,10.08,14.725,117.4,1
78.43,1.385,23.21,0.11,3.495,30.49,5763.5,2.91,0.0754,15.15,178.7,11.32,15.015,112.9,0
75.24,1.277,22.65,0.11,3.532,30.21,6113.6,1.58,0.0265,15.16,188.5,12.36,14.663,122.9,1
74.91,0.076,21.68,0.51,3.566,29.52,5898.7,3.48,0.0325,14.4,176.7,11.55,14.866,120.9,0
79.93,1.824,21.38,1.05,3.514,31.22,6030.5,1.36,0.0572,15.37,181.4,11.61,15.357,122.4,0
77.0,0.161,20.28,2.01,3.554,30.55,6430.1,0.23,0.0017,15.29,192.4,10.68,15.451,124.4,1
78.57,0.216,21.63,0.02,3.416,30.15,6185.6,3.69,0.006,14.82,185.0,12.57,14.753,122.6,1
78.63,1.52,21.96,0.02,3.513,30.03,5975.7,2.28,0.0052,14.87,172.6,13.3,15.122,113.8,1
77.82,1.118,21.17,0.22,3.518,27.81,5786.3,1.62,0.0391,14.97,173.4,10.93,14.832,119.9,0
77.75,0.684,21.16,0.2,3.413,29.63,6210.5,4.06,0.0174,15.7,188.5,12.2,15.239,121.2,1
78.02,1.011,22.59,0.19,3.467,31.19,5838.5,2.34,0.0291,14.88,183.5,12.41,15.024,123.3,0
75.96,0.911,22.13,0.56,3.49,29.7,6043.4,3.36,0.0341,14.57,170.2,11.23,15.27,120.6,0
77.42,1.48,22.31,0.04,3.547,31.38,6064.9,1.91,0.0762,14.72,196.2,12.04,14.968,131.4,0
78.08,0.088,21.84,2.21,3.46,29.78,5972.8,3.79,0.1588,15.69,168.0,11.04,15.313,131.2,0
78.49,1.024,22.8,0.72,3.444,31.82,5869.0,2.37,0.0325,15.83,195.8,12.77,15.084,116.7,0
80.16,1.053,20.36,0.03,3.468,30.67,5916.2,1.61,0.0185,14.58,200.3,11.54,15.102,120.3,0
79.2,0.2,21.38,0.38,3.573,28.76,5978.8,1.57,0.0542,14.8,190.6,13.88,14.71,130.0,0
78.69,1.593,22.21,0.02,3.518,29.29,6088.9,2.23,0.0035,14.63,182.6,11.59,14.888,125.0,0
78.5,1.517,22.52,0.37,3.485,27.6,5772.9,2.15,0.0196,15.59,176.4,11.66,15.044,124.0,0
76.41,0.833,20.52,1.0,3.464,29.08,6007.0,1.79,0.0342,15.29,172.8,12.0,14.66,117.7,0
80.21,1.106,22.0,0.05,3.504,29.38,6151.9,3.34,0.0288,14.85,173.9,12.51,14.955,117.2,0
79.86,0.962,22.03,0.64,3.512,31.58,6029.7,1.92,0.0455,15.17,184.6,12.19,14.569,118.6,0
79.4,0.112,22.19,0.45,3.502,28.56,6135.2,3.82,0.06,14.77,176.8,11.99,14.818,121.1,0
77.25,1.208,21.61,0.29,3.445,31.1,6101.5,1.51,0.0064,14.64,173.0,12.03,14.708,122.4,1
78.48,1.016,21.87,0.02,3.549,33.89,5885.9,2.42,0.0731,15.6,193.7,12.73,15.117,120.4,0
77.34,1.152,22.45,1.2,3.445,32.09,5885.4,2.47,0.0498,14.76,185.1,11.38,14.567,116.6,0
76.51,1.332,21.88,0.31,3.385,28.77,6446.6,2.28,0.0278,15.42,197.3,10.27,14.968,112.7,0
76.25,1.177,22.26,0.28,3.496,29.71,6104.5,1.36,0.0704,14.97,187.1,12.26,14.498,115.1,0
80.63,0.465,22.56,0.45,3.547,29.46,5766.1,1.26,0.0483,14.48,185.9,11.09,15.021,113.0,0
77.52,0.743,21.95,0.76,3.442,29.06,5911.1,2.28,0.0355,14.85,182.4,10.56,14.665,117.0,0
77.37,1.668,20.4,0.22,3.523,26.47,5697.3,3.26,0.0225,14.94,178.1,11.84,14.831,118.7,0
79.87,0.768,21.57,0.17,3.321,27.81,6042.0,4.12,0.0404,15.78,192.7,11.29,15.262,116.2,0
78.24,0.993,22.05,0.17,3.451,30.97,6321.3,2.3,0.039,14.83,192.4,12.2,15.039,116.5,0
79.49,1.445,22.44,0.37,3.467,31.48,6098.3,2.23,0.0712,14.71,191.4,12.69,15.24,115.7,0
81.23,1.779,23.1,0.97,3.475,30.56,5694.3,1.5,0.026,14.64,195.4,11.03,15.074,117.5,0
76.38,0.088,21.0,0.29,3.526,29.99,6190.7,2.37,0.0063,15.2,184.3,13.0,15.194,112.4,1
78.57,0.807,21.61,1.0,3.616,31.72,6285.9,3.04,0.0492,16.0,186.1,13.48,14.657,122.5,1
79.12,1.547,22.09,0.3,3.494,30.82,5957.2,1.5,0.0305,15.37,188.0,11.2,14.84,117.8,0
76.59,1.425,20.77,1.06,3.552,29.82,6051.9,2.37,0.0015,14.91,189.9,11.64,14.961,129.4,0
78.38,1.386,21.73,1.28,3.529,32.88,5845.5,3.09,0.0452,14.78,187.4,14.16,15.256,116.7,1
78.74,0.155,22.68,2.24,3.476,31.57,5495.5,1.7,0.0237,15.23,162.1,12.53,14.81,118.9,0
79.51,1.838,22.39,0.16,3.578,30.65,5877.7,2.8,0.0455,15.16,174.0,10.87,14.804,122.8,0
75.31,0.688,21.79,0.08,3.555,27.18,6437.2,0.26,0.1212,14.24,187.0,12.45,14.081,117.8,1
76.31,0.922,21.01,0.14,3.419,31.23,6160.6,1.64,0.0676,14.34,185.7,12.99,14.978,120.9,0
77.92,1.138,21.09,0.64,3.436,30.92,6192.3,2.46,0.0146,14.55,185.5,11.81,14.698,124.0,1
78.07,0.804,21.92,0.97,3.529,31.85,5949.9,3.0,0.0727,14.96,179.2,11.89,14.668,130.9,0
78.49,1.664,22.49,1.58,3.56,30.88,5909.9,3.41,0.066,15.18,191.6,12.25,15.026,116.5,0
79.83,1.292,22.04,1.24,3.544,30.32,6249.6,2.79,0.0094,14.27,157.1,11.47,14.719,116.1,0
79.81,0.658,22.83,0.29,3.46,28.74,5965.6,3.36,0.0425,14.87,185.7,10.77,14.935,116.4,0
77.2,0.781,22.27,0.65,3.495,29.75,5903.6,2.04,0.0208,13.92,189.7,12.35,15.222,119.3,0
79.45,1.437,21.61,0.56,3.546,32.0,5910.4,3.51,0.0711,15.03,182.3,11.24,14.997,119.9,0
76.71,0.677,20.64,0.54,3.553,28.28,5783.7,3.45,0.0252,15.45,191.8,12.25,15.221,127.6,1
77.15,1.225,22.75,0.29,3.481,30.46,6107.1,1.4,0.0133,15.31,191.4,11.69,14.974,112.4,0
81.18,0.064,21.58,0.41,3.537,30.84,5982.6,3.87,0.0252,14.85,180.9,10.91,15.116,119.0,0
77.84,1.295,21.84,0.55,3.467,31.51,5970.1,2.12,0.0669,14.2,189.6,12.65,14.969,120.6,0
77.2,0.934,21.96,0.15,3.44,30.14,6048.4,1.99,0.0193,15.53,187.7,12.62,14.765,119.6,0
78.22,1.643,22.29,0.78,3.462,29.35,6385.1,3.0,0.0117,15.46,175.2,12.81,14.897,123.8,1
80.65,1.266,21.12,1.24,3.459,29.81,5627.2,3.49,0.1383,15.41,178.1,13.64,14.88,113.2,1
77.43,0.503,22.98,0.89,3.536,29.64,5736.4,1.59,0.1118,15.44,190.0,12.93,14.976,123.4,0
77.03,1.125,22.31,0.19,3.529,27.74,5948.1,2.63,0.0344,15.68,166.3,11.95,14.795,121.3,0
78.07,0.539,23.13,0.68,3.453,29.62,5556.8,1.03,0.0136,14.55,177.0,10.92,15.056,122.2,0
77.48,0.624,22.27,0.07,3.557,27.67,6302.5,2.95,0.0234,15.24,176.4,11.59,15.107,119.4,0
75.06,1.159,21.74,0.0,3.491,30.41,6093.4,4.18,0.0369,14.87,187.4,12.47,15.201,114.7,0
77.96,0.209,22.0,1.9,3.508,31.31,5893.3,1.84,0.0553,14.82,180.5,12.06,14.853,123.2,0
78.77,1.602,21.76,0.94,3.53,31.69,6126.5,0.98,0.0067,15.17,181.5,12.4,15.015,119.6,0
78.13,1.308,22.29,0.16,3.541,31.96,5960.7,2.55,0.0279,15.47,176.4,11.96,14.63,122.0,0
80.36,0.518,22.84,0.39,3.424,32.17,6163.5,2.17,0.0462,14.57,182.2,10.84,14.514,122.8,0
79.29,1.243,22.8,0.08,3.481,30.11,5948.2,1.83,0.0203,14.15,192.4,11.47,15.599,117.5,0
79.53,0.444,21.63,0.63,3.581,27.77,5968.1,0.93,0.0322,14.51,176.4,11.63,14.862,119.1,1
76.94,0.074,21.26,0.12,3.46,29.56,5813.2,3.07,0.0497,14.36,184.5,11.65,15.066,116.7,0
79.11,1.311,20.84,0.5,3.495,29.1,5680.3,3.09,0.0333,14.6,182.0,12.41,15.066,120.6,0
78.68,0.539,22.01,0.84,3.566,28.46,5602.9,1.34,0.0606,14.64,197.9,14.09,15.003,116.2,0
75.41,0.736,21.88,1.02,3.495,31.7,5687.9,1.18,0.0406,14.64,169.8,11.97,14.919,122.2,0
79.38,1.303,23.05,0.31,3.594,31.14,6002.6,1.2,0.0042,14.64,178.6,12.67,15.306,116.9,0
77.47,2.425,22.95,0.19,3.533,33.85,6497.4,0.53,0.0462,15.07,157.9,11.0,14.938,110.5,0
79.63,0.533,20.99,0.12,3.475,29.35,6195.7,2.53,0.034,15.06,176.8,11.82,15.124,119.5,1
78.76,1.511,22.7,0.59,3.451,30.38,5969.8,2.25,0.0592,14.54,183.3,12.18,14.912,121.2,0
76.42,0.878,20.93,1.41,3.507,26.58,6082.8,3.8,0.0017,14.87,171.8,11.66,14.857,124.6,0
76.47,1.031,21.72,0.58,3.496,30.54,5943.1,3.88,0.0229,14.49,184.0,12.42,15.266,120.3,0
78.75,1.35,21.17,0.65,3.414,32.85,5937.8,0.66,0.0735,15.32,171.3,10.9,15.072,126.2,0
76.33,1.227,22.04,1.96,3.53,30.83,5841.3,2.94,0.0224,15.43,173.0,13.61,15.013,121.0,0
77.5,2.717,21.84,0.52,3.471,31.01,6039.3,4.23,0.0936,15.37,199.2,12.67,15.347,118.4,0
78.73,0.865,23.01,1.2,3.48,30.93,6219.7,1.16,0.0273,14.38,182.3,13.11,14.964,123.1,0
77.29,0.058,22.03,0.45,3.439,31.98,5979.1,2.79,0.0599,15.22,187.2,11.99,14.895,121.0,0
79.42,0.997,22.64,0.05,3.436,29.3,6052.7,1.58,0.009,15.02,190.5,11.44,14.922,119.5,0
78.43,0.441,21.91,0.35,3.525,28.15,5910.0,2.66,0.0701,15.14,192.1,11.83,14.871,120.6,1
79.6,1.025,22.29,0.03,3.531,29.01,5858.6,2.35,0.0267,15.82,185.9,13.0,15.274,120.8,1
77.73,0.49,22.38,0.18,3.527,30.15,6134.6,2.52,0.052,14.04,182.9,12.78,15.24,110.5,0
78.62,1.097,21.71,0.54,3.4,29.53,5928.4,1.34,0.1476,15.3,171.9,12.49,14.919,123.9,0
77.56,0.403,21.44,0.07,3.5,30.28,5867.5,1.46,0.1087,14.69,192.0,12.47,15.019,111.8,0
78.02,1.159,22.0,0.69,3.557,30.47,5706.1,2.48,0.024,15.78,187.6,10.66,14.791,123.2,0
77.19,0.352,21.38,0.95,3.452,31.3,5948.4,3.5,0.0171,15.16,181.5,12.61,15.248,121.5,0
79.07,1.303,23.02,1.65,3.47,28.4,5674.3,1.5,0.0493,14.99,192.5,12.1,15.104,118.7,0
77.55,0.09,22.28,1.68,3.454,29.64,6082.4,2.78,0.0622,15.96,204.0,12.36,14.892,117.8,0
77.1,1.068,23.1,0.74,3.441,29.15,6236.4,1.39,0.0258,15.09,197.6,13.28,15.343,118.4,0
77.39,0.266,21.94,0.76,3.59,29.49,6100.5,2.08,0.0435,15.51,166.3,12.37,14.867,123.3,0
78.72,0.922,22.05,0.12,3.516,28.81,6224.2,2.86,0.0241,15.04,190.2,10.67,14.924,121.4,0
77.5,1.572,23.31,0.62,3.426,28.58,5842.0,1.89,0.0233,14.84,178.7,11.27,15.312,117.7,0
78.13,0.554,22.87,0.15,3.521,27.63,5856.2,2.9,0.0953,15.27,176.8,11.66,14.906,128.4,0
79.29,1.925,23.1,0.5,3.547,28.26,5923.3,2.0,0.0677,14.18,192.5,11.47,14.935,126.0,0
80.01,1.529,22.13,0.2,3.507,30.09,5921.1,2.33,0.0862,16.07,171.1,12.97,15.103,116.1,0
77.96,1.098,21.42,0.5,3.435,29.59,5671.7,0.97,0.0283,15.33,150.1,12.33,15.005,114.6,0
77.62,0.894,22.49,0.98,3.429,28.7,5972.3,1.58,0.0023,14.33,192.5,9.52,15.247,115.1,1
74.84,0.224,23.79,0.03,3.498,31.93,6141.4,3.01,0.0051,14.91,189.7,13.42,14.966,123.7,0
78.65,1.279,22.08,0.15,3.555,30.3,5952.0,2.68,0.0018,14.5,190.7,11.43,15.014,118.0,0
75.98,0.146,21.48,0.68,3.536,28.81,5923.2,2.36,0.0334,15.18,152.8,11.75,15.096,112.2,0
72.68,0.359,21.4,1.06,3.526,27.81,6380.7,2.18,0.0811,14.25,195.9,11.36,14.629,137.5,1
79.26,0.874,21.7,0.51,3.487,27.84,6258.2,3.03,0.0454,15.06,177.3,11.33,14.931,116.3,1
77.52,1.301,21.21,0.8,3.512,29.06,5925.7,3.43,0.0064,14.75,173.4,11.95,14.948,121.0,0
76.65,0.905,22.43,0.49,3.469,29.49,5945.4,3.54,0.0789,15.79,183.5,10.66,14.749,118.2,0
76.94,1.824,22.11,0.19,3.461,30.62,6006.3,1.65,0.0475,14.62,181.4,11.41,14.938,122.6,0
78.13,1.267,21.5,0.76,3.556,28.35,6065.2,2.05,0.0605,15.34,187.4,12.22,14.861,124.6,0
75.83,1.176,22.42,0.11,3.464,33.8,6060.6,1.47,0.058,14.46,171.0,12.13,15.028,113.8,0
79.84,1.34,22.37,1.63,3.391,29.93,5807.3,2.28,0.0117,15.1,181.4,10.18,15.221,120.4,0
73.25,1.747,23.16,0.11,3.396,27.87,5673.7,3.14,0.0947,15.08,152.0,12.84,14.844,122.0,1
78.89,1.116,21.9,0.3,3.509,32.01,5893.1,2.58,0.0302,15.44,171.2,12.66,15.218,121.3,0
78.89,0.559,21.94,0.08,3.42,29.09,5604.2,2.45,0.0556,15.65,182.7,11.93,14.89,115.7,0
76.86,1.207,22.4,1.22,3.594,32.39,6172.3,3.84,0.0833,15.29,169.0,11.17,15.346,119.0,0
78.69,1.105,20.94,0.12,3.484,31.74,5991.1,1.53,0.0831,15.16,173.2,11.79,15.036,121.3,0
77.57,1.385,21.17,0.27,3.5,30.43,5875.1,3.73,0.0661,15.14,181.7,11.49,14.95,115.0,0
80.68,1.052,21.93,0.98,3.553,28.14,5987.3,1.39,0.0101,14.54,173.4,12.09,15.332,115.6,0
81.23,1.362,21.84,0.3,3.515,29.11,5832.3,2.3,0.0602,15.26,182.7,13.11,14.964,119.8,0
76.09,1.035,22.91,0.08,3.449,30.43,5817.7,0.95,0.0075,14.19,172.4,11.71,14.791,117.6,1
77.23,1.671,21.96,0.85,3.559,31.96,5952.0,4.17,0.0488,15.57,185.7,12.11,14.938,110.9,0
79.14,1.749,21.23,0.55,3.476,29.53,6021.3,3.74,0.1045,15.79,192.3,11.9,14.784,120.0,0
73.92,0.399,21.77,0.08,3.266,26.24,6110.2,3.53,0.0082,14.81,185.4,15.65,15.804,121.6,1
79.74,0.436,21.96,0.45,3.433,29.23,5852.9,2.59,0.0167,15.01,178.1,12.56,15.043,117.2,0
76.6,0.479,20.93,0.07,3.481,29.96,5758.8,2.64,0.0008,13.78,175.5,11.53,14.796,130.1,0
77.63,1.26,23.17,0.01,3.525,28.75,6070.7,3.33,0.0457,13.96,190.6,11.72,14.922,120.6,1
80.01,0.673,21.13,0.07,3.592,30.23,6174.3,1.96,0.0237,15.14,199.0,9.46,15.037,124.5,0
79.0,1.483,21.62,0.61,3.451,30.28,6262.8,2.63,0.0028,14.57,174.3,11.85,15.144,123.4,0
79.49,1.115,21.22,0.35,3.451,29.44,5946.2,2.17,0.0644,14.88,171.6,11.12,15.044,120.4,0
80.46,0.083,21.24,0.02,3.476,29.51,6105.1,2.29,0.0699,14.35,168.0,13.27,14.775,115.3,0
78.31,0.959,21.98,1.15,3.531,29.31,6037.4,2.74,0.0351,15.09,173.1,13.39,14.807,120.9,0
78.85,0.375,21.3,0.05,3.461,27.76,5871.6,2.27,0.0463,14.62,187.7,11.74,15.049,121.9,0
77.07,1.418,20.45,1.51,3.492,32.61,5988.9,3.07,0.0221,14.55,177.0,12.9,15.108,116.4,0
77.37,1.246,21.45,0.88,3.498,29.74,5993.9,2.17,0.0845,15.62,186.6,11.58,15.219,118.6,0
76.79,1.115,22.35,0.38,3.467,31.85,6003.9,2.41,0.0451,15.28,193.3,11.59,15.124,125.3,0
79.03,0.218,22.98,1.18,3.512,28.79,5943.4,2.54,0.0334,15.45,174.0,10.49,15.215,122.7,0
75.89,1.578,22.71,0.04,3.507,30.46,6183.2,1.58,0.0106,15.74,180.6,11.81,14.89,119.0,1
78.59,2.325,22.18,0.18,3.452,25.5,6201.5,3.15,0.0149,14.34,176.4,12.59,15.049,117.6,0
76.81,1.375,21.36,0.09,3.494,34.13,6021.4,1.37,0.0151,13.62,183.1,11.04,15.177,124.2,0
79.28,0.976,21.77,0.12,3.536,30.31,5809.1,2.09,0.0045,15.25,174.2,12.1,15.31,118.9,0
77.43,1.062,23.85,0.12,3.439,29.65,5958.6,4.02,0.0627,15.16,184.7,13.08,15.921,118.8,0
77.92,1.817,21.75,0.33,3.65,27.57,5525.4,0.22,0.0431,15.29,194.4,12.38,14.562,123.0,1
79.72,0.693,22.61,0.31,3.509,30.98,6122.2,1.21,0.0468,14.88,180.4,11.62,14.626,120.3,0
75.82,1.199,22.22,0.07,3.525,25.86,6535.3,4.43,0.0522,15.06,173.1,14.03,14.963,118.4,0
78.28,0.799,22.32,0.68,3.556,29.23,6081.2,2.75,0.0166,15.0,185.0,12.48,14.875,125.7,0
78.43,0.057,22.9,2.04,3.528,30.46,6087.7,4.57,0.0557,16.25,196.6,11.7,14.91,115.8,0
78.21,1.48,21.79,0.64,3.477,27.62,5801.8,2.75,0.0611,14.72,173.9,11.67,15.138,120.5,0
78.08,1.56,21.77,1.49,3.501,29.81,5924.5,1.48,0.0385,15.01,193.8,11.51,14.8,121.9,0
78.6,0.377,21.04,1.28,3.537,29.93,5759.4,1.36,0.0371,14.9,180.3,11.55,14.834,123.3,1
78.21,1.581,21.8,0.43,3.471,28.91,5656.0,3.38,0.0072,14.86,167.8,11.68,14.938,120.2,0
78.17,0.643,20.86,1.89,3.464,28.24,5936.4,3.86,0.05,14.88,180.1,12.06,14.768,120.3,0
78.93,0.368,20.95,0.04,3.511,31.43,5987.1,4.64,0.0096,15.22,174.6,11.89,15.134,121.1,0
79.77,0.711,23.14,0.03,3.499,29.69,6318.8,2.93,0.0548,15.29,179.5,12.05,15.021,115.5,0
78.82,1.169,21.82,0.26,3.505,30.76,6131.0,2.16,0.0524,13.92,188.2,11.63,15.019,106.1,0
79.88,1.289,21.48,1.28,3.408,28.16,6060.3,3.06,0.0747,14.77,161.9,9.13,15.289,101.7,1
77.92,0.452,22.2,0.01,3.498,29.96,5922.2,2.65,0.0168,15.25,177.5,11.07,15.102,124.3,0
75.91,1.201,22.55,1.16,3.512,28.4,6228.7,1.72,0.0227,14.46,167.6,12.47,14.86,119.9,0
78.8,0.74,22.93,0.48,3.438,30.35,6160.9,3.08,0.0125,15.04,186.5,11.97,15.019,124.4,0
79.71,0.215,23.17,0.35,3.414,28.54,6046.2,1.8,0.0388,14.9,183.4,12.1,14.874,119.8,0
78.51,0.625,21.5,0.4,3.515,29.26,5954.0,2.1,0.0004,15.33,174.3,12.04,15.023,121.8,0
78.85,1.387,21.83,0.41,3.502,30.17,6158.0,3.36,0.0116,15.01,180.6,12.2,15.274,117.8,0
76.29,1.153,21.69,1.15,3.503,32.36,6311.0,2.94,0.015,15.16,178.6,12.2,14.997,122.9,0
80.4,1.123,23.52,0.38,3.428,32.77,6208.4,3.27,0.0141,15.15,185.6,12.07,14.793,117.1,0
76.37,0.523,22.69,1.05,3.543,32.03,5910.3,2.41,0.0083,14.63,187.6,11.0,15.035,118.6,0
76.7,1.085,22.42,0.46,3.444,29.99,5803.1,2.11,0.0609,14.06,189.5,11.46,15.011,109.2,0
77.76,0.545,21.95,0.22,3.488,31.06,6010.7,1.8,0.0274,14.59,159.8,12.8,14.889,115.0,1
78.1,0.715,21.43,0.32,3.52,30.65,6250.4,4.01,0.0302,15.27,183.6,12.41,14.899,121.2,0
75.95,0.968,22.46,0.7,3.545,28.15,6238.3,2.13,0.1568,15.07,192.4,11.66,14.965,109.2,1
80.7,1.613,22.54,0.68,3.497,31.05,5922.9,3.16,0.0907,16.02,202.2,11.87,15.15,119.5,0
77.78,0.976,22.53,1.0,3.514,28.91,6328.5,3.44,0.0373,14.48,172.6,12.43,14.956,115.7,0
77.21,0.957,22.55,0.25,3.426,28.65,6035.6,1.88,0.0122,14.13,168.6,10.88,14.913,122.0,0
76.97,1.537,21.63,0.32,3.516,29.89,6034.4,3.19,0.0355,15.19,173.5,12.6,15.217,117.3,0
77.19,1.494,22.45,1.09,3.454,29.05,6289.1,1.89,0.0975,15.74,189.0,13.69,15.021,126.1,0
79.93,1.43,21.95,0.31,3.541,29.45,6509.9,2.46,0.0424,14.41,180.3,13.76,15.424,116.8,0
80.3,1.628,22.34,0.14,3.505,28.9,6284.1,2.12,0.0635,15.07,178.2,11.64,15.402,116.9,0
78.86,0.817,21.91,1.23,3.495,30.75,5719.4,4.25,0.017,15.91,164.9,12.58,15.045,117.2,0
77.58,0.299,22.02,0.1,3.446,27.84,6222.1,2.69,0.0288,14.05,182.6,11.53,14.773,121.6,0
78.86,0.762,22.07,1.34,3.491,29.63,6024.0,0.96,0.0364,14.16,182.9,11.89,15.193,118.2,0
78.09,1.53,23.12,0.1,3.528,30.87,5890.6,3.74,0.0222,14.92,186.8,12.1,15.315,118.7,1
75.3,0.782,21.66,4.65,3.541,29.2,6123.4,4.45,0.0253,15.34,181.3,11.32,14.918,111.4,1
76.3,0.636,22.82,1.41,3.448,32.09,5942.4,2.02,0.0024,15.25,172.1,11.19,14.732,122.0,1
77.95,0.642,22.62,0.63,3.572,28.32,6025.7,1.82,0.0074,15.5,157.4,11.91,14.907,120.4,1
78.36,0.101,20.92,0.1,3.462,29.96,6145.3,1.48,0.0618,15.44,182.9,12.37,14.555,108.9,0
77.58,0.828,21.72,0.04,3.537,28.62,6087.4,1.78,0.0082,14.7,187.7,11.19,14.842,120.4,0
81.36,1.139,22.98,0.08,3.594,29.13,5767.4,2.43,0.001,14.64,187.1,11.99,15.388,119.5,0
75.92,1.212,21.62,1.91,3.457,30.87,6118.9,1.17,0.0364,14.98,168.9,10.58,15.025,129.9,0
77.5,0.651,21.3,0.16,3.478,28.49,6103.1,2.92,0.041,15.04,192.6,10.64,15.043,114.0,0
77.1,0.616,22.51,0.03,3.516,27.82,6046.2,4.38,0.0474,15.08,193.2,12.47,15.017,118.7,0
75.08,0.776,21.47,0.25,3.497,29.51,5666.7,1.71,0.0251,15.38,197.6,12.16,15.262,123.3,0
79.75,0.794,22.38,0.38,3.528,30.0,5995.3,3.6,0.0049,15.07,170.6,11.22,15.308,124.1,1
77.43,1.005,21.36,1.18,3.459,30.85,5907.4,1.84,0.0448,14.8,180.9,12.35,14.792,120.2,1
77.25,0.588,21.13,0.01,3.571,29.44,6215.0,2.23,0.0589,15.09,170.4,13.09,15.468,116.1,0
76.06,1.261,22.35,1.5,3.476,31.36,6427.1,1.82,0.0252,13.9,183.0,12.56,15.174,121.0,1
76.4,0.067,23.54,0.42,3.398,30.86,5725.3,2.69,0.049,15.0,172.4,11.74,14.887,125.7,0
77.02,2.027,21.2,0.06,3.522,28.49,5815.9,3.9,0.1076,15.23,189.7,12.18,14.766,126.0,0
74.0,0.375,21.59,1.79,3.478,30.26,5823.2,1.43,0.0493,15.58,181.0,12.49,14.899,114.6,0
78.72,1.275,22.66,0.13,3.454,34.24,6157.1,1.4,0.0605,14.65,169.4,11.64,14.884,123.8,0
78.53,0.8,22.54,1.39,3.578,28.78,5946.0,3.26,0.1011,15.5,172.9,11.48,15.286,117.3,0
75.07,0.909,22.83,0.15,3.577,27.85,5979.6,3.75,0.0338,14.33,175.3,11.84,15.197,121.2,0
78.63,1.932,21.9,0.58,3.51,27.73,6117.3,1.73,0.0002,15.29,203.3,12.1,14.866,118.8,0
78.06,0.504,23.42,0.41,3.525,31.98,6038.6,1.56,0.0652,15.11,182.9,11.7,15.002,121.3,0
81.44,1.433,22.88,0.5,3.513,29.21,5985.2,1.51,0.0171,15.2,179.0,11.12,15.3,112.8,0
79.66,0.404,21.07,1.58,3.455,29.51,6131.7,0.59,0.0834,14.31,179.5,12.64,14.953,122.9,0
78.48,0.59,21.83,1.0,3.492,30.81,6046.0,2.05,0.0114,14.79,183.2,11.66,14.878,120.6,0
78.11,0.456,22.26,0.32,3.473,27.81,5759.9,3.48,0.0055,14.9,185.8,10.12,14.821,115.1,0
80.47,1.279,21.89,0.91,3.562,31.18,5607.5,2.67,0.036,15.15,187.4,11.97,15.042,118.7,1
75.48,1.382,22.95,0.38,3.492,31.18,6105.2,3.72,0.0085,14.33,180.3,11.6,15.386,128.4,0
78.56,0.15,23.23,0.12,3.524,29.31,6025.0,3.19,0.0168,15.03,175.8,11.04,14.796,121.9,0
77.4,0.377,22.13,0.68,3.461,32.7,6130.0,2.76,0.0107,15.11,184.6,11.85,15.033,125.3,0
78.3,0.862,23.57,0.81,3.556,30.51,5585.6,3.09,0.0264,14.18,185.4,10.49,15.233,120.5,1
76.89,1.118,21.84,0.84,3.482,26.94,5979.7,4.42,0.0782,15.19,194.6,12.93,14.799,115.1,0
79.3,0.358,21.29,1.04,3.536,30.35,5820.2,2.24,0.0203,14.89,175.7,11.24,14.805,126.0,1
76.2,0.246,21.33,0.33,3.502,28.6,5992.4,3.86,0.0092,13.61,166.0,12.11,14.578,122.6,1
78.43,1.543,22.25,1.68,3.569,30.56,6218.2,2.37,0.0268,14.29,197.1,12.48,15.08,119.8,0
78.44,1.687,18.68,1.22,3.42,33.18,5791.7,1.46,0.0825,16.06,176.5,8.82,15.161,122.6,1
77.16,1.001,22.96,0.11,3.598,30.4,6054.3,2.9,0.0339,15.68,177.3,11.46,15.161,117.0,0
77.88,0.519,21.82,3.55,3.478,32.35,6045.1,2.34,0.091,14.99,162.7,11.92,14.869,124.6,1
76.65,0.638,22.53,0.19,3.434,28.32,6089.3,3.69,0.0592,15.01,186.1,11.64,14.913,118.1,0
79.0,1.447,23.55,0.36,3.508,29.15,5931.8,2.95,0.0906,15.51,177.9,12.25,15.044,117.8,0
77.66,0.962,22.25,1.22,3.573,29.36,6019.0,3.0,0.0311,15.69,177.6,11.35,14.793,121.7,0
79.77,0.854,20.73,2.1,3.554,30.45,5913.9,3.27,0.0834,14.92,175.6,11.88,15.035,122.3,0
78.26,0.179,21.73,0.55,3.544,31.99,6272.2,3.34,0.0671,15.45,181.5,11.39,14.918,125.3,0
77.13,0.278,21.7,3.43,3.498,30.23,6009.3,1.92,0.0358,15.68,188.5,12.28,14.95,122.7,0
77.15,1.938,21.32,0.35,3.465,28.77,6105.0,1.51,0.0193,13.83,175.7,11.56,15.241,115.0,0
78.32,0.908,22.46,0.54,3.488,28.4,6046.5,2.82,0.0178,15.4,186.7,12.25,14.784,116.4,0
74.51,1.558,21.52,1.09,3.514,29.52,6131.7,1.68,0.0231,14.55,161.6,10.7,14.941,126.6,1
77.32,0.84,21.92,1.12,3.491,30.14,5957.8,1.95,0.0051,15.0,193.1,11.52,14.86,119.3,0
78.05,0.847,22.44,0.17,3.462,29.79,5884.6,0.12,0.0295,14.9,165.4,12.71,15.196,127.0,0
78.62,0.059,22.64,0.91,3.6,28.67,6117.0,3.77,0.0883,14.27,159.5,11.98,14.76,111.1,1
79.55,0.193,21.96,1.43,3.622,29.14,6000.1,0.56,0.0277,15.56,180.2,13.08,15.12,119.5,0
75.55,1.116,22.55,0.58,3.555,31.18,5463.9,2.35,0.0202,15.28,178.8,10.7,15.254,122.1,0
77.9,1.514,21.76,0.25,3.471,28.81,5883.8,1.85,0.0046,14.97,188.2,11.48,15.248,123.5,0
76.76,0.487,22.28,0.37,3.474,29.98,6204.2,2.29,0.0461,14.39,172.4,11.83,14.92,117.5,0
76.9,0.472,22.65,2.72,3.443,31.24,6257.4,5.03,0.0282,14.86,176.2,12.65,14.681,114.4,0
79.88,0.652,21.03,0.01,3.459,30.45,6253.7,4.06,0.0407,15.06,164.7,12.21,14.734,123.2,0
78.89,0.281,22.11,0.53,3.46,29.19,5930.9,1.72,0.0466,15.63,170.9,11.63,15.269,122.7,0
77.44,0.629,22.14,0.3,3.54,29.56,5816.1,3.23,0.0079,14.79,169.7,12.82,14.84,119.3,0
79.61,1.307,20.75,0.18,3.539,32.18,6097.1,2.46,0.0308,15.37,175.0,12.33,14.944,119.2,0
77.74,0.102,21.83,0.0,3.549,28.56,6107.9,3.95,0.0586,15.15,174.2,11.14,15.026,126.2,0
77.32,0.202,23.7,0.14,3.572,32.96,6095.6,0.42,0.0318,15.1,174.3,10.96,15.014,115.7,0
75.69,3.458,22.4,0.55,3.468,33.48,6024.9,1.28,0.1088,15.44,208.2,8.43,14.5,124.4,0
77.72,1.401,22.55,0.28,3.492,29.7,6228.4,3.55,0.0908,15.44,184.4,12.37,15.161,118.3,0
77.75,0.27,22.11,1.7,3.394,28.77,6075.1,1.63,0.0044,15.13,189.5,13.0,15.364,126.4,0
78.2,0.701,22.23,1.71,3.531,32.0,5931.3,3.15,0.0519,14.41,177.9,12.07,14.724,120.0,0
76.77,0.442,21.41,0.22,3.577,31.6,6015.4,3.21,0.0946,15.04,187.1,11.88,14.979,116.9,0
77.72,0.974,21.31,0.53,3.601,28.94,6250.8,3.11,0.1032,15.18,172.7,11.24,14.882,120.5,0
77.66,0.736,22.57,0.67,3.47,29.68,5854.7,2.05,0.0203,14.56,178.2,11.34,14.458,127.1,0
78.26,0.923,22.19,0.94,3.538,30.35,6156.9,3.05,0.0183,15.49,181.1,11.02,14.929,121.7,0
75.64,1.651,22.83,0.33,3.475,30.96,6081.1,1.32,0.0125,15.38,184.6,11.72,14.874,124.2,0
78.67,1.684,22.59,0.55,3.504,31.93,6410.9,1.27,0.0111,15.05,170.4,12.13,15.202,127.7,1
78.24,2.033,22.09,0.36,3.492,30.55,6093.7,3.59,0.0168,15.46,168.3,10.4,14.962,114.5,0
78.95,1.34,22.41,0.27,3.478,32.42,5747.1,2.53,0.0378,15.14,186.9,12.96,14.942,119.3,0
79.33,0.02,21.21,0.63,3.368,31.87,5846.9,3.76,0.0862,14.56,178.3,11.63,14.693,118.8,0
77.78,1.75,21.48,0.11,3.481,28.11,5798.0,3.19,0.0265,14.82,177.9,12.61,15.379,117.0,0
76.95,0.914,21.21,0.23,3.424,29.08,6142.0,0.99,0.03,15.56,175.0,12.6,15.281,118.1,0
79.11,0.387,21.47,0.43,3.567,28.47,6160.4,1.13,0.0166,15.52,169.3,10.9,14.922,120.5,1
77.35,2.173,21.61,1.0,3.523,27.27,6063.0,3.69,0.045,14.54,171.3,12.61,15.331,123.7,0
77.95,1.168,21.65,0.06,3.505,35.15,5726.6,2.58,0.0205,16.29,161.0,11.15,15.465,121.3,0
75.93,1.683,20.51,0.45,3.446,29.15,6284.0,4.53,0.0751,14.62,183.6,13.66,15.455,125.6,1
75.59,0.222,22.26,0.77,3.485,29.17,5983.3,2.33,0.0009,14.76,180.6,12.95,15.543,120.7,0
77.85,0.675,21.36,0.1,3.497,29.46,6264.7,3.05,0.0508,14.02,190.5,10.84,15.238,121.3,0
77.03,1.407,22.29,0.65,3.513,28.33,5865.0,3.18,0.0171,14.9,176.2,11.18,14.769,116.7,0
76.24,0.514,21.26,2.37,3.605,29.53,5820.4,2.95,0.0582,14.83,180.3,13.2,15.296,113.1,1
79.16,1.151,21.78,0.17,3.446,31.29,6088.6,2.63,0.0338,14.98,171.2,12.07,15.158,116.0,0
78.1,1.348,21.69,0.39,3.473,30.77,6257.8,3.13,0.011,15.07,205.3,13.68,14.484,122.5,0
77.27,1.534,21.55,0.22,3.651,29.29,6322.9,2.91,0.0307,14.91,181.3,11.99,15.174,124.2,0
77.93,0.172,20.61,0.64,3.393,29.41,5538.5,0.89,0.0968,14.52,176.1,11.83,14.712,120.2,0
76.03,0.982,21.93,0.14,3.397,29.89,5944.5,4.15,0.0463,15.14,168.5,14.1,15.327,125.4,0
77.09,1.467,22.8,0.44,3.51,29.75,6406.8,2.06,0.1718,14.56,184.4,10.5,15.271,111.6,0
78.24,1.131,22.73,0.33,3.546,30.59,5834.8,2.22,0.0018,13.91,180.9,12.46,14.732,123.6,0
79.07,0.559,21.49,0.05,3.525,29.76,6140.0,1.06,0.0252,14.95,182.6,12.23,14.99,122.1,1
77.24,1.728,20.84,0.53,3.492,28.61,5977.8,2.53,0.0009,14.81,192.6,12.4,14.84,112.2,0
79.09,1.164,20.74,0.49,3.548,30.56,5943.0,2.23,0.0166,14.81,180.0,11.16,14.739,121.1,0
73.84,1.422,21.29,0.12,3.509,30.53,5846.4,2.52,0.0248,15.32,178.3,13.53,14.907,117.7,0
77.6,1.163,22.65,0.29,3.487,29.09,5901.0,2.58,0.0584,15.43,189.3,13.44,15.033,120.9,0
80.96,0.783,22.19,0.43,3.539,33.35,5978.5,2.43,0.0623,15.14,183.6,12.06,15.008,123.7,0
78.31,0.813,21.75,0.94,3.562,30.41,6055.5,2.97,0.0546,14.86,191.6,12.26,15.283,115.1,0
78.35,0.635,23.24,0.59,3.497,27.87,6072.7,2.5,0.0361,15.63,187.7,11.85,15.139,120.1,0
77.7,1.02,21.5,0.62,3.521,29.56,6133.7,3.41,0.0364,15.04,182.1,12.78,15.003,118.1,0
74.93,0.509,24.04,1.58,3.452,30.24,5852.1,1.79,0.0458,16.02,176.3,12.41,15.349,116.4,1
76.1,2.149,22.26,0.07,3.578,29.21,5870.6,3.34,0.0092,15.08,187.9,12.53,15.377,126.1,0
79.49,0.499,21.8,0.81,3.485,32.03,5808.0,2.27,0.0533,15.07,198.1,10.52,14.946,117.9,0
76.85,0.921,22.98,0.02,3.5,28.09,5664.6,0.22,0.0283,14.96,188.5,12.15,15.081,117.7,0
79.58,1.116,20.03,0.96,3.536,29.6,5732.4,1.35,0.0261,15.27,176.7,12.55,14.706,118.5,0
78.28,1.279,24.54,0.43,3.494,31.26,5992.3,2.32,0.0365,15.16,179.4,10.85,15.156,118.8,1
78.01,1.046,22.33,0.01,3.452,29.83,5901.2,4.47,0.039,15.27,180.8,12.06,14.625,119.3,0
78.72,1.045,21.79,2.66,3.54,28.34,6006.8,0.55,0.0162,14.66,151.7,12.08,14.98,112.0,0
75.59,0.637,21.5,0.43,3.496,28.75,6455.0,2.33,0.0931,14.65,170.5,11.75,14.992,123.2,1
73.74,0.124,21.88,0.19,3.519,30.53,6273.7,0.03,0.0226,15.13,186.6,11.49,14.826,114.5,0
77.98,1.492,21.82,2.5,3.517,31.27,6019.8,2.35,0.0339,15.39,180.7,12.91,15.229,120.8,0
79.9,0.727,20.62,0.3,3.51,30.38,6091.6,2.69,0.0563,14.48,184.9,10.95,14.908,119.6,0
75.46,0.21,20.74,3.87,3.607,34.39,6252.2,4.14,0.0329,15.0,179.0,13.14,15.183,124.1,0
79.12,1.311,21.85,2.7,3.538,30.13,6041.5,2.85,0.0153,13.88,173.1,11.8,14.699,118.1,0
74.51,0.952,22.1,0.51,3.517,29.59,6181.1,2.7,0.0069,15.13,178.5,12.06,15.219,122.5,0
78.36,0.993,21.63,1.64,3.545,31.4,6141.2,2.12,0.0122,15.17,176.9,11.61,14.829,119.3,0
76.97,1.401,20.61,1.28,3.501,28.76,5926.5,0.02,0.0102,15.28,185.6,12.61,15.421,119.4,0
78.26,0.977,22.06,0.28,3.498,28.32,6068.0,3.75,0.0227,15.01,180.8,12.76,14.815,121.9,0
77.26,0.999,21.69,0.25,3.538,29.65,6178.4,2.42,0.0358,14.49,175.1,12.36,14.942,116.6,0
77.69,0.688,21.55,2.45,3.526,28.96,6073.6,2.0,0.0323,14.68,185.0,11.22,14.773,117.6,0
77.9,0.471,21.95,0.32,3.492,30.72,6031.1,4.29,0.0146,14.64,177.1,12.66,14.986,116.2,0
79.1,0.721,22.19,0.54,3.477,30.89,5917.8,2.28,0.0577,14.89,179.1,12.48,15.128,114.6,1
78.05,0.389,21.7,0.37,3.578,30.04,6014.5,3.24,0.0407,14.17,161.7,12.0,15.131,113.1,0
76.39,1.463,21.97,0.98,3.588,30.3,6218.1,0.12,0.0112,15.25,185.0,11.59,14.908,117.3,0
77.48,0.677,22.34,0.67,3.496,29.98,6190.2,2.14,0.06,15.44,185.5,11.51,15.139,119.8,1
78.85,1.28,21.21,1.07,3.518,30.17,5938.8,4.48,0.0238,15.92,176.3,12.05,15.229,123.5,0
78.52,0.144,22.76,0.07,3.461,28.76,6324.9,1.65,0.0805,14.68,167.6,11.04,15.29,121.9,1
76.49,1.166,21.48,0.2,3.522,30.04,6047.0,3.38,0.0087,15.52,179.6,11.87,15.218,117.8,0
77.98,1.354,22.62,0.76,3.488,28.4,6081.1,2.35,0.0732,15.13,189.0,12.65,15.125,119.6,0
76.85,1.317,21.96,0.29,3.52,30.57,5940.4,3.01,0.0412,15.14,190.3,10.98,15.336,120.3,0
76.62,0.408,23.19,0.38,3.571,30.2,5925.1,1.78,0.0079,14.75,195.9,10.66,15.217,126.9,0
77.93,1.043,21.24,0.75,3.496,31.77,6267.4,2.68,0.0155,14.66,170.1,12.35,15.009,126.8,0
75.04,1.266,22.5,0.7,3.554,27.4,6079.7,1.65,0.1103,15.03,181.6,12.67,15.535,118.6,0
77.51,1.408,21.14,0.57,3.434,28.14,5876.9,2.15,0.0328,14.58,180.2,12.1,15.284,116.6,0
76.9,1.035,22.38,0.23,3.547,30.68,5794.1,3.75,0.0432,14.86,176.8,13.05,15.009,125.9,0
80.75,1.54,22.54,1.57,3.543,28.8,5787.8,2.51,0.0847,14.97,187.2,10.69,14.261,127.4,1
80.26,1.223,21.8,0.48,3.552,30.81,5636.4,2.59,0.0477,15.53,181.0,11.06,15.186,122.6,1
74.38,1.392,20.57,0.31,3.46,31.07,6084.9,0.57,0.0211,12.17,182.3,10.56,14.776,121.0,0
78.15,1.227,21.35,0.21,3.525,27.93,5470.8,2.84,0.0008,14.5,179.1,11.55,14.832,120.3,0
79.35,1.376,20.83,0.34,3.477,31.34,6022.8,2.76,0.0376,14.84,181.0,11.33,14.434,118.0,0
77.86,1.532,22.24,0.18,3.577,30.15,5902.3,3.01,0.0198,15.03,183.2,11.53,14.796,126.4,0
78.41,0.716,21.67,0.43,3.483,27.13,5847.4,1.85,0.006,14.89,178.3,13.71,14.773,119.3,0
75.46,1.069,21.41,0.25,3.562,30.3,6168.8,0.96,0.0672,15.11,178.9,10.05,14.786,127.9,0
78.05,0.785,21.52,0.28,3.496,28.46,6142.5,1.8,0.0178,15.28,177.2,12.1,14.987,119.1,0
78.69,1.115,22.67,0.88,3.47,30.26,6099.0,2.71,0.0241,14.91,190.8,12.7,15.198,113.6,0
75.0,1.288,22.34,1.11,3.57,33.18,5868.6,3.23,0.0324,14.47,177.4,11.92,15.058,122.2,0
80.55,1.047,22.15,0.09,3.403,31.77,5807.8,2.03,0.1026,15.7,178.8,13.0,14.956,127.3,1
76.95,1.543,21.27,1.15,3.506,29.5,6156.4,2.07,0.0161,14.11,172.9,10.58,14.967,122.4,0
80.58,0.785,22.32,0.05,3.509,29.3,5969.3,3.4,0.0931,14.88,185.2,12.02,14.712,117.7,0
78.92,0.589,21.45,1.73,3.472,31.66,6039.6,3.57,0.0433,15.45,188.1,11.96,14.926,119.6,0
78.95,2.362,22.63,0.49,3.475,30.35,5813.9,2.96,0.0372,15.29,188.7,13.38,14.81,118.7,0
80.43,0.909,21.92,0.69,3.438,29.93,5995.6,2.57,0.0018,13.44,180.4,10.58,15.066,120.2,1
79.84,1.301,21.33,0.07,3.512,27.43,6060.1,0.6,0.0218,14.8,185.3,12.09,14.957,119.6,0
79.3,1.025,22.13,0.19,3.485,30.55,6242.3,0.79,0.0254,14.3,186.9,11.9,15.196,116.6,0
74.82,1.078,22.77,0.4,3.439,29.35,5956.1,1.85,0.0304,15.82,181.9,12.42,15.134,116.4,1
78.07,0.621,22.82,0.31,3.487,29.51,6130.0,1.27,0.0003,14.83,181.8,11.86,15.056,114.3,0
75.54,1.44,21.79,0.34,3.439,30.04,5705.2,2.69,0.0376,15.39,193.2,11.25,14.313,110.9,0
77.31,1.195,21.97,0.06,3.486,30.31,6024.4,3.48,0.0049,15.43,194.0,11.56,14.974,123.3,0
77.51,1.759,22.86,0.55,3.536,29.12,5734.6,2.97,0.0562,15.09,186.9,12.91,14.848,119.4,0
79.94,1.628,22.39,0.92,3.476,30.92,5965.2,3.9,0.0375,15.45,184.5,12.3,15.131,116.1,0
78.33,1.209,22.72,0.51,3.491,25.03,6079.4,3.11,0.1261,14.63,179.3,14.24,14.622,135.3,0
74.1,0.799,22.88,0.37,3.436,30.88,6059.1,1.92,0.0092,15.35,185.6,12.87,14.805,118.6,0
78.41,0.868,21.08,1.42,3.486,32.61,5905.4,3.37,0.0149,14.32,166.3,11.77,14.504,117.4,0
77.27,1.022,21.87,0.36,3.48,30.44,5907.6,2.21,0.0112,15.31,183.2,10.59,14.993,118.3,0
78.74,0.547,22.93,0.37,3.451,31.96,6160.3,2.12,0.006,13.63,170.4,12.28,15.131,126.3,0
79.56,1.08,21.57,0.13,3.488,31.52,5780.6,1.72,0.046,14.64,169.6,12.7,14.909,120.7,0
76.92,1.616,20.53,0.22,3.506,30.47,6125.6,1.38,0.0325,15.04,191.5,12.5,15.123,121.4,0
77.45,0.833,22.81,0.05,3.458,29.19,6058.6,2.51,0.1143,14.75,186.3,12.69,15.224,121.0,0
73.73,2.937,23.04,1.95,3.459,31.01,5338.2,1.92,0.0982,15.06,181.1,12.69,14.98,122.8,0
76.53,1.233,23.22,0.1,3.494,30.11,6201.4,2.05,0.0038,15.18,176.3,12.14,15.027,121.6,0
83.41,1.173,22.74,0.69,3.58,28.13,5676.4,2.76,0.0185,14.9,186.3,11.34,14.998,126.1,0
79.54,1.397,22.28,0.23,3.447,29.88,6350.5,2.48,0.0679,15.02,182.7,12.58,15.188,128.1,0
80.5,1.537,22.43,0.14,3.449,32.24,6065.6,1.33,0.0305,15.26,151.6,10.85,15.241,128.0,0
80.63,1.385,22.67,0.02,3.489,29.21,5720.0,2.35,0.0068,15.67,180.6,11.99,14.87,124.0,0
78.93,1.516,23.5,0.5,3.434,34.09,6756.3,2.91,0.0697,14.61,164.9,11.72,14.61,123.7,0
76.79,0.165,22.5,0.39,3.491,31.58,5860.0,3.07,0.0512,14.86,170.3,10.83,15.121,117.7,0
76.64,1.065,22.96,0.94,3.518,29.88,5787.4,0.73,0.0418,15.25,167.9,11.89,15.078,120.3,0
81.0,1.72,22.08,0.29,3.472,27.54,6115.8,1.49,0.0109,15.43,161.6,12.98,15.565,122.3,1
79.53,0.665,21.97,0.27,3.456,28.29,6184.2,2.64,0.031,14.03,194.4,13.17,15.057,122.5,0
76.73,1.126,20.86,0.95,3.423,30.71,5867.0,2.83,0.0052,14.16,181.1,11.76,14.833,120.6,0
76.11,0.691,20.75,0.33,3.456,30.15,5992.7,1.73,0.039,14.99,191.4,12.14,14.965,122.0,0
78.62,0.369,21.62,0.58,3.461,29.66,5993.8,2.31,0.0199,15.16,182.5,12.09,15.019,115.4,0
78.12,1.313,20.81,1.15,3.411,29.85,5853.6,1.02,0.0372,14.91,184.8,12.38,14.777,105.9,0
78.62,0.916,20.39,0.4,3.518,28.9,5985.8,3.47,0.0031,15.11,177.8,11.06,14.878,114.3,0
74.57,0.551,23.97,0.45,3.537,30.14,6037.1,1.26,0.0093,15.05,176.3,12.3,14.717,115.0,0
79.99,1.97,24.37,0.14,3.568,28.75,5944.2,4.18,0.0283,14.31,182.7,10.91,15.038,118.5,0
78.64,1.857,22.05,2.22,3.494,31.27,6354.6,4.14,0.1189,14.79,181.3,9.96,15.315,124.6,1
77.16,1.474,21.49,0.04,3.595,30.03,6011.4,2.11,0.051,15.18,185.5,12.7,15.357,121.9,1
77.51,2.134,20.74,0.04,3.517,30.8,6254.2,4.81,0.0766,14.75,182.3,10.44,15.122,116.4,0
78.09,0.416,21.96,0.19,3.442,29.24,5869.1,2.65,0.0493,15.25,170.8,12.42,15.206,123.4,0
79.99,0.908,22.11,0.03,3.508,30.27,5804.8,1.46,0.0793,14.09,192.2,11.96,14.71,109.3,0
76.72,0.616,21.2,0.2,3.416,29.65,5981.4,2.51,0.0325,15.68,176.7,12.97,14.905,117.2,0
78.16,1.945,22.9,1.7,3.464,30.29,6165.5,4.46,0.0452,14.79,185.4,10.95,15.0,124.2,0
77.47,0.836,22.24,0.65,3.495,29.65,5845.9,3.56,0.0455,15.23,188.2,12.38,14.827,121.3,0
77.56,1.148,21.58,0.84,3.477,29.96,5857.2,3.52,0.0448,15.14,174.4,11.95,14.957,116.5,0
78.62,0.316,22.71,1.41,3.575,29.57,5873.3,2.1,0.0842,14.53,151.4,12.24,15.554,110.8,1
79.98,0.779,22.28,0.28,3.495,29.85,5938.9,2.69,0.1073,15.32,175.4,11.77,15.165,117.4,0
77.25,1.666,23.46,0.56,3.564,29.4,6071.7,4.23,0.0101,13.94,171.0,12.56,14.935,115.1,1
78.9,1.02,23.6,0.06,3.65,28.46,6475.8,0.54,0.0483,15.33,170.2,11.85,15.015,116.8,0
78.47,0.969,22.19,1.54,3.471,27.38,6125.5,3.38,0.0003,14.85,183.0,11.05,14.814,114.2,0
77.57,1.259,22.36,0.98,3.47,30.02,5838.8,1.52,0.047,15.52,167.3,11.72,15.115,116.1,0
77.73,1.336,21.67,1.66,3.491,29.63,6062.5,3.24,0.0065,15.58,171.8,12.07,14.719,115.6,0
77.28,1.476,21.58,1.66,3.516,27.16,6041.7,2.47,0.0409,14.97,165.0,11.72,15.242,122.8,0
78.89,1.895,22.98,1.01,3.552,29.79,6068.7,1.52,0.0979,13.79,181.1,11.87,15.013,138.8,0
78.84,1.269,22.2,0.53,3.481,31.28,6199.7,2.59,0.0654,15.02,201.9,12.93,14.914,122.3,1
74.22,1.309,22.61,0.64,3.539,28.03,6127.4,2.82,0.0387,15.04,188.1,12.18,15.086,123.8,0
78.67,1.443,22.0,0.36,3.368,31.46,5905.3,2.79,0.025,16.61,197.9,11.19,14.899,114.9,0
76.12,0.071,20.29,0.77,3.593,26.32,6277.1,3.44,0.0332,14.92,171.1,11.81,14.972,124.9,0
76.42,0.985,22.03,0.2,3.496,27.83,6052.5,1.76,0.0178,14.7,177.8,11.08,14.926,117.4,0
78.58,0.818,22.05,0.01,3.503,33.23,6185.3,2.58,0.0224,14.82,179.7,12.16,15.025,113.2,0
80.09,1.291,22.07,0.22,3.509,27.82,5996.7,2.26,0.0951,14.92,172.7,11.82,15.258,118.3,0
78.71,1.284,22.6,0.6,3.423,33.77,5764.2,3.65,0.0096,14.63,182.0,12.59,14.976,117.5,1
77.9,1.296,21.39,0.31,3.569,30.72,5957.1,2.6,0.0109,14.43,160.5,12.18,14.954,119.4,0
77.39,1.483,20.84,0.53,3.597,29.61,6107.6,2.81,0.0169,14.78,177.0,12.22,14.91,123.0,0
79.16,1.087,22.31,0.43,3.469,30.64,5756.2,2.88,0.0251,14.98,175.9,12.84,14.977,120.1,0
76.8,0.816,20.15,0.03,3.398,29.38,6058.5,0.31,0.0159,14.88,180.0,11.39,14.989,112.0,0
77.22,1.258,20.59,3.78,3.537,31.22,6003.6,4.18,0.1084,14.44,163.1,13.67,15.155,123.5,0
79.08,0.56,21.76,0.11,3.467,30.84,5857.0,3.87,0.0098,15.08,173.6,12.42,15.058,120.1,0
79.24,0.993,22.11,0.51,3.58,32.28,5759.8,1.72,0.0194,14.99,179.2,10.81,15.084,122.1,0
75.53,0.514,22.19,0.37,3.469,29.35,6215.6,3.48,0.0202,15.48,193.8,12.38,14.886,121.0,0
76.55,0.889,22.57,0.8,3.56,29.79,6096.5,3.1,0.0021,13.85,178.7,12.54,14.884,124.2,1
76.97,0.561,21.55,0.29,3.529,33.49,6205.7,0.89,0.047,15.35,189.1,11.14,14.942,117.4,0
79.43,2.333,22.15,0.3,3.536,27.3,5927.2,3.49,0.0401,15.14,183.4,11.67,14.547,124.7,1
77.51,0.889,22.0,0.24,3.501,30.13,5750.6,3.01,0.0136,14.85,176.3,12.01,14.826,121.8,0
78.75,1.298,22.23,0.19,3.467,30.37,5889.6,0.23,0.0048,14.58,191.7,12.7,14.797,109.1,0
77.26,1.181,21.88,0.55,3.437,29.71,5623.2,4.0,0.0868,14.64,175.1,12.29,14.781,127.7,0
79.91,0.933,23.15,0.36,3.494,29.95,5976.1,2.2,0.0152,15.36,179.7,11.11,14.627,121.2,0
78.06,0.78,21.86,0.37,3.473,30.37,6102.4,3.87,0.02,14.49,167.8,12.14,15.156,123.4,0
78.6,1.311,21.75,0.58,3.537,27.43,6132.1,1.96,0.0398,14.64,181.6,12.33,14.87,120.4,0
75.01,0.91,21.81,0.15,3.527,31.8,5995.0,5.61,0.0639,15.28,182.2,13.34,14.812,119.6,1
76.18,0.092,21.74,0.01,3.478,28.75,5964.2,2.9,0.0444,14.33,186.4,12.56,15.22,117.5,0
77.28,1.255,21.9,0.0,3.545,27.65,6132.1,2.43,0.0496,15.73,168.6,12.44,15.092,110.3,0
81.13,0.379,22.56,0.58,3.544,30.29,6246.1,1.87,0.0798,15.14,190.1,12.02,15.187,121.2,1
79.38,0.791,22.88,0.04,3.528,28.3,6035.7,1.78,0.0894,15.31,178.5,12.99,15.153,116.8,0
78.74,0.149,23.34,1.14,3.471,30.41,6083.6,1.82,0.0807,15.55,175.4,11.35,15.253,112.9,0
80.36,1.901,22.65,0.3,3.409,28.14,6089.2,4.3,0.0206,16.0,182.5,10.28,14.994,107.2,0
77.65,0.362,21.32,0.31,3.441,28.89,5935.3,3.3,0.0452,14.5,181.9,11.51,15.174,113.2,0
78.7,0.199,21.23,0.05,3.558,31.27,5662.3,1.42,0.0637,14.86,170.8,10.75,14.92,122.8,0
78.19,1.18,22.6,0.54,3.581,29.81,6063.8,2.9,0.0413,14.73,194.3,11.28,14.896,126.2,0
79.07,0.376,21.98,1.15,3.51,28.05,6088.9,2.19,0.0733,15.24,178.1,11.78,14.643,109.5,0
78.57,1.266,21.97,0.51,3.466,29.47,5914.3,3.75,0.0442,14.77,183.8,11.65,15.268,120.8,0
76.53,1.102,21.49,0.7,3.5,30.14,5671.9,0.84,0.0306,15.45,193.2,13.05,15.465,123.5,0
78.47,0.564,23.33,0.65,3.481,28.71,5964.7,3.57,0.1,14.5,174.1,13.03,14.848,123.6,1
80.41,1.248,22.01,0.71,3.43,33.4,5699.4,3.45,0.0771,15.85,171.4,12.92,14.818,124.7,1
76.8,1.111,20.67,0.53,3.489,31.08,6097.7,1.76,0.1457,14.73,182.2,12.0,15.092,109.0,0
75.47,1.766,21.69,0.05,3.399,27.06,5927.9,5.93,0.0794,14.94,191.2,13.84,14.945,121.9,0
78.31,1.462,21.29,0.1,3.497,29.84,6027.0,1.37,0.0203,14.59,166.6,12.11,15.102,115.9,0
78.74,0.96,22.51,0.27,3.499,30.24,5977.3,2.77,0.0235,15.8,170.4,12.8,14.919,125.0,0
78.03,1.074,22.64,0.01,3.444,32.75,6004.6,2.15,0.0333,14.49,186.8,13.04,14.953,127.2,0
78.62,1.549,21.49,0.75,3.481,31.01,6018.3,2.35,0.0149,15.38,183.6,12.08,14.988,113.8,0
78.57,1.267,21.89,0.24,3.441,29.85,5949.6,4.96,0.0329,14.95,192.0,12.02,14.921,110.7,0
76.64,1.114,21.53,0.35,3.532,31.5,6077.4,4.65,0.0606,15.29,174.2,12.6,14.935,114.1,1
78.52,1.304,23.77,0.44,3.481,28.24,6130.3,4.02,0.0494,14.25,175.6,11.18,15.344,119.2,0
78.38,0.913,22.45,0.31,3.467,31.16,5889.1,3.93,0.01,14.93,175.1,12.23,15.268,125.8,1
78.6,0.363,20.89,1.37,3.511,32.47,5949.8,2.37,0.0359,14.13,163.8,12.67,15.274,114.5,0
76.27,1.55,19.91,0.51,3.494,29.43,6051.8,1.45,0.0136,15.32,153.1,11.64,15.212,116.1,0
78.32,0.515,21.93,0.04,3.482,30.02,5835.8,2.01,0.0882,14.93,176.1,11.66,15.075,117.2,0
79.06,1.89,20.41,0.73,3.475,30.56,5742.4,1.58,0.0542,16.16,182.9,10.92,14.85,116.8,1
77.58,0.354,21.09,0.81,3.407,32.4,6029.4,0.5,0.1019,16.14,169.9,10.82,15.323,116.3,0
78.23,0.656,22.15,0.54,3.552,32.05,5737.3,3.69,0.0064,15.54,175.3,10.57,15.261,113.0,0
78.54,1.447,22.19,0.25,3.44,28.43,6061.7,0.93,0.026,14.99,175.4,12.52,15.061,116.4,0
76.4,1.144,21.8,0.18,3.456,28.56,6019.2,1.58,0.0334,14.77,174.3,11.38,14.786,116.2,0
76.84,1.453,22.2,0.39,3.533,33.82,5940.3,3.28,0.0159,15.02,183.5,11.83,15.092,122.5,0
78.39,1.205,21.98,0.42,3.423,31.82,5939.6,2.43,0.0581,15.14,185.8,11.52,14.941,120.4,0
77.64,0.738,21.59,0.29,3.491,33.27,5888.4,2.2,0.1041,14.38,183.1,11.43,15.276,113.2,0
78.75,0.86,22.45,0.36,3.45,27.57,5738.0,4.3,0.0494,15.55,189.7,13.32,14.848,114.7,1
77.51,1.029,22.16,0.33,3.543,30.81,6194.7,1.94,0.083,13.96,180.6,12.37,15.298,123.7,0
80.18,0.305,21.75,0.99,3.56,30.27,6044.6,3.36,0.0455,15.4,179.8,12.5,15.288,125.4,0
74.9,0.075,22.11,1.69,3.454,28.87,5820.8,2.86,0.1142,14.62,192.9,12.58,14.734,123.5,0
77.4,1.138,21.14,0.28,3.393,30.42,6325.3,3.17,0.0192,14.57,166.7,12.09,16.032,123.3,0
78.94,0.244,20.1,1.61,3.501,29.69,6241.1,4.31,0.076,14.14,179.9,11.15,14.883,117.0,0
77.15,0.79,22.1,0.61,3.544,29.92,6008.4,2.49,0.071,14.99,185.2,11.74,15.164,112.2,1
79.35,1.324,21.94,0.37,3.586,30.65,6042.6,3.36,0.0259,15.14,174.0,12.28,14.995,118.4,0
79.97,0.913,22.79,0.19,3.531,30.16,6011.4,4.57,0.0411,15.17,173.2,12.45,15.095,118.3,0
78.81,0.774,22.02,0.11,3.431,29.07,5782.1,3.97,0.0437,15.4,174.9,12.74,15.067,122.0,0
76.51,0.963,22.17,0.1,3.545,28.35,6052.2,1.85,0.065,14.89,178.7,12.19,14.978,117.6,0
73.4,0.968,23.3,0.55,3.564,34.09,6001.4,2.55,0.0499,15.1,181.0,12.78,14.807,124.5,0
76.85,1.136,21.63,0.05,3.494,32.61,5781.3,2.82,0.037,14.77,196.5,12.6,15.038,120.0,0
78.05,1.298,22.3,0.76,3.522,28.17,6306.6,3.14,0.1384,14.68,185.6,12.29,15.094,121.1,1
78.2,0.108,20.55,0.01,3.507,29.37,5940.0,2.59,0.0365,14.32,176.6,12.63,14.869,124.6,1
77.92,1.587,20.98,0.57,3.503,32.63,6388.3,3.51,0.0342,15.72,182.2,12.01,15.029,121.3,0
79.96,2.082,21.39,0.01,3.454,32.64,6159.7,4.01,0.0765,15.53,189.3,12.14,15.201,120.9,1
77.88,1.495,21.92,1.21,3.522,32.33,6063.1,2.91,0.0089,15.1,186.2,11.97,15.116,119.7,0
79.66,1.666,22.68,0.6,3.521,30.19,6008.1,1.66,0.0136,15.36,185.5,12.35,15.071,122.7,0
76.78,0.941,21.17,1.62,3.45,30.93,6162.5,3.38,0.061,15.0,185.8,10.59,14.971,120.3,0
78.53,0.976,20.73,0.52,3.465,31.33,5718.8,2.95,0.0746,14.25,180.6,13.16,14.685,118.0,1
79.44,1.065,21.37,0.1,3.411,32.4,5890.2,3.12,0.0214,14.69,180.7,11.3,15.205,126.1,0
76.88,0.871,22.59,0.92,3.473,30.88,6178.7,1.17,0.0585,15.91,183.9,10.09,15.211,117.9,0
79.71,0.743,20.85,0.31,3.508,26.77,5635.9,1.49,0.0004,14.7,185.9,13.65,15.007,115.5,0
78.87,1.258,22.58,0.45,3.595,28.75,5993.7,1.44,0.0053,15.33,185.6,11.81,14.787,118.7,0
78.34,0.61,22.46,0.14,3.444,30.32,5813.0,1.61,0.0039,14.3,182.8,12.13,15.172,116.0,0
77.09,1.153,22.66,0.01,3.575,30.33,5848.7,2.63,0.0248,15.04,180.3,11.95,15.193,122.6,0
77.1,0.703,21.84,0.89,3.474,29.61,6594.6,2.08,0.0305,15.23,182.0,10.5,14.846,121.1,0
73.54,0.679,21.47,0.64,3.473,31.22,6102.1,2.19,0.0204,15.17,195.2,11.4,14.606,115.2,1
77.14,0.114,19.76,0.07,3.446,28.01,5873.1,3.11,0.0739,15.19,166.3,12.37,14.56,125.3,1
77.77,1.226,21.9,0.24,3.502,29.65,5760.2,3.41,0.0358,14.84,167.4,11.36,15.139,121.5,0
78.38,1.419,20.91,0.15,3.472,28.05,6053.1,2.71,0.0945,14.6,178.4,13.38,15.496,117.2,0
78.45,0.804,21.92,0.0,3.487,31.87,5797.9,1.81,0.0018,14.86,173.8,13.3,15.228,127.2,0
76.41,1.364,21.73,0.31,3.601,30.64,6145.1,1.74,0.0005,15.22,191.5,11.71,14.981,127.4,0
78.84,1.394,22.23,0.04,3.551,30.62,6081.0,2.46,0.0578,14.06,195.4,12.96,14.935,121.2,0
77.41,0.671,22.01,0.08,3.482,28.14,5870.5,4.26,0.0262,15.03,190.6,11.39,15.583,120.3,0
78.32,1.379,22.63,0.93,3.492,30.71,5736.9,2.64,0.0088,14.38,188.9,11.85,14.762,119.7,0
77.3,1.051,21.69,1.46,3.429,30.01,6433.6,4.44,0.0489,15.47,178.5,12.57,15.125,123.4,0
81.15,1.031,22.22,0.46,3.437,30.84,5862.7,3.12,0.0009,15.43,183.6,12.54,15.012,115.2,0
78.96,0.201,22.1,1.26,3.446,30.35,5962.8,1.82,0.0955,14.84,170.6,12.4,14.438,119.5,0
78.18,2.051,21.9,0.35,3.347,31.45,6150.6,2.04,0.0528,15.61,197.5,10.7,15.175,127.7,1
79.63,0.649,22.62,0.2,3.545,28.62,5954.0,2.09,0.0525,14.36,177.1,13.61,15.473,120.3,0
78.76,2.263,22.49,0.64,3.561,25.18,6449.4,2.55,0.0331,14.2,162.2,10.9,15.681,119.0,1
79.14,1.251,22.67,0.05,3.454,31.86,6062.1,3.03,0.026,14.91,174.2,11.82,14.785,119.0,0
79.71,0.888,21.88,0.19,3.587,30.65,5969.2,3.95,0.0386,15.34,182.9,10.77,15.204,118.3,1
76.57,2.728,21.46,2.43,3.554,32.73,5475.9,0.68,0.1693,15.08,175.5,13.53,15.288,117.6,1
76.25,1.029,22.7,0.92,3.512,29.53,5854.6,4.88,0.1196,14.24,173.6,13.0,14.38,109.6,1
77.36,0.78,21.51,0.42,3.512,28.88,6070.2,2.16,0.0196,15.05,169.4,11.94,14.965,119.4,0
77.82,0.978,21.87,2.15,3.448,30.35,6063.1,2.8,0.0103,15.58,178.3,11.06,14.999,127.8,0
77.86,1.244,21.15,1.71,3.574,28.69,5869.0,2.04,0.007,14.39,178.0,12.95,14.965,111.9,0
76.1,0.801,22.36,0.58,3.491,29.92,6058.7,2.64,0.0296,15.53,181.7,13.36,14.643,127.3,1
78.23,1.128,23.11,0.04,3.445,28.99,6085.3,3.05,0.0408,15.05,171.1,12.1,14.754,115.8,0
80.53,0.128,22.01,0.23,3.505,29.85,5975.4,3.14,0.0042,13.89,183.5,12.58,15.059,120.0,1
80.31,0.326,23.55,0.3,3.55,31.2,5937.1,3.27,0.1141,14.68,167.2,12.98,14.791,118.3,1
78.34,1.03,21.44,0.09,3.522,27.73,5968.2,3.14,0.0038,15.21,166.8,10.63,15.15,123.5,1
76.42,0.258,22.89,0.54,3.462,29.16,6111.8,2.93,0.0132,15.2,184.4,12.41,14.794,122.6,0
79.43,1.378,23.13,0.99,3.251,31.19,6219.3,2.54,0.0544,15.55,189.9,12.18,15.262,111.8,0
75.5,1.262,22.02,0.27,3.493,29.62,5781.6,1.89,0.0152,15.62,170.8,12.05,14.989,119.8,0
77.28,1.242,22.26,1.11,3.44,31.77,5955.5,3.71,0.0507,14.95,187.8,11.87,14.955,113.9,0
79.78,1.219,20.26,3.49,3.535,31.22,6387.7,2.0,0.16,15.32,175.0,11.91,14.866,124.6,0
79.06,1.361,22.5,0.97,3.527,32.28,6420.2,1.13,0.0761,13.61,170.4,12.4,14.918,120.8,0
77.19,1.528,22.79,0.08,3.557,31.03,5912.8,3.47,0.014,15.09,179.5,11.78,15.049,121.0,1
76.76,1.864,22.2,0.48,3.45,30.74,6101.9,3.12,0.0769,15.07,176.4,11.82,15.334,127.6,0
77.87,1.194,21.82,0.21,3.527,31.16,6049.1,2.54,0.0013,14.4,169.2,13.53,14.724,117.5,0
80.2,1.098,22.53,0.22,3.469,28.58,5820.8,3.4,0.038,15.39,192.8,11.75,15.25,123.7,1
79.12,1.372,21.49,0.15,3.484,29.93,6135.0,3.01,0.0696,14.27,181.9,11.53,14.814,121.8,0
75.79,0.361,23.04,0.39,3.545,29.94,5718.2,4.7,0.0508,14.68,186.9,10.99,14.847,127.0,0
80.46,0.783,23.16,0.17,3.539,27.23,5859.9,0.28,0.0773,15.11,180.9,12.09,14.845,121.8,0
77.69,1.764,22.95,0.03,3.475,30.4,5802.1,2.86,0.0723,15.04,181.0,12.7,15.258,120.7,0
76.32,1.47,22.35,0.14,3.54,28.71,6078.2,2.2,0.0078,14.68,171.2,12.03,15.262,113.6,0
78.1,1.631,21.83,0.25,3.528,29.19,6081.7,2.0,0.0248,14.63,182.9,12.83,14.922,119.7,0
76.86,1.184,22.35,0.24,3.497,29.31,6182.2,2.86,0.0101,14.67,178.6,11.41,14.764,123.3,1
76.22,1.555,20.84,1.03,3.495,30.07,6101.7,2.74,0.0085,14.7,188.0,10.59,15.304,115.2,0
79.44,0.975,23.89,0.42,3.523,32.35,5822.8,3.0,0.0093,14.95,181.3,11.57,15.271,119.2,0
76.08,0.22,23.08,0.64,3.498,33.64,6322.7,1.09,0.0097,14.93,201.2,11.83,14.927,127.4,1
80.04,1.023,21.59,0.61,3.504,30.58,5722.4,0.38,0.0295,15.0,174.7,12.8,14.518,121.5,0
77.5,1.244,21.65,0.4,3.431,29.87,5993.3,2.24,0.0006,15.18,178.7,12.57,15.205,121.7,0
75.24,1.271,23.04,0.07,3.463,29.9,5935.9,3.36,0.0349,14.99,179.0,11.91,15.252,117.4,0
79.47,0.703,22.14,0.04,3.51,29.85,6202.8,1.59,0.0225,14.66,171.5,11.43,14.926,118.1,0
78.94,0.094,23.14,0.31,3.484,30.25,5734.5,1.82,0.0296,15.26,179.2,11.24,14.943,118.1,1
73.21,0.124,24.94,0.24,3.528,32.13,5606.1,1.97,0.0772,15.41,188.0,12.95,14.821,124.0,1
76.33,0.906,22.68,0.55,3.585,31.71,5951.1,1.69,0.0685,15.19,173.7,11.86,14.762,122.3,0
75.92,1.768,22.05,0.19,3.545,32.05,6118.5,3.82,0.0506,15.24,176.5,11.6,15.171,121.6,0
80.96,0.689,22.49,0.07,3.507,32.89,5872.2,2.64,0.0571,14.66,170.3,11.64,15.349,114.1,0
80.72,1.629,20.6,0.78,3.399,30.6,6081.3,2.36,0.0392,14.63,182.7,12.28,14.967,114.2,0
77.5,0.815,22.1,0.04,3.535,28.0,5979.1,3.11,0.025,14.51,196.4,10.81,14.817,125.0,0
78.61,1.048,20.44,0.97,3.605,27.81,5881.0,1.2,0.0526,15.08,177.4,11.15,15.034,115.2,0
76.32,0.209,23.15,0.14,3.502,29.7,5849.4,1.79,0.0551,15.89,178.9,12.45,14.826,113.4,0
74.85,1.468,23.55,0.61,3.503,28.67,5974.0,2.36,0.0905,15.12,172.3,12.09,15.125,120.8,0
79.72,0.686,22.87,0.04,3.557,30.79,6131.7,2.05,0.0101,15.02,172.7,12.45,14.946,114.9,0
74.5,1.595,21.5,0.52,3.34,29.77,5493.8,5.84,0.0391,14.72,161.9,11.26,15.292,123.7,1
77.9,0.2,20.0,1.37,3.503,31.6,6107.7,1.94,0.1071,14.97,195.1,13.54,14.794,122.1,0
77.7,1.872,20.9,2.68,3.472,30.01,6361.7,2.53,0.0321,14.2,179.0,11.86,14.941,120.9,0
76.81,0.495,21.52,0.21,3.507,30.75,6126.9,1.84,0.0437,14.39,189.1,11.26,15.049,122.8,0
77.32,0.813,20.82,0.1,3.593,30.23,6041.6,2.58,0.0749,15.26,177.7,11.87,14.911,120.6,1
76.14,1.743,22.32,3.08,3.512,32.92,5961.6,3.62,0.0627,14.42,187.2,13.3,14.851,117.2,0
76.78,1.764,22.71,0.3,3.426,29.52,5642.1,2.36,0.0181,15.22,172.7,11.28,14.605,130.7,0
78.68,0.974,22.95,0.0,3.447,32.25,6362.6,3.46,0.0157,15.0,172.6,12.89,15.106,128.5,0
81.09,0.196,20.61,0.51,3.589,33.21,6674.5,2.22,0.0727,15.88,187.5,17.92,14.952,111.1,1
79.05,0.077,22.22,0.44,3.392,30.44,6176.2,3.44,0.014,14.65,189.0,11.62,14.645,118.9,0
75.18,1.066,21.52,1.65,3.515,30.86,5802.1,3.04,0.0846,14.92,195.0,12.09,15.122,126.5,1
77.23,0.369,21.69,0.56,3.473,26.45,6144.5,2.5,0.073,14.58,176.5,11.87,14.87,125.1,0
79.9,0.565,22.02,0.47,3.525,31.84,6231.9,2.18,0.0482,16.07,198.8,11.09,14.898,127.6,1
79.99,0.008,21.13,3.58,3.644,35.15,6438.1,0.22,0.0233,15.32,173.8,11.89,15.831,134.1,0
77.11,1.671,22.28,0.09,3.492,32.03,6167.7,4.43,0.0851,14.66,175.0,12.59,15.136,120.9,1
78.68,0.968,21.6,0.51,3.551,30.65,6024.5,2.28,0.0096,15.6,188.2,11.86,14.879,117.0,0
76.91,1.054,22.32,0.38,3.431,31.83,6406.5,2.69,0.0057,14.93,183.9,12.39,15.091,123.4,0
76.11,0.628,22.65,0.89,3.393,26.36,5945.2,1.65,0.0577,14.49,185.2,10.8,14.814,130.0,0
79.63,0.817,22.01,0.32,3.583,28.27,5881.8,3.24,0.0374,14.85,178.2,12.28,14.8,123.6,0
76.86,1.212,21.68,0.67,3.497,30.9,5919.1,3.93,0.0144,16.07,174.0,12.68,14.891,121.0,0
78.65,0.857,22.67,0.1,3.563,27.73,5757.4,2.72,0.0641,15.02,174.5,11.62,15.051,113.2,0
80.52,0.996,22.51,1.81,3.444,30.78,5889.6,3.46,0.0479,15.61,181.8,11.42,15.617,124.7,1
79.62,0.993,21.91,0.33,3.479,33.22,6015.8,0.85,0.0689,14.69,162.1,12.53,14.879,120.1,0
75.07,0.242,20.02,0.0,3.487,29.84,5828.1,2.99,0.0278,14.99,185.2,12.11,14.992,119.5,0
79.58,0.845,22.57,1.02,3.532,31.15,5976.3,3.85,0.0153,14.71,181.5,12.77,15.214,114.9,1
77.34,1.444,22.83,0.46,3.485,32.9,5905.6,2.86,0.0368,15.09,164.6,11.56,14.899,121.8,0
78.38,1.046,22.41,0.55,3.479,30.85,6117.8,2.32,0.0048,13.84,184.1,10.87,14.823,116.5,0
74.76,0.71,22.65,0.9,3.511,31.79,6346.3,2.87,0.0234,15.27,185.7,11.29,15.083,125.0,0
78.7,0.669,23.1,2.92,3.477,26.46,5992.0,0.1,0.0015,15.33,180.1,11.74,14.992,123.1,0
78.15,0.877,21.82,0.46,3.58,31.39,6019.3,4.22,0.0064,15.67,178.3,12.25,14.983,109.8,0
79.9,0.755,21.77,1.02,3.57,28.75,5877.1,2.87,0.0421,13.8,186.1,11.84,15.087,111.6,0
77.71,0.442,23.25,0.47,3.491,29.64,5799.3,3.65,0.0331,15.24,182.6,11.72,15.138,125.3,1
78.54,0.385,22.35,0.65,3.586,31.1,5987.0,2.75,0.01,15.44,189.9,11.35,14.899,112.8,0
82.78,1.24,22.21,1.42,3.656,37.05,5812.6,2.6,0.0549,14.31,157.8,13.24,15.505,128.6,1
76.26,1.317,20.77,0.1,3.51,30.5,5795.3,3.04,0.0115,15.07,175.0,11.99,14.923,118.6,0
77.75,0.845,22.48,0.35,3.504,29.27,6100.9,2.59,0.0549,14.95,192.6,12.01,14.827,124.9,0
78.72,0.988,22.67,0.01,3.506,29.99,6030.4,1.52,0.0133,14.64,167.7,12.04,15.287,115.2,0
78.55,0.561,21.99,0.2,3.505,32.08,5971.6,3.58,0.0053,14.73,171.0,12.5,14.935,117.3,1
79.73,0.821,21.93,0.03,3.502,31.56,6064.1,2.87,0.0654,15.21,184.4,12.27,14.94,121.2,0
78.9,0.623,21.83,0.11,3.551,30.31,6082.6,3.77,0.0456,14.58,168.5,11.86,14.914,118.0,0
76.99,2.148,23.03,0.43,3.502,31.66,6352.5,2.65,0.0405,14.73,168.7,12.09,15.053,120.3,1
75.43,2.087,21.65,0.34,3.464,30.48,5778.0,3.84,0.0207,14.28,184.1,11.44,15.106,124.4,0
79.33,1.012,21.16,0.64,3.49,30.88,5866.3,3.33,0.0252,15.31,173.1,12.95,14.84,117.7,0
78.86,1.714,22.96,0.46,3.473,30.48,5746.3,3.18,0.0249,15.18,164.7,12.93,15.246,117.5,0
78.79,1.52,22.55,1.09,3.459,30.17,6114.7,2.47,0.0495,15.6,193.5,11.43,14.946,124.2,1
78.98,0.642,22.02,0.15,3.477,32.29,6197.3,3.01,0.0146,14.21,186.3,13.05,14.86,122.7,0
77.88,1.241,23.31,0.12,3.53,30.15,5927.8,3.42,0.0492,14.79,193.1,11.21,15.048,124.3,0
78.27,0.456,22.07,0.41,3.477,30.5,6141.3,1.36,0.0225,14.88,191.7,11.69,14.883,111.8,0
78.06,0.829,22.47,0.04,3.513,29.74,5987.1,0.97,0.0183,14.9,175.6,12.12,15.143,124.2,0
77.59,0.423,20.77,0.32,3.597,31.01,5886.4,3.53,0.0735,14.37,178.0,10.81,15.139,115.3,0
77.64,1.528,23.27,0.06,3.528,30.85,6199.2,1.11,0.0464,14.96,179.2,11.06,14.899,119.6,0
79.32,0.053,20.45,3.84,3.475,27.28,6046.3,8.32,0.0126,15.39,142.6,9.78,14.741,125.6,0
77.33,0.461,21.44,0.13,3.549,29.12,6291.7,3.47,0.0226,15.91,177.0,10.99,15.054,119.1,0
76.91,1.385,24.09,0.69,3.419,31.22,6166.5,4.68,0.0364,15.68,186.8,10.31,14.844,121.6,0
76.7,0.984,22.22,1.16,3.473,32.04,6215.7,2.92,0.0263,15.43,176.8,12.93,14.914,122.9,0
76.61,0.238,21.19,1.24,3.557,31.69,5924.0,4.74,0.0323,14.75,198.0,11.03,15.116,118.2,0
76.36,0.487,23.57,0.05,3.489,25.23,6153.8,2.23,0.059,15.02,189.9,13.79,15.329,106.2,0
78.43,0.588,22.48,0.12,3.496,32.24,5968.2,1.5,0.0074,15.16,170.7,12.66,14.981,119.7,0
79.44,0.267,23.79,0.03,3.427,28.66,5851.8,4.66,0.0546,14.7,165.2,10.65,15.712,122.8,0
75.44,0.114,20.08,0.41,3.673,28.16,5686.8,3.44,0.0499,15.22,195.4,11.69,15.364,116.9,0
78.15,0.979,22.11,1.5,3.474,32.15,5805.3,1.14,0.022,14.92,165.9,10.91,15.091,117.2,0
77.55,1.037,22.58,1.09,3.546,30.93,5914.6,1.88,0.0043,15.37,195.6,11.76,14.961,125.7,0
80.69,1.002,21.91,0.51,3.457,30.52,6064.7,2.23,0.0296,14.47,166.5,10.24,14.844,121.8,0
78.89,1.185,22.73,0.53,3.538,29.15,5873.6,3.93,0.0534,15.6,191.1,11.94,14.839,116.9,0
79.19,1.018,21.86,0.09,3.459,31.11,6082.5,3.45,0.0107,14.99,185.0,11.88,14.87,122.3,0
78.72,1.382,23.01,0.29,3.419,32.18,6096.6,2.84,0.0647,13.68,187.9,13.77,15.344,108.8,0
80.07,1.02,22.04,0.31,3.536,32.21,5984.7,3.14,0.0257,14.3,173.9,11.87,15.011,123.0,0
75.76,1.479,21.5,0.04,3.373,31.66,6067.6,1.62,0.0006,15.98,166.1,13.06,15.206,124.5,1
80.61,0.555,21.65,2.29,3.546,28.15,6341.0,1.73,0.0745,14.95,195.6,10.73,15.272,112.1,1
76.62,0.686,22.25,0.16,3.566,31.36,5962.5,2.64,0.0695,15.19,179.3,11.99,15.024,113.8,0
77.9,2.474,21.04,0.85,3.457,28.93,5620.0,4.47,0.0664,15.31,174.3,11.59,15.383,120.8,0
73.47,1.68,20.86,0.07,3.576,26.72,6123.2,2.07,0.0647,14.85,150.5,11.62,15.951,114.1,1
78.19,0.564,22.3,0.65,3.577,31.21,5964.0,2.6,0.0517,15.36,176.8,13.0,14.974,117.1,0
77.65,0.727,21.51,0.29,3.609,30.38,6118.8,2.18,0.0485,14.69,181.4,11.4,14.916,114.0,0
78.63,0.999,21.53,0.08,3.486,29.83,6091.2,1.63,0.0177,15.31,174.4,12.17,15.093,120.4,1
76.19,2.605,19.48,0.42,3.528,31.61,6137.3,1.19,0.0217,14.15,180.6,11.29,14.778,114.3,0
77.82,0.668,22.44,0.24,3.595,30.34,6075.5,2.56,0.0048,14.46,169.5,11.52,15.352,124.0,0
81.37,1.186,21.66,1.19,3.485,28.33,5675.3,2.23,0.0346,15.11,177.6,12.39,15.365,117.5,1
80.06,0.97,22.89,0.5,3.499,27.62,6025.2,3.73,0.013,14.75,181.6,12.79,14.775,122.3,0
78.58,1.665,22.98,0.37,3.44,32.24,5565.6,3.63,0.0657,14.46,195.3,11.51,14.957,122.0,0
76.82,1.173,21.39,0.45,3.508,28.38,5975.4,3.42,0.0031,15.46,171.1,11.99,14.579,115.0,0
80.71,1.796,22.21,0.15,3.461,30.97,5959.7,2.53,0.0072,14.93,185.9,11.44,14.886,122.9,0
78.6,0.71,22.08,0.68,3.554,30.63,6056.2,1.29,0.0808,15.24,179.0,10.85,14.873,122.6,0
79.12,1.052,24.11,0.88,3.471,28.72,6011.5,4.94,0.0845,14.49,186.1,12.56,15.312,119.4,0
78.26,0.994,22.15,3.07,3.499,29.54,5975.1,1.04,0.0576,14.66,175.3,12.48,15.242,122.5,0
75.22,1.209,21.99,0.06,3.544,28.86,5998.6,1.43,0.0449,14.79,192.3,12.55,14.772,120.8,1
76.49,0.792,21.44,0.37,3.454,29.2,5799.3,1.01,0.0814,15.73,179.6,11.86,14.912,121.8,0
77.78,0.817,21.66,1.25,3.464,26.59,6183.8,2.52,0.0257,14.13,202.4,10.75,14.733,131.9,0
79.89,1.185,22.12,0.05,3.553,28.42,5861.2,3.23,0.0431,16.14,183.2,13.18,15.253,123.1,0
79.22,0.918,22.36,0.11,3.469,29.27,6384.8,2.72,0.0205,14.79,177.4,10.75,14.845,120.4,0
77.08,1.012,21.39,0.15,3.531,28.96,5967.2,3.01,0.088,14.83,189.3,12.41,15.168,120.2,0
77.56,0.681,23.05,0.18,3.593,29.11,6024.1,1.72,0.0104,15.18,173.8,11.83,15.244,115.4,1
81.09,1.056,21.7,0.11,3.646,29.94,5827.5,4.17,0.0751,13.81,187.8,12.56,15.007,117.1,0
78.8,0.606,21.5,0.08,3.587,27.88,5914.0,1.61,0.0234,14.94,179.4,12.97,14.974,129.0,0
77.68,0.66,21.59,0.3,3.568,26.83,6186.8,1.07,0.0019,14.79,186.4,12.23,14.868,120.5,1
77.38,1.001,22.65,0.55,3.439,32.15,6152.7,2.25,0.0164,15.04,179.6,12.1,14.913,120.7,0
73.8,0.153,23.14,0.48,3.51,27.38,5401.8,4.62,0.1516,15.69,162.2,16.2,14.74,134.5,0
77.54,1.933,21.43,0.52,3.491,30.43,5972.4,2.9,0.0611,14.44,187.4,12.48,15.28,124.2,0
77.39,1.766,22.45,0.99,3.482,28.28,6182.9,3.57,0.0536,15.6,176.1,12.23,15.226,111.3,1
76.8,0.819,21.68,0.75,3.53,28.47,5929.1,2.85,0.0636,14.88,165.6,12.03,14.912,113.6,1
79.68,0.361,20.93,0.41,3.431,30.1,5840.5,2.22,0.0069,14.77,197.7,12.29,14.786,113.3,0
78.03,1.222,21.08,1.62,3.529,31.13,5965.3,3.13,0.0032,14.85,175.2,11.17,15.296,117.1,0
76.58,1.518,22.08,0.21,3.593,30.51,6076.5,1.78,0.0437,15.25,176.7,12.86,14.587,122.5,0
80.15,2.071,22.24,0.62,3.57,29.63,5903.0,3.43,0.0138,14.67,187.7,12.44,14.843,116.9,0
77.26,1.536,21.6,1.36,3.451,32.1,6242.8,1.69,0.0104,14.81,161.2,13.34,14.887,121.3,0
78.08,1.596,22.63,0.1,3.424,32.07,5775.0,2.64,0.025,14.57,189.8,11.23,14.894,118.2,1
75.7,1.357,21.33,0.82,3.507,27.71,5595.0,1.64,0.0368,14.83,168.2,11.37,14.977,127.5,0
80.36,0.092,21.45,1.98,3.573,29.4,6020.4,2.99,0.109,14.53,194.6,13.27,14.401,120.5,1
77.65,0.007,21.72,1.27,3.455,32.38,6278.7,4.53,0.0593,15.65,171.9,10.87,15.11,117.8,0
76.82,1.215,22.27,0.11,3.511,31.24,5862.8,2.45,0.0328,14.93,186.9,11.78,15.214,117.2,0
78.83,0.431,21.71,0.19,3.491,31.37,5841.4,2.07,0.0434,15.24,186.6,13.77,14.904,123.8,0
75.15,0.792,21.04,0.53,3.455,30.37,6077.7,2.41,0.1012,13.84,164.0,13.2,15.249,117.7,0
77.28,0.585,21.44,0.16,3.511,31.96,5902.9,3.16,0.0092,14.17,163.9,12.59,14.822,117.1,0
74.7,2.197,22.58,0.24,3.468,29.97,6096.7,1.63,0.005,15.13,180.4,11.33,14.68,121.0,1
78.77,0.291,21.72,0.17,3.486,29.31,5844.6,3.26,0.0489,14.78,179.7,12.97,15.079,120.5,0
78.04,1.295,23.49,0.41,3.583,31.21,6130.6,1.76,0.0042,15.84,171.8,11.88,14.998,118.1,0
78.13,1.009,22.43,0.27,3.461,28.96,6262.3,0.71,0.0225,14.56,176.9,11.18,15.189,121.1,0
76.64,0.714,21.79,0.97,3.469,26.38,5841.0,3.68,0.0712,14.27,183.7,11.09,15.821,124.4,0
77.55,1.425,21.12,0.59,3.407,28.95,5904.7,1.52,0.0446,14.55,184.4,12.23,15.072,123.1,0
78.28,0.866,22.81,0.38,3.419,28.0,6191.7,0.67,0.0843,15.48,168.3,11.59,15.24,123.4,0
78.66,0.871,21.53,0.64,3.481,29.56,6019.0,2.86,0.0489,14.72,185.2,12.92,15.014,115.7,0
78.27,0.51,22.32,0.24,3.55,28.87,5887.3,3.21,0.0602,14.48,176.5,10.87,14.756,132.9,0
78.07,0.414,22.55,1.85,3.485,27.0,5972.8,3.97,0.0497,14.63,193.7,11.59,14.965,122.2,0
79.36,0.831,21.58,2.51,3.453,28.22,6275.0,0.7,0.04,14.65,168.6,10.39,14.746,112.3,0
77.51,0.582,22.0,0.05,3.467,31.5,5978.9,1.55,0.0421,15.29,185.0,11.58,15.062,125.2,0
75.94,0.872,22.27,2.37,3.5,23.9,6259.7,0.21,0.1791,13.74,164.5,13.56,14.699,111.5,1
76.61,0.62,21.41,0.32,3.538,31.98,5936.8,1.34,0.0768,14.09,173.3,13.75,14.991,137.4,0
76.9,1.723,21.86,0.36,3.533,27.46,6004.3,3.31,0.0728,14.73,155.0,10.96,14.847,119.7,0
77.61,0.698,22.11,0.91,3.516,30.34,5844.2,3.68,0.0073,14.89,191.0,12.73,15.222,118.3,0
78.31,0.923,21.64,0.3,3.493,30.5,6072.2,2.23,0.0002,14.62,181.9,11.59,14.695,118.1,0
76.73,1.172,22.76,5.01,3.449,31.68,5856.3,3.47,0.0491,15.32,175.5,12.11,14.824,119.2,1
75.66,1.013,21.09,0.04,3.522,31.68,6121.1,2.09,0.0381,15.02,173.8,11.53,15.268,112.9,0
76.5,1.119,20.49,1.62,3.486,33.75,6104.3,4.08,0.0716,14.88,170.3,10.6,14.927,117.3,0
76.61,1.462,23.0,0.33,3.539,29.81,6229.9,2.09,0.0056,15.7,186.7,10.54,14.908,113.4,1
76.59,1.206,21.88,0.86,3.444,26.85,6031.1,1.95,0.006,15.69,177.9,12.38,14.652,126.5,0
77.07,1.321,22.64,0.67,3.444,34.56,6013.4,1.21,0.0074,15.83,172.8,12.6,15.057,124.9,0
77.7,1.637,22.67,0.37,3.558,27.62,5935.3,3.02,0.0257,14.86,191.8,11.78,15.085,122.1,0
78.97,0.051,22.52,0.23,3.494,30.54,6022.3,1.85,0.0168,15.0,177.2,12.22,15.072,120.2,0
79.13,1.201,22.12,0.11,3.516,30.85,5909.3,2.9,0.098,14.95,174.5,12.36,15.055,119.3,0
75.52,1.826,23.0,1.65,3.4,32.92,5744.3,3.9,0.0735,13.93,194.1,12.53,15.434,117.7,1
76.9,1.357,22.17,0.33,3.512,29.13,6046.5,4.14,0.0451,15.73,172.2,11.02,14.991,124.1,0
78.19,0.859,20.96,0.13,3.481,28.75,6264.2,1.63,0.1093,14.49,177.4,10.86,14.908,117.7,0
77.98,0.501,21.48,0.05,3.572,31.01,5935.8,2.37,0.0401,15.3,173.1,11.68,15.145,120.2,1
79.94,0.687,21.45,0.08,3.583,27.49,5987.9,2.55,0.023,15.45,178.7,10.8,14.756,118.4,0
78.16,1.261,21.81,0.59,3.48,30.64,5873.8,2.49,0.023,14.49,186.2,12.31,14.645,122.3,0
81.32,0.732,22.39,0.71,3.493,30.3,6043.0,2.88,0.0928,15.28,197.5,12.93,15.004,122.0,0
76.08,0.923,21.95,0.16,3.539,26.95,5771.3,2.86,0.1077,15.05,178.0,11.49,14.837,124.6,0
79.16,2.02,21.03,0.0,3.565,31.29,5794.6,2.21,0.0658,14.26,175.7,12.78,14.796,123.5,0
76.72,1.316,21.47,0.03,3.476,30.62,5812.9,4.47,0.0567,14.14,182.6,11.3,14.746,114.4,0
78.2,1.046,22.49,0.52,3.413,31.43,5972.5,1.56,0.0019,14.38,209.5,11.68,14.779,126.8,0
77.91,0.666,23.44,0.32,3.531,27.27,5446.5,1.71,0.0745,15.64,182.9,11.63,15.286,121.9,0
80.7,2.229,20.47,0.62,3.531,30.85,4954.9,3.06,0.0747,15.13,167.8,12.34,14.982,111.9,0
77.22,0.531,22.6,0.18,3.441,32.88,5873.8,1.06,0.0565,14.69,179.4,13.07,14.807,119.3,0
79.5,0.002,20.94,1.91,3.489,28.37,6021.3,3.07,0.0576,15.37,195.8,12.29,14.754,121.8,0
78.58,1.21,23.09,1.2,3.526,30.98,5862.8,2.65,0.0028,14.01,165.7,12.45,15.548,126.3,0
79.62,0.658,22.28,1.14,3.368,32.62,5921.2,1.9,0.0132,15.42,172.6,10.56,15.144,120.9,0
80.21,1.323,19.98,2.1,3.594,25.19,5410.6,5.53,0.0029,15.54,191.6,11.43,14.9,122.9,1
79.86,0.799,21.78,0.47,3.504,32.69,6355.5,3.1,0.0286,14.66,161.8,11.69,14.838,125.2,0
79.9,0.54,21.25,0.29,3.524,30.04,5923.9,3.06,0.0448,15.56,171.5,13.45,14.518,125.9,0
76.51,1.714,20.7,0.39,3.468,28.87,5794.0,3.33,0.0706,15.19,184.6,11.87,15.0,121.6,0
79.75,1.422,21.56,1.34,3.587,28.62,6035.5,1.34,0.0438,14.89,172.0,11.89,15.191,117.9,1
79.0,1.177,21.27,0.64,3.534,31.96,5780.7,2.69,0.0264,15.21,175.4,12.19,15.014,115.6,0
78.07,1.537,22.21,0.18,3.49,29.29,6255.3,2.68,0.0081,14.34,192.7,12.02,14.829,120.2,0
79.71,1.639,23.12,0.04,3.526,29.14,5676.4,3.52,0.0342,15.73,181.5,11.32,14.722,123.6,0
77.11,0.972,21.77,0.38,3.504,28.86,5607.8,1.92,0.0028,15.07,189.4,11.83,14.555,120.4,0
77.47,0.092,22.68,1.33,3.419,34.05,6065.5,3.0,0.0448,15.04,175.3,11.33,14.898,113.3,0
78.18,0.437,22.38,0.9,3.476,30.08,5883.8,1.94,0.0125,14.94,182.7,11.68,14.969,116.4,0
77.74,1.325,22.01,0.44,3.515,31.33,5950.7,2.91,0.0318,14.8,189.9,11.81,14.887,122.3,0
79.82,0.649,22.19,0.09,3.58,30.29,5796.1,4.36,0.0295,15.86,200.6,11.94,15.15,118.3,0
77.55,1.475,22.76,0.42,3.424,29.33,6122.6,3.84,0.1285,14.6,192.5,11.37,15.047,130.1,0
78.47,0.98,22.6,0.27,3.462,28.78,5836.6,4.95,0.0364,14.96,190.3,11.86,14.753,120.7,0
81.14,1.51,21.15,1.08,3.448,28.65,6011.5,1.75,0.0686,14.67,177.0,11.68,14.533,121.7,0
76.11,1.182,22.02,0.66,3.444,30.18,6265.6,3.96,0.0632,15.43,196.1,11.73,15.122,122.4,1
79.17,1.885,22.46,0.81,3.488,33.11,6452.5,2.11,0.0136,14.72,181.2,13.99,15.209,123.5,0
77.46,1.378,21.85,0.39,3.521,27.38,5867.3,1.71,0.0423,15.43,183.6,13.8,14.562,112.9,0
79.47,0.462,21.06,1.51,3.477,29.08,5852.7,2.95,0.0267,14.28,180.9,11.74,14.764,126.1,1
79.69,0.965,20.98,1.1,3.493,30.15,5976.0,1.84,0.0734,14.69,175.6,10.76,14.521,124.2,0
76.33,0.077,22.43,1.99,3.48,27.89,5944.2,2.04,0.0457,14.75,180.1,13.27,14.791,120.2,0
79.88,1.185,21.32,0.63,3.462,28.89,6036.0,4.12,0.0428,14.74,190.8,10.78,14.735,110.4,0
79.34,0.861,21.43,0.1,3.539,27.78,6096.6,2.87,0.0508,15.06,179.0,12.5,15.243,116.5,1
78.53,1.295,22.92,0.68,3.497,33.47,5806.3,2.24,0.0201,14.57,180.7,13.13,14.936,122.5,1
78.46,1.712,22.19,0.23,3.465,31.34,5688.2,2.51,0.0349,14.9,182.6,12.0,15.255,127.0,0
77.58,1.508,22.37,0.07,3.532,27.71,6077.5,2.95,0.0035,14.89,171.2,12.07,14.688,116.3,0
76.3,0.615,22.8,0.52,3.462,32.84,6368.6,1.6,0.0606,14.46,188.3,12.59,15.098,117.6,0
77.45,1.128,23.57,0.43,3.523,30.74,6007.5,4.1,0.0626,15.29,189.5,12.92,14.819,113.5,0
76.32,2.072,23.74,0.0,3.472,30.36,6162.7,2.73,0.0393,15.92,161.4,13.4,14.819,113.8,0
81.58,0.692,20.77,2.64,3.362,29.86,5874.1,2.06,0.0602,15.32,180.6,9.96,15.358,110.4,0
77.83,1.608,22.65,0.03,3.536,26.63,5886.0,1.59,0.0029,15.67,170.3,12.54,14.893,112.4,1
79.3,0.351,20.61,0.58,3.473,28.7,6328.8,2.43,0.03,14.93,169.0,12.13,15.57,120.8,0
78.02,0.436,21.7,1.15,3.494,30.67,6036.1,3.02,0.0066,15.04,168.8,11.9,14.99,119.2,0
79.02,1.677,21.1,0.54,3.552,29.89,5883.1,1.73,0.0144,15.66,163.2,12.89,14.982,125.4,0
80.22,0.251,22.64,2.37,3.446,32.65,6283.2,3.61,0.0166,15.22,166.4,9.92,15.118,115.2,1
78.36,0.464,21.19,0.78,3.568,32.7,6216.3,3.8,0.0728,14.82,180.5,11.26,15.064,110.4,0
77.39,0.371,22.03,0.06,3.519,27.23,6117.6,3.0,0.0283,15.03,182.9,11.67,14.938,118.0,0
78.27,1.417,22.24,0.48,3.652,30.91,5949.2,1.08,0.0528,14.68,184.2,13.37,14.802,122.7,0
78.62,1.073,22.48,0.85,3.488,31.76,6009.1,2.16,0.0196,15.04,180.8,12.42,14.817,129.4,0
77.83,0.486,22.32,1.45,3.388,32.04,5863.7,2.94,0.0501,14.96,181.2,12.28,14.852,117.7,1
76.06,1.263,22.14,0.14,3.568,32.16,5961.3,3.37,0.0021,14.49,191.6,10.59,15.034,121.5,0
78.27,1.746,21.41,0.08,3.558,27.96,6061.3,2.52,0.0105,15.07,176.4,11.92,15.109,124.5,0
76.39,0.531,21.39,0.24,3.507,30.55,6111.4,3.22,0.0264,15.53,186.2,10.71,14.96,122.3,0
79.85,0.996,22.91,0.27,3.494,28.93,5803.4,2.76,0.0044,15.13,195.2,11.51,15.334,113.2,1
76.02,1.444,20.38,0.91,3.469,29.28,5980.3,2.45,0.0349,15.21,194.5,11.42,15.212,115.8,0
75.84,0.472,21.3,0.85,3.454,31.32,5723.1,1.44,0.0066,14.56,167.5,11.64,14.874,129.7,0
79.11,0.807,21.97,0.78,3.535,28.66,5861.0,4.3,0.0092,15.14,178.8,11.66,14.872,117.1,0
78.38,0.984,22.03,0.73,3.523,27.45,6164.3,1.89,0.0255,15.86,174.3,12.13,15.102,120.3,0
77.44,0.043,22.26,0.08,3.444,33.17,5765.2,1.59,0.0331,15.1,182.6,13.28,15.143,118.8,0
77.28,1.983,22.03,0.12,3.523,30.55,5992.1,0.53,0.0064,15.26,167.3,10.84,15.316,122.9,1
76.44,1.018,22.26,0.54,3.553,30.47,6125.7,2.27,0.0051,14.88,190.1,12.15,14.84,122.1,0
79.38,0.679,22.41,0.04,3.384,31.36,5791.5,3.31,0.0354,14.65,172.2,11.24,14.819,119.6,0
78.13,0.843,22.16,1.78,3.539,29.37,5753.9,2.76,0.0919,15.33,180.5,11.58,14.767,120.6,0
81.68,1.503,22.18,0.05,3.534,29.09,5761.1,1.86,0.0654,13.85,179.7,12.14,15.132,118.6,0
76.24,0.362,21.38,0.22,3.511,33.07,5889.5,4.2,0.0907,15.6,164.1,14.08,15.122,137.7,0
76.08,0.392,23.1,0.96,3.502,28.87,5926.0,1.41,0.0261,15.56,185.3,11.94,14.928,121.2,0
77.12,1.319,21.98,0.41,3.484,31.37,6116.9,2.12,0.0732,15.02,184.8,11.8,14.994,114.9,0
75.53,1.022,22.84,0.8,3.479,29.0,5936.7,2.6,0.037,13.83,185.4,11.88,15.028,121.7,0
82.67,0.099,22.63,1.15,3.67,33.77,6197.2,0.43,0.1518,16.52,187.1,12.59,15.717,122.2,0
77.51,0.971,22.54,0.1,3.446,28.93,5930.4,2.63,0.0332,16.12,175.7,11.52,15.388,120.2,0
76.5,1.127,21.7,0.46,3.398,32.36,5903.6,2.2,0.0309,15.63,181.8,11.79,15.524,121.5,0
78.17,1.813,21.67,0.53,3.5,29.43,5969.0,2.82,0.0546,15.26,182.2,12.49,14.995,126.8,0
78.46,1.017,22.21,0.67,3.433,29.85,6118.7,4.2,0.0226,14.61,177.6,11.9,14.784,111.0,0
76.81,1.333,23.43,0.03,3.497,31.02,6173.8,3.43,0.0459,14.83,172.6,11.34,14.64,124.3,0
79.11,1.15,22.23,3.06,3.391,29.0,6143.2,2.6,0.0781,15.44,173.6,12.41,14.91,120.2,0
78.54,1.215,22.81,0.12,3.429,27.8,5839.4,2.95,0.0874,14.47,203.2,12.88,14.947,120.5,0
77.74,0.675,21.76,0.11,3.451,32.21,5617.4,2.06,0.0336,14.62,176.1,12.1,14.776,124.1,0
76.61,1.147,21.68,0.09,3.524,31.65,6009.1,1.83,0.0141,14.68,193.2,11.72,14.996,116.0,0
77.83,1.179,21.76,1.11,3.503,30.56,5985.3,4.16,0.0532,14.93,175.5,12.0,14.785,127.2,0
75.5,1.677,21.35,0.11,3.441,30.21,5908.1,2.1,0.0146,15.18,188.3,13.0,14.976,124.5,0
79.94,1.582,21.81,0.02,3.532,31.25,5919.9,3.91,0.0828,15.03,171.9,13.02,14.718,117.5,0
77.6,1.253,23.07,1.5,3.521,29.16,5890.1,3.35,0.0139,14.82,179.0,11.53,15.056,120.7,0
77.56,1.14,23.04,0.11,3.41,33.46,5775.1,2.78,0.044,15.33,164.6,11.52,15.095,122.9,0
81.35,2.388,22.43,0.82,3.469,29.5,5994.6,4.16,0.0419,15.5,198.9,11.6,15.06,122.2,0
77.86,1.266,22.75,0.75,3.588,29.69,5954.2,3.44,0.0238,15.54,192.7,12.04,15.167,115.2,1
77.53,0.885,21.62,0.48,3.411,31.25,5892.6,1.9,0.0419,15.63,176.6,12.56,14.983,119.3,0
78.2,0.723,23.19,0.25,3.549,31.55,6180.3,4.33,0.07,15.06,186.3,11.99,15.005,121.6,0
78.05,0.707,21.2,0.84,3.483,29.39,5737.9,2.89,0.1003,14.49,180.4,11.67,15.043,119.8,0
76.4,0.477,23.18,0.55,3.425,31.97,5963.8,1.18,0.0012,16.54,179.7,12.95,14.986,136.3,0
79.62,1.6,22.18,0.18,3.494,28.16,6238.5,3.42,0.0411,15.28,192.8,13.37,15.064,117.7,1
78.69,0.966,22.11,0.42,3.521,28.33,6165.7,2.38,0.0089,14.26,190.3,12.85,14.952,116.5,0
79.6,0.88,21.94,0.28,3.389,28.96,5871.2,1.58,0.0086,15.91,178.9,10.5,15.092,117.6,0
80.81,1.166,22.74,0.93,3.604,31.9,6062.4,0.5,0.0353,15.76,185.4,11.21,14.911,114.2,1
78.68,0.92,21.98,0.12,3.497,33.24,6062.8,1.52,0.0015,14.95,180.5,11.29,15.104,116.7,0
81.19,1.716,24.21,0.15,3.546,29.62,5940.9,1.67,0.0086,14.29,183.5,12.64,15.083,114.2,0
74.86,1.806,22.75,1.16,3.612,29.78,6061.3,4.44,0.0038,14.3,191.7,11.82,15.0,129.4,0
79.32,2.044,21.79,2.14,3.392,28.47,6331.4,2.94,0.0574,14.45,185.9,11.89,15.027,116.9,0
78.13,0.614,21.95,0.3,3.5,29.23,5761.1,2.44,0.067,14.93,181.8,13.1,15.156,118.4,0
75.66,0.274,21.47,0.34,3.569,28.14,6059.6,2.82,0.0357,14.76,177.9,12.14,15.087,112.0,1
75.01,0.557,20.66,0.08,3.454,31.55,6336.1,1.83,0.0576,14.96,191.5,12.76,14.992,123.1,0
80.25,1.05,21.94,0.0,3.505,31.89,5626.4,0.73,0.0666,14.08,176.0,11.51,14.96,124.6,0
77.16,1.874,23.09,0.28,3.428,28.78,5996.5,2.02,0.0643,14.22,178.8,12.47,15.044,112.8,0
80.66,0.954,21.33,0.61,3.536,29.41,5846.9,1.81,0.0657,14.33,176.8,11.88,15.16,112.5,0
77.94,0.62,21.97,0.68,3.462,32.09,6022.8,2.1,0.0456,15.07,192.9,9.8,14.877,115.1,0
77.96,1.498,22.53,0.25,3.517,29.86,6187.9,1.96,0.0204,15.55,179.7,11.97,14.874,119.9,0
80.0,0.968,22.1,1.11,3.45,30.97,5776.9,4.37,0.038,15.66,179.2,11.53,15.048,110.0,0
78.63,0.57,22.17,0.64,3.487,30.68,5919.9,2.08,0.0141,14.9,183.0,12.31,14.97,125.2,0
78.33,1.02,22.69,0.25,3.451,25.95,6500.7,3.22,0.0489,15.11,176.7,12.05,14.836,121.8,0
76.77,1.086,21.59,0.12,3.458,29.58,5949.3,2.06,0.0442,14.5,178.0,10.47,15.129,116.2,0
77.55,1.732,23.5,0.5,3.465,28.42,5907.2,3.06,0.0603,15.34,180.0,12.06,14.992,123.8,0
78.67,0.35,22.64,0.31,3.443,30.0,5674.9,2.07,0.0333,15.82,180.5,12.4,14.448,126.8,0
80.73,1.578,22.2,0.64,3.522,28.68,5806.7,3.5,0.0115,14.75,197.4,11.62,14.87,119.0,0
77.39,0.939,22.15,0.07,3.502,29.56,5721.5,0.63,0.0849,15.13,193.6,11.67,15.038,121.4,0
78.35,0.491,22.32,0.1,3.523,30.61,6235.9,3.13,0.032,14.25,184.7,11.12,14.724,113.9,0
76.99,0.849,21.81,0.76,3.507,31.36,6181.2,4.01,0.0131,15.04,166.5,11.55,14.739,119.7,0
78.14,0.856,22.94,0.38,3.399,29.19,6096.5,0.46,0.0164,14.93,181.8,12.41,14.773,113.0,0
79.94,0.538,22.37,0.02,3.489,31.2,5845.0,2.96,0.0295,15.59,179.1,12.61,15.105,117.0,0
79.48,0.967,22.51,0.69,3.695,26.64,6108.7,3.67,0.063,15.19,180.0,13.03,15.171,117.8,0
76.87,0.769,22.76,0.82,3.55,30.52,6160.9,3.57,0.0546,15.0,189.6,11.56,15.152,124.4,0
77.24,0.391,22.65,0.63,3.501,28.91,5991.7,2.52,0.0182,15.52,168.0,10.67,15.205,120.8,0
78.06,0.585,20.43,0.24,3.483,31.39,6214.1,1.28,0.016,14.82,175.7,11.79,15.087,121.7,0
77.47,1.797,21.87,0.19,3.55,27.58,6236.0,3.24,0.0677,14.9,179.9,12.16,14.481,124.0,1
77.75,0.043,23.04,0.07,3.532,31.75,5791.9,1.0,0.1027,15.37,186.8,12.22,14.706,122.9,0
79.77,0.725,21.45,0.06,3.641,31.48,6396.7,3.87,0.0016,14.99,178.6,11.76,15.248,123.8,0
78.03,0.781,22.47,0.32,3.458,27.07,6033.3,3.88,0.0086,15.17,184.9,11.97,15.19,117.4,0
78.41,0.62,20.89,1.31,3.479,31.07,5846.8,1.91,0.1138,13.74,179.9,11.34,15.015,115.4,0
76.17,0.836,21.56,0.21,3.477,30.46,6025.8,1.74,0.0345,16.28,184.4,10.41,15.448,125.8,1
76.12,1.064,22.75,0.27,3.501,27.72,6035.5,1.1,0.0541,15.19,179.3,10.51,15.002,119.6,0
75.46,0.39,22.25,0.02,3.474,30.89,5965.1,1.39,0.0329,15.18,172.5,11.45,15.093,127.4,0
78.43,0.771,22.44,0.21,3.442,29.24,5893.7,2.74,0.0254,15.26,185.6,12.62,14.917,119.0,1
78.65,0.574,22.66,0.03,3.46,29.74,5840.3,2.94,0.1239,14.56,177.8,12.38,15.068,122.3,0
78.0,1.241,21.21,0.7,3.453,28.04,6015.1,2.39,0.0064,13.91,190.9,13.24,14.98,124.2,0
77.92,1.236,21.52,0.9,3.525,28.47,6152.4,1.78,0.0244,14.09,179.1,11.62,15.33,122.7,0
81.69,0.878,22.96,0.0,3.526,31.53,5871.7,2.7,0.0308,13.32,163.8,8.95,15.102,118.1,0
78.01,1.185,21.28,0.1,3.517,29.08,5527.0,3.39,0.1129,15.55,166.5,11.87,14.734,116.7,0
79.28,0.973,22.81,0.19,3.536,30.51,6190.7,3.4,0.0792,14.98,168.4,11.44,15.166,133.7,0
77.69,0.875,21.47,1.99,3.554,29.88,5997.6,4.26,0.0097,14.99,183.3,12.41,15.151,119.6,1
79.44,0.829,22.35,1.48,3.559,29.79,6038.6,1.91,0.0881,15.97,182.4,11.77,15.273,118.0,0
78.36,0.859,22.48,0.25,3.517,30.56,5900.0,1.89,0.0004,15.33,168.3,12.4,15.172,111.3,0
78.77,0.708,21.41,0.44,3.544,28.67,6260.8,0.85,0.0665,15.52,184.1,13.35,14.476,120.5,0
77.55,0.848,22.18,0.62,3.48,31.91,5784.8,2.42,0.032,15.31,172.7,13.21,15.436,124.7,1
76.66,2.198,24.16,2.5,3.402,29.57,5920.9,2.69,0.1343,14.32,169.5,11.23,15.431,115.6,0
77.99,0.775,21.1,0.2,3.534,29.07,6075.8,2.62,0.0144,15.76,184.4,11.11,15.173,116.3,0
79.84,1.254,21.78,0.25,3.466,30.93,5924.7,3.95,0.0642,14.7,176.1,11.9,15.282,118.0,0
79.15,0.923,22.11,0.13,3.639,30.17,5791.4,2.62,0.0228,14.59,191.0,12.52,14.758,123.1,0
76.91,1.597,21.05,1.83,3.483,28.29,5888.1,3.41,0.0264,15.7,191.2,10.82,14.679,121.9,0
79.21,0.583,22.79,0.14,3.582,29.05,6049.7,3.92,0.0141,14.72,168.7,13.44,14.523,123.1,1
80.46,1.426,21.88,0.22,3.549,29.04,5958.5,1.02,0.0108,15.63,162.1,12.5,14.941,120.3,1
77.73,1.364,21.84,0.35,3.448,28.17,5824.8,3.18,0.0043,15.4,183.3,10.81,14.981,120.3,0
74.93,0.986,21.13,0.86,3.523,32.49,5944.2,2.21,0.0164,14.59,172.9,11.54,14.634,121.6,1
78.42,0.824,21.46,0.22,3.542,28.04,5979.4,3.1,0.0091,15.59,191.3,12.15,14.964,121.4,0
81.36,0.902,21.92,0.06,3.49,28.41,6242.2,3.33,0.0201,15.25,173.8,12.68,15.408,122.8,0
78.55,1.468,21.76,0.14,3.405,30.79,6063.9,3.5,0.0732,15.1,174.8,12.15,15.01,118.3,0
76.47,0.423,22.94,0.56,3.541,29.07,5731.3,2.55,0.0407,14.66,166.3,13.29,14.838,126.3,0
77.08,0.554,22.25,0.3,3.583,27.94,6216.3,1.63,0.0955,14.05,178.1,11.58,15.326,111.6,1
77.02,1.093,21.07,0.32,3.503,29.49,5956.9,2.18,0.0559,15.25,182.6,12.5,15.19,117.6,0
78.33,1.16,21.05,0.3,3.454,31.21,5991.6,3.09,0.0757,14.94,191.9,13.26,15.12,125.8,0
77.37,1.738,23.97,1.12,3.482,32.32,6056.6,3.07,0.0051,14.65,170.7,10.98,15.164,120.4,0
75.57,0.49,22.9,0.08,3.464,30.15,5775.8,1.95,0.0156,15.76,175.6,11.7,15.272,126.1,0
78.18,0.388,21.68,1.64,3.506,29.04,5849.0,4.85,0.0372,14.95,171.9,11.99,15.137,121.2,0
74.87,0.508,22.36,0.12,3.507,32.93,6073.6,2.85,0.0313,15.05,192.2,12.63,15.028,121.9,0
77.26,1.712,22.23,1.8,3.563,30.62,5925.9,2.43,0.0395,15.37,182.0,11.57,15.229,124.0,0
78.26,0.793,21.43,0.4,3.387,28.62,6071.7,3.88,0.0648,15.91,191.9,11.05,14.08,121.2,0
77.48,0.927,22.01,0.57,3.462,27.06,6075.8,2.76,0.0827,14.97,178.1,12.62,15.072,118.5,0
78.36,1.006,23.48,0.12,3.494,30.21,5884.7,2.53,0.0681,14.92,172.6,12.93,14.834,120.1,0
76.88,1.122,23.21,0.64,3.511,31.26,6122.6,1.4,0.0498,14.87,189.8,12.44,15.195,115.0,0
76.71,2.053,21.77,1.23,3.503,28.44,5813.1,3.45,0.0375,15.15,178.9,12.02,14.878,118.4,0
77.64,0.065,20.92,0.1,3.504,28.76,5947.3,2.57,0.0699,15.56,178.6,11.98,15.309,121.0,0
78.39,1.001,22.44,0.1,3.568,30.4,5899.0,3.38,0.0341,15.02,176.3,11.09,14.752,118.4,0
80.23,1.335,21.22,0.09,3.528,28.86,5703.6,2.08,0.0264,14.38,176.1,12.55,14.804,128.6,0
76.16,1.204,20.48,1.01,3.476,29.91,6001.0,1.65,0.0844,14.77,172.3,11.79,14.816,122.7,0
78.27,0.982,22.53,0.15,3.473,30.94,5716.6,3.32,0.078,14.92,186.2,11.8,14.804,123.0,1
79.54,0.839,22.35,0.3,3.481,30.42,5905.9,3.12,0.0227,14.98,181.0,11.47,15.2,122.1,0
75.71,1.152,21.82,0.44,3.532,30.88,6325.3,1.51,0.0144,14.86,174.7,11.95,15.0,119.1,0
76.88,0.761,22.49,0.8,3.461,29.99,5849.6,2.47,0.053,14.26,183.8,11.53,14.328,124.1,0
76.71,0.758,21.6,2.01,3.522,29.06,5863.2,2.96,0.1283,15.07,181.9,11.78,15.255,118.6,1
78.78,0.195,21.83,0.31,3.497,30.7,6272.7,3.54,0.0481,14.9,183.8,11.67,15.044,117.2,0
78.54,1.296,21.28,0.01,3.507,29.24,6234.4,2.73,0.0366,14.82,185.8,11.72,14.934,119.6,0
81.08,1.014,21.86,0.17,3.463,29.81,5948.9,4.46,0.0867,14.78,192.8,12.24,15.118,124.4,0
76.31,1.774,23.15,0.64,3.47,31.16,5998.3,1.24,0.0155,15.29,194.8,12.75,14.83,110.5,0
78.74,1.033,22.09,0.01,3.391,31.93,6328.7,1.03,0.004,14.8,186.5,11.97,14.888,125.9,0
78.86,0.904,22.34,0.29,3.508,31.04,6078.9,3.18,0.0075,14.33,177.4,10.89,14.972,118.8,0
76.43,1.696,23.05,0.25,3.462,28.3,6366.2,1.89,0.0082,16.23,193.3,10.84,15.222,118.3,0
77.33,0.821,21.06,1.07,3.502,32.16,6045.0,0.91,0.073,14.37,181.6,12.45,15.124,124.3,0
79.06,1.279,21.98,0.15,3.549,29.17,5925.6,3.27,0.0822,15.23,183.2,12.19,14.872,119.7,0
74.97,2.443,21.45,0.78,3.422,29.68,6315.9,3.33,0.0948,15.01,202.4,13.82,15.164,123.0,0
77.41,1.512,22.58,0.38,3.559,30.71,5898.8,3.13,0.0048,14.59,185.1,11.75,14.957,112.8,0
76.86,0.906,21.45,6.59,3.434,26.43,5657.5,1.78,0.0078,14.44,190.8,12.34,15.248,115.9,1
77.67,1.004,20.92,0.38,3.615,30.68,6005.3,1.59,0.0533,14.74,171.3,11.35,14.966,120.4,0
77.03,1.917,21.94,0.56,3.489,30.41,5891.1,4.04,0.0128,14.77,190.6,12.73,15.068,117.6,0
76.14,1.049,21.89,0.02,3.501,31.55,6210.2,2.95,0.0005,14.56,177.1,10.94,15.004,111.1,0
75.75,0.843,21.17,1.03,3.465,29.9,5987.1,3.01,0.016,14.55,178.3,11.18,15.309,113.2,1
78.51,0.813,23.2,0.7,3.465,30.82,5860.9,2.87,0.0079,14.84,176.5,11.79,15.521,127.6,0
80.66,1.126,21.49,0.26,3.521,30.7,6221.3,5.27,0.1371,16.03,181.0,12.57,15.139,116.0,0
80.48,1.279,21.87,0.0,3.559,28.89,6171.5,2.49,0.005,14.69,180.8,11.0,15.011,121.5,0
79.18,0.986,21.37,0.06,3.492,29.15,6013.5,1.36,0.0155,14.98,184.4,10.8,15.145,117.3,0
77.63,0.68,22.02,2.3,3.537,31.19,5897.3,3.21,0.0111,14.25,180.5,12.36,15.089,112.6,0
80.02,1.031,22.17,0.76,3.483,27.6,5972.8,1.12,0.0518,15.18,176.3,11.82,15.122,128.7,1
78.06,1.078,23.11,0.53,3.463,28.8,6042.0,1.94,0.0085,15.43,180.3,11.73,14.855,123.4,0
79.6,1.751,22.83,1.21,3.41,27.26,5945.7,1.81,0.0947,14.69,178.2,12.14,15.479,118.7,1
79.03,1.141,21.63,0.26,3.468,28.34,6046.2,3.91,0.0233,15.35,173.7,13.09,14.826,116.4,0
76.01,0.601,22.7,1.54,3.69,36.27,6139.8,5.68,0.1199,15.29,163.6,10.78,15.526,113.8,1
80.04,1.271,22.06,0.44,3.458,31.28,5797.8,0.41,0.0235,14.24,174.6,11.0,15.022,120.4,0
75.2,0.15,20.5,0.5,3.274,31.85,5674.9,2.56,0.0994,13.95,165.3,11.34,15.009,128.6,0
77.96,0.699,21.92,0.08,3.471,30.16,6133.2,3.04,0.0021,14.64,176.9,11.46,14.437,114.6,0
75.4,0.905,22.57,0.57,3.459,32.63,5797.6,3.14,0.0294,14.52,183.2,12.14,14.933,120.1,1
78.11,1.259,20.95,0.18,3.478,28.76,5993.3,1.7,0.0086,14.04,162.1,12.38,15.084,116.9,0
77.96,1.334,24.16,0.34,3.426,31.79,5954.6,2.37,0.0668,15.04,166.6,12.53,14.944,112.4,0
79.43,1.652,21.49,1.21,3.572,28.14,6091.8,3.94,0.04,15.5,184.8,11.84,15.539,119.5,0
78.13,1.372,22.39,1.13,3.508,28.1,5733.1,4.1,0.028,15.22,180.1,10.79,14.956,116.1,0
79.69,1.279,23.79,0.14,3.443,30.67,6290.9,3.08,0.0592,14.52,193.8,13.27,15.191,120.7,0
78.68,0.356,21.45,1.09,3.417,30.94,6273.7,1.73,0.0061,15.72,180.3,12.78,15.532,122.9,0
77.97,0.996,21.72,0.17,3.429,29.85,5744.1,1.61,0.0186,15.96,185.5,11.86,15.187,118.3,0
77.6,1.122,22.37,1.13,3.478,28.45,6110.4,1.3,0.0631,15.27,188.5,12.21,14.869,126.4,0
80.65,1.124,22.76,0.34,3.419,30.63,5754.7,1.75,0.0399,14.63,181.7,12.35,14.647,131.1,1
75.8,1.655,21.87,0.31,3.381,29.94,6227.8,3.07,0.0099,14.88,182.2,11.65,14.835,119.6,1
77.25,0.985,21.96,1.14,3.45,29.85,6431.5,2.5,0.0261,15.46,184.0,11.55,14.878,119.7,0
79.05,0.688,22.61,1.62,3.537,30.73,6268.6,3.01,0.0113,14.84,177.1,12.86,14.882,118.8,0
80.5,0.615,22.96,0.74,3.495,27.7,6140.5,1.2,0.0231,14.95,166.6,12.51,15.029,120.3,1
77.48,1.068,22.34,0.72,3.549,29.6,5943.6,1.14,0.0351,14.85,164.6,12.08,15.152,122.2,1
78.75,1.03,21.43,0.22,3.513,29.9,6241.9,1.15,0.0049,14.87,204.2,12.71,15.099,128.1,1
78.09,0.681,22.67,0.75,3.409,29.28,6426.9,4.29,0.2128,13.38,204.2,10.59,14.96,106.8,0
77.93,1.622,20.31,0.35,3.476,30.04,6197.4,3.37,0.0737,15.23,160.5,11.55,14.936,117.8,0
80.1,1.594,20.67,0.11,3.518,31.2,6147.6,1.71,0.0747,15.02,185.7,12.56,15.061,121.6,0
76.77,0.675,20.82,3.54,3.542,27.1,6234.8,1.35,0.0475,14.47,170.1,12.58,15.227,119.1,0
78.34,1.1,22.72,0.37,3.469,30.63,6213.4,3.36,0.0072,14.97,179.5,13.25,14.948,120.7,0
75.53,0.956,23.59,0.56,3.505,31.84,5918.3,3.35,0.0102,14.9,168.7,12.67,15.164,112.2,0
78.56,0.82,21.29,0.2,3.447,30.73,5901.5,1.3,0.0365,14.78,174.7,11.35,15.371,128.9,1
77.82,0.609,21.45,1.06,3.438,27.41,6153.1,4.21,0.0313,14.39,178.0,12.73,14.928,121.1,0
78.35,1.213,21.6,0.06,3.542,29.84,5871.5,2.63,0.0207,14.14,173.2,13.24,15.218,124.8,0
75.01,1.616,22.54,0.21,3.506,28.43,5750.3,3.07,0.0185,15.48,177.8,13.5,15.183,116.5,0
79.26,1.38,22.57,0.11,3.435,30.03,5974.3,2.19,0.0491,15.2,202.1,11.18,15.108,127.5,1
78.84,1.503,23.06,0.25,3.555,30.35,5993.6,1.38,0.0457,14.57,186.4,11.47,15.404,126.3,1
78.06,0.966,21.55,0.1,3.557,31.05,5849.0,2.42,0.0321,15.19,190.0,11.78,14.974,122.0,0
77.84,1.234,22.21,1.11,3.495,31.11,5989.4,0.95,0.0103,14.63,175.2,10.77,14.989,121.0,0
78.17,0.471,19.81,0.25,3.553,27.58,6219.8,0.5,0.1272,14.64,171.6,14.06,15.158,122.1,0
78.8,1.779,21.54,0.99,3.451,29.84,5772.6,0.76,0.018,14.49,183.7,12.44,15.17,119.4,0
76.47,1.088,22.63,0.37,3.463,30.35,6155.3,2.2,0.023,15.24,177.1,11.19,15.114,119.3,0
76.92,0.56,23.64,0.12,3.472,31.71,6272.2,3.16,0.0895,14.85,181.1,12.22,15.232,121.3,0
77.07,1.276,21.9,2.3,3.449,30.59,5871.2,3.15,0.0244,15.07,170.5,11.76,14.855,125.9,0
77.57,0.67,22.09,0.62,3.534,27.89,5866.0,3.09,0.0175,15.44,180.0,11.6,15.224,124.5,1
74.43,0.944,23.92,0.14,3.483,29.41,6027.2,2.1,0.0427,14.77,164.7,11.16,14.854,122.6,0
77.62,0.5,21.49,0.3,3.525,28.14,5923.2,2.98,0.0015,15.35,172.6,11.65,14.727,114.9,0
75.61,1.106,21.41,0.18,3.454,29.01,5984.3,1.3,0.0375,15.48,177.3,12.14,14.748,119.0,0
80.53,2.106,21.96,0.1,3.446,31.81,5825.0,2.51,0.1613,15.45,181.1,12.47,15.297,116.0,1
79.26,1.577,24.04,0.36,3.342,28.24,5789.7,2.95,0.0098,15.35,168.4,14.42,14.946,106.2,1
78.42,0.892,21.05,0.0,3.555,30.19,5383.8,4.55,0.0043,14.44,205.1,12.05,14.718,125.3,1
77.15,2.211,21.62,0.91,3.565,31.99,6469.2,1.28,0.1408,14.97,166.3,11.72,15.134,109.9,1
76.2,1.022,22.1,0.17,3.512,28.06,6182.5,2.49,0.039,15.67,186.6,11.59,15.052,119.8,0
78.9,0.984,23.58,0.12,3.453,32.2,5938.0,4.42,0.0215,14.91,172.9,11.92,15.145,116.6,1
78.49,0.588,22.52,0.75,3.605,31.96,6350.6,2.72,0.008,14.48,167.1,13.09,14.864,119.5,0
79.19,1.651,21.91,0.57,3.417,32.58,6134.6,3.75,0.0864,15.0,185.4,11.75,15.092,117.6,0
78.04,0.349,22.24,0.41,3.475,30.85,6052.1,1.37,0.0246,15.93,186.3,12.34,14.727,116.4,0
76.36,0.347,20.61,0.15,3.528,26.37,6115.7,4.12,0.1152,15.09,183.2,11.62,15.049,118.9,1
78.7,1.367,21.88,0.09,3.537,33.32,5904.5,2.5,0.1225,15.62,177.4,11.83,15.157,116.5,0
80.09,1.472,20.57,0.81,3.608,30.38,6310.3,2.3,0.0222,14.89,191.3,11.89,14.432,117.9,0
77.2,1.07,22.89,2.38,3.453,29.18,6123.9,2.69,0.0119,15.32,175.1,13.15,15.273,122.0,0
77.69,1.472,21.56,0.25,3.466,28.28,5781.3,3.84,0.0248,15.09,180.9,11.31,15.089,120.1,0
79.76,0.878,21.64,0.66,3.49,27.68,6390.6,2.56,0.0324,15.17,169.3,11.95,15.185,116.1,0
77.34,0.785,21.38,1.18,3.38,29.98,5713.2,2.7,0.0481,14.74,188.4,10.68,15.501,114.3,0
78.02,1.183,22.86,1.07,3.441,27.29,6017.3,1.54,0.0826,15.65,179.3,12.7,14.639,122.6,0
77.38,0.802,22.11,0.26,3.441,28.14,5966.7,3.62,0.0008,15.46,192.7,12.25,14.992,127.9,0
77.91,0.885,20.92,0.74,3.468,29.19,6036.7,3.84,0.0056,15.1,165.5,12.48,14.919,128.4,1
77.59,0.41,21.82,0.91,3.606,28.37,6180.2,4.78,0.0018,16.23,171.5,14.11,15.88,124.7,0
78.95,1.944,21.71,0.05,3.597,30.02,6063.7,4.19,0.0243,14.13,179.0,12.2,14.991,117.7,0
77.5,0.652,22.24,0.23,3.464,30.85,5706.7,3.27,0.141,14.98,171.7,12.56,15.175,120.8,0
78.3,0.386,21.56,0.08,3.413,28.24,5903.0,0.55,0.0231,16.08,184.3,12.13,15.135,125.5,1
79.56,0.812,22.53,1.5,3.494,32.47,5789.8,2.67,0.0078,15.25,181.2,13.13,14.874,121.2,0
77.03,0.863,21.28,0.41,3.506,29.78,6054.5,1.75,0.0029,14.37,180.8,12.15,15.003,119.1,0
80.33,1.209,22.13,1.14,3.475,27.7,6086.3,2.93,0.0457,16.01,176.6,12.21,15.023,122.2,0
79.76,0.55,21.91,0.69,3.456,25.99,6128.9,2.06,0.054,15.34,201.0,12.1,14.323,119.6,0
78.6,0.527,22.49,0.05,3.541,30.24,6039.2,2.55,0.026,15.08,170.2,11.8,14.728,122.0,0
78.07,1.218,21.49,0.11,3.535,29.51,5947.3,3.77,0.0597,14.35,173.7,11.49,14.733,119.5,1
76.09,1.049,24.28,0.68,3.577,29.8,6387.2,1.8,0.0033,14.09,155.9,9.96,16.403,110.8,0
74.99,1.738,21.98,0.02,3.648,29.88,6285.3,2.83,0.0039,15.04,178.0,11.26,14.69,123.1,1
79.98,0.474,20.93,0.39,3.453,29.0,5919.8,2.9,0.0746,14.81,182.8,12.4,15.11,117.0,0
79.54,0.851,21.72,0.23,3.531,27.41,6090.8,1.14,0.0074,15.28,192.4,12.97,14.86,117.2,1
78.43,1.215,22.34,2.87,3.514,30.5,6564.9,2.44,0.0364,14.84,189.5,11.47,15.425,111.7,1
77.47,0.719,22.61,0.49,3.51,31.42,5737.6,3.02,0.0673,14.51,172.7,11.62,14.999,117.2,0
79.67,1.807,22.94,0.45,3.398,30.27,6088.8,3.65,0.0774,15.91,187.2,11.17,15.072,118.5,0
80.2,0.069,22.78,0.85,3.487,27.67,5950.1,2.93,0.0986,15.35,158.1,11.04,15.327,111.5,0
77.98,0.776,21.34,1.09,3.505,28.05,5933.8,4.25,0.0787,14.3,179.1,11.03,15.123,122.8,0
79.28,0.13,22.48,0.47,3.447,31.91,5742.8,1.49,0.0417,14.82,175.1,12.74,15.161,116.2,0
79.0,0.691,23.42,0.41,3.432,30.04,5690.4,4.21,0.0823,15.88,185.3,12.41,14.514,123.2,0
79.94,0.934,21.91,0.03,3.491,31.26,5662.1,4.57,0.0395,14.88,176.7,11.31,15.387,114.3,0
78.46,0.159,21.47,0.63,3.47,30.06,5909.9,3.05,0.0974,14.31,181.6,11.19,14.968,127.4,1
75.08,1.523,21.93,0.55,3.476,30.54,6127.6,2.78,0.0149,15.16,175.6,11.61,14.533,120.2,0
79.38,0.182,21.55,0.24,3.468,29.07,6203.6,0.55,0.0394,13.82,170.2,12.43,15.151,119.4,0
74.54,1.588,20.94,0.83,3.356,28.28,5974.3,2.67,0.1461,14.89,195.4,12.86,15.007,117.5,1
79.01,0.55,22.12,0.1,3.452,28.54,5880.1,2.13,0.1018,14.63,182.2,10.94,15.461,118.0,0
77.3,2.357,20.17,0.61,3.491,29.66,6195.2,3.14,0.0201,14.22,176.0,11.76,14.868,122.8,1
78.49,1.222,22.84,0.11,3.511,31.53,6008.8,3.56,0.0011,15.03,177.5,11.62,14.818,118.6,1
77.54,0.631,21.51,0.13,3.545,29.46,6002.6,1.67,0.0391,15.12,179.9,11.52,15.054,118.4,1
77.95,0.772,23.21,0.3,3.489,31.19,5972.8,1.46,0.0019,15.12,168.9,12.22,15.04,112.5,0
78.47,0.369,21.37,0.43,3.473,28.19,5638.4,3.21,0.0096,15.67,175.8,12.89,14.896,116.6,0
74.62,0.122,21.39,0.21,3.521,28.45,5814.6,2.91,0.0529,15.67,186.2,12.03,14.641,126.7,0
77.19,0.886,23.49,0.2,3.384,31.96,5624.1,2.25,0.0846,15.81,181.6,12.3,15.02,118.1,0
77.73,0.948,22.77,0.06,3.524,29.51,6045.4,3.39,0.0296,14.89,190.4,11.89,15.199,121.7,0
76.97,0.769,22.66,0.02,3.496,31.13,5791.7,1.85,0.0321,14.81,181.7,11.08,14.837,115.5,0
76.47,0.972,21.98,1.06,3.454,32.27,6116.1,3.17,0.0006,14.34,179.6,12.52,14.885,118.3,0
78.32,2.079,23.29,0.27,3.572,28.05,6031.7,2.85,0.0885,16.23,169.8,11.94,14.893,120.6,0
79.96,2.159,23.14,0.25,3.51,29.89,5898.2,3.35,0.0299,15.22,188.3,11.32,15.096,120.6,0
78.82,0.138,21.46,0.32,3.435,31.01,6095.6,4.25,0.0337,14.37,186.3,12.17,15.07,124.9,1
77.75,0.88,21.84,0.69,3.537,30.31,6043.2,2.74,0.0048,15.44,186.4,11.12,15.207,117.7,0
77.17,1.069,22.11,0.12,3.458,28.88,6342.9,2.0,0.0245,16.11,173.9,11.99,14.819,128.6,0
76.84,1.082,22.12,0.03,3.481,29.61,6063.3,2.22,0.0434,15.31,177.1,13.05,15.06,123.7,0
77.84,0.962,22.27,0.06,3.484,32.34,6074.9,3.34,0.0519,15.7,182.3,12.4,15.177,122.1,0
78.42,0.56,22.2,0.09,3.473,30.22,6134.5,2.75,0.0399,14.58,189.2,12.3,14.989,120.5,0
75.23,0.796,21.29,0.35,3.497,30.05,5930.2,2.59,0.0272,15.13,178.8,11.7,14.676,125.7,0
77.79,1.156,21.21,0.11,3.49,29.14,5896.0,1.91,0.0672,14.87,174.1,10.42,15.136,117.2,0
78.47,1.155,22.3,0.45,3.541,30.25,5876.1,3.01,0.0001,14.07,170.2,11.13,14.979,114.0,0
78.87,1.293,21.7,0.15,3.431,29.94,6166.9,3.13,0.0146,15.37,176.5,12.34,15.12,119.7,0
76.62,0.82,22.79,1.12,3.592,30.05,6075.8,2.21,0.0051,14.62,171.0,12.25,14.92,118.1,0
77.79,1.737,22.45,0.19,3.481,28.29,5769.2,2.08,0.029,14.19,189.3,11.56,14.8,118.3,0
77.61,1.41,22.5,0.36,3.572,30.51,5667.7,2.57,0.0914,14.81,181.1,13.37,15.076,120.7,0
77.48,0.422,22.83,0.11,3.496,29.46,5515.4,0.89,0.0477,15.47,190.9,12.17,15.137,114.0,1
75.94,1.906,21.34,0.97,3.545,29.82,6105.1,4.33,0.072,15.15,196.0,10.18,15.017,119.6,1
78.12,0.748,21.49,0.42,3.492,28.71,5757.4,1.78,0.0573,15.36,193.1,11.85,14.826,114.8,0
77.26,1.598,20.98,0.02,3.398,27.57,6073.3,4.57,0.0176,14.89,177.8,13.06,15.037,118.3,0
78.72,0.745,21.03,0.38,3.449,32.24,5867.9,1.25,0.0847,15.21,188.5,11.01,15.271,123.1,0
77.84,1.636,22.7,0.41,3.444,27.51,6164.8,1.93,0.07,15.13,182.8,12.77,14.773,117.0,0
77.87,1.221,22.45,0.68,3.559,27.35,5924.7,2.94,0.0681,14.67,189.4,11.64,15.085,114.6,0
78.37,0.678,22.61,0.75,3.557,28.37,5819.6,3.06,0.0163,15.19,182.9,12.26,14.975,116.7,0
78.02,0.973,25.0,3.41,3.383,23.92,5824.2,1.13,0.0912,14.78,162.0,10.81,15.003,114.7,1
78.43,0.695,20.68,0.26,3.478,29.65,6029.7,2.1,0.0392,15.25,175.7,11.78,14.795,124.3,0
76.39,1.086,22.61,0.26,3.557,31.88,5966.7,1.44,0.0047,15.42,175.7,12.65,15.054,122.0,0
77.73,0.787,21.99,0.37,3.43,31.46,5886.1,2.12,0.0322,15.35,175.9,11.83,15.178,123.6,1
77.9,1.871,21.41,0.52,3.486,32.54,6108.6,1.64,0.0039,14.22,170.1,13.91,14.9,114.9,0
78.52,1.2,22.15,0.16,3.488,31.08,5887.6,3.33,0.0055,14.85,176.6,12.53,15.067,118.4,0
76.68,0.963,21.48,0.55,3.536,28.61,5874.5,3.39,0.0305,14.72,181.3,12.35,14.506,117.8,0
75.62,0.689,22.92,1.2,3.521,34.59,5873.0,1.65,0.0077,14.77,179.6,11.82,15.216,125.5,0
76.99,1.162,21.62,1.5,3.602,30.03,6071.4,1.32,0.0518,14.5,163.5,10.81,14.897,117.5,1
77.17,0.204,22.61,0.14,3.479,31.71,5941.0,2.15,0.0274,15.54,184.7,11.49,14.948,121.1,0
81.06,1.435,21.38,0.28,3.545,27.61,5824.7,4.38,0.1166,16.91,212.4,11.31,14.811,125.6,0
79.68,0.965,21.98,0.82,3.541,30.71,5941.1,1.96,0.072,15.64,191.9,11.42,15.331,116.8,0
77.54,1.813,22.4,1.38,3.361,29.33,6226.0,2.9,0.0035,14.77,181.7,12.36,14.977,127.2,1
77.58,0.653,21.42,0.24,3.49,30.26,5859.8,1.9,0.0097,14.84,178.1,10.55,14.984,122.5,0
80.31,1.321,22.59,1.8,3.506,29.41,6264.9,1.54,0.0509,14.52,167.6,12.43,14.8,113.2,0
77.12,1.215,21.07,0.1,3.539,27.3,5946.6,2.14,0.0132,15.63,185.8,11.69,15.081,121.4,1
75.09,0.855,21.41,0.36,3.508,30.59,6098.0,1.82,0.0512,15.74,186.4,10.99,15.2,120.8,0
76.7,0.851,22.65,0.59,3.364,29.92,5852.0,3.14,0.0062,15.2,169.9,11.76,15.303,117.6,1
77.24,0.841,21.81,0.25,3.565,29.46,5516.1,1.15,0.0279,14.94,182.2,12.26,14.766,113.3,1
78.74,1.401,22.45,1.15,3.511,26.92,6010.5,3.13,0.0003,15.78,184.5,12.03,15.334,114.0,0
77.5,1.268,22.23,0.63,3.523,30.04,6005.7,4.06,0.0015,14.69,180.4,12.65,15.105,113.7,0
76.07,0.922,20.99,0.51,3.467,28.41,5755.7,2.21,0.0416,14.74,172.7,12.48,15.248,121.6,0
78.11,2.177,22.45,0.21,3.467,33.7,6588.9,2.91,0.0546,13.36,176.1,12.36,14.737,107.6,0
78.18,0.854,23.02,2.75,3.478,30.98,5723.4,4.63,0.1048,15.44,194.6,11.91,15.046,123.3,0
75.54,0.85,21.04,0.21,3.525,31.75,6188.1,3.26,0.0166,14.43,183.1,12.68,15.119,126.1,1
77.48,2.121,22.23,0.84,3.533,30.25,6135.7,1.79,0.0804,14.52,181.4,12.98,14.742,116.3,1
78.98,1.088,22.32,0.14,3.5,32.61,5963.9,1.49,0.0632,13.54,180.8,12.0,14.973,120.1,0
76.7,0.566,20.99,1.08,3.418,31.8,5750.8,2.88,0.0171,14.42,180.9,11.36,15.439,116.3,0
75.95,0.113,21.54,0.22,3.558,33.24,5831.5,1.99,0.0367,16.04,181.0,12.21,14.955,121.7,0
80.01,1.582,22.72,1.25,3.55,31.08,5843.9,2.51,0.0585,13.89,182.9,11.32,14.844,122.2,0
78.5,1.522,22.34,2.11,3.535,29.29,5979.5,4.11,0.0441,13.58,183.5,10.74,15.096,119.5,0
76.84,0.406,21.01,0.13,3.522,30.37,6085.4,0.83,0.0818,14.21,180.0,11.01,15.305,112.9,0
79.17,1.131,21.59,0.18,3.499,24.24,5558.8,3.73,0.1454,15.02,190.7,12.43,15.131,116.1,0
78.15,0.112,22.93,0.02,3.438,30.85,6039.0,1.46,0.0045,15.75,192.7,12.18,14.789,119.1,1
81.72,0.828,20.84,1.49,3.543,31.35,5896.1,4.05,0.0223,15.03,190.7,12.27,15.084,119.7,0
79.05,1.356,23.39,0.23,3.448,28.75,6027.8,2.41,0.0768,13.71,177.2,13.24,14.896,116.6,0
78.3,0.392,23.08,0.82,3.487,31.35,6225.9,3.03,0.0183,15.15,176.2,12.54,14.992,114.7,0
72.97,0.903,21.66,0.13,3.547,29.64,6171.8,1.4,0.0134,15.14,169.8,12.85,14.908,112.9,0
77.44,0.81,20.71,0.7,3.454,30.08,5865.0,2.8,0.0438,15.19,177.2,12.05,15.062,115.3,1
80.36,0.719,21.52,0.29,3.48,30.09,5768.2,3.97,0.0498,16.07,167.3,12.69,15.223,112.0,0
78.69,0.321,21.63,0.36,3.569,29.67,6051.8,0.99,0.0645,15.17,182.2,11.37,14.814,120.4,0
76.76,0.502,21.81,0.74,3.497,29.56,6330.1,1.23,0.0797,14.41,170.4,11.53,14.896,116.1,1
77.64,1.062,21.93,2.71,3.489,25.35,6189.0,3.01,0.0853,15.23,186.3,13.27,14.766,126.6,0
79.21,0.84,23.16,0.02,3.506,26.85,5931.3,1.14,0.0699,15.2,170.0,11.98,15.277,119.0,0
77.56,1.211,21.95,1.25,3.497,28.51,6160.4,3.53,0.0085,14.96,180.3,11.42,15.005,118.5,1
79.47,0.563,22.72,0.77,3.535,29.15,6042.4,2.41,0.0166,14.55,169.9,12.42,14.808,119.5,0
79.17,1.75,19.75,0.05,3.495,32.49,5880.1,2.62,0.0328,15.03,160.5,12.39,15.021,123.3,0
79.2,1.027,21.83,0.15,3.483,31.34,5799.3,3.06,0.1001,14.95,176.4,11.53,15.125,114.0,0
78.75,1.16,23.69,0.65,3.45,30.57,5979.6,0.64,0.0279,14.86,182.3,11.7,14.856,120.6,0
77.66,1.388,22.39,1.77,3.501,31.0,6146.7,0.66,0.0302,14.25,191.2,12.67,15.096,123.2,1
78.34,1.037,23.1,0.14,3.497,29.25,6225.6,1.48,0.0102,15.02,187.6,10.42,14.95,117.6,0
77.3,1.665,22.98,0.17,3.484,29.44,6208.2,0.65,0.0076,14.91,184.1,12.03,14.973,113.7,0
78.61,1.669,22.51,0.17,3.468,28.74,6246.0,1.86,0.0786,14.72,176.1,12.38,14.988,122.4,0
77.42,0.728,21.05,0.49,3.491,28.82,5982.6,1.54,0.0171,14.45,184.3,11.5,15.089,126.7,0
77.77,1.415,22.64,0.2,3.468,29.79,5780.7,1.51,0.0602,14.09,181.9,12.37,15.081,124.4,0
77.81,1.897,21.55,0.67,3.525,29.25,5805.0,2.38,0.0605,14.7,191.4,12.29,14.944,118.1,0
74.92,0.293,23.27,1.3,3.55,29.07,5930.5,4.41,0.0718,15.03,174.7,14.01,14.798,118.3,0
79.4,1.074,22.03,0.58,3.593,27.17,5787.6,3.43,0.0676,15.68,162.1,12.42,15.099,114.3,0
76.42,1.735,21.23,0.5,3.457,31.22,6022.7,2.65,0.0057,14.92,184.1,12.53,15.069,116.6,0
78.74,0.171,21.13,0.84,3.509,29.36,5918.3,2.02,0.0534,15.11,176.8,12.21,14.803,113.2,1
79.96,1.047,21.53,0.22,3.481,29.21,5890.1,1.25,0.0292,14.83,173.8,11.4,14.517,118.1,0
77.6,1.482,21.63,0.89,3.387,30.01,5719.7,1.8,0.0473,15.79,168.2,11.22,14.803,125.0,0
77.41,0.887,20.92,0.33,3.548,28.54,6198.8,1.27,0.0199,15.08,182.1,13.31,15.15,118.7,1
77.73,0.889,21.72,0.21,3.409,30.67,5995.0,2.71,0.0581,14.0,177.1,13.4,14.907,123.0,1
78.58,1.061,22.09,0.0,3.563,32.18,6193.3,3.62,0.0285,15.46,172.6,11.13,14.894,123.3,0
77.59,0.134,22.49,0.22,3.468,30.11,6028.0,3.03,0.0088,14.73,180.2,10.89,15.199,119.9,0
79.79,0.155,20.98,0.66,3.64,32.3,6026.9,2.63,0.0533,15.5,180.2,11.64,15.139,127.3,0
76.82,0.833,20.72,5.57,3.594,28.59,6114.3,1.89,0.107,14.25,183.6,12.26,15.276,131.7,0
78.11,1.542,19.94,0.03,3.432,28.01,5646.0,2.9,0.0193,14.87,186.7,12.62,15.19,129.8,0
77.95,1.293,21.94,0.65,3.416,25.42,5723.0,1.33,0.0201,14.42,168.2,12.63,15.078,120.0,1
76.53,1.864,20.64,0.08,3.425,28.68,5977.5,3.15,0.0615,14.57,175.8,12.72,15.167,120.8,1
75.99,0.361,21.06,1.9,3.54,31.05,6012.7,2.23,0.0046,15.08,191.0,11.6,15.252,121.8,1
77.48,2.026,22.11,0.56,3.521,30.61,6166.1,2.63,0.0306,14.69,174.9,11.4,15.032,116.9,0
77.91,0.839,21.88,0.16,3.478,32.16,5701.6,3.16,0.0432,15.35,178.4,11.72,15.083,123.3,0
79.46,1.23,22.39,1.39,3.508,31.52,6012.9,1.79,0.0959,15.29,179.6,12.61,15.291,124.5,0
81.0,1.704,20.7,0.07,3.525,26.58,5911.4,0.4,0.1291,15.43,162.1,12.59,14.557,116.6,0
75.54,1.787,21.12,0.31,3.447,30.56,6062.1,2.41,0.0584,15.45,170.7,12.34,15.149,119.6,1
79.86,0.029,21.65,0.13,3.482,30.09,6124.1,3.54,0.0165,14.84,179.5,11.34,14.876,115.6,1
77.61,0.936,22.04,0.23,3.488,31.33,5873.9,2.08,0.0434,15.2,173.4,12.2,14.54,115.1,0
78.53,2.226,21.66,2.89,3.414,25.42,6360.5,5.49,0.1213,14.72,188.8,12.69,15.763,107.9,0
78.34,1.101,21.22,0.37,3.425,28.83,6098.5,2.96,0.0084,14.71,181.3,11.3,15.269,120.2,0
76.08,1.104,21.62,0.42,3.595,30.85,6317.2,2.83,0.0087,15.74,192.8,11.83,14.782,122.8,1
79.76,0.862,23.93,0.68,3.578,27.13,6138.6,0.35,0.0714,15.13,183.1,12.07,14.344,120.1,1
80.86,1.149,22.04,0.17,3.436,28.76,5707.6,0.03,0.0299,14.76,173.3,12.49,14.839,115.0,0
77.94,0.09,22.69,1.61,3.571,28.29,6126.9,0.42,0.0031,14.56,171.6,12.73,14.713,122.7,0
78.0,1.287,22.79,1.2,3.473,29.17,5961.0,1.14,0.0311,15.0,181.8,12.56,14.916,119.2,0
80.7,1.281,21.28,0.89,3.52,29.66,5965.5,2.42,0.082,15.2,185.0,13.75,14.987,119.6,0
82.0,0.524,23.26,0.64,3.406,33.27,5953.3,4.98,0.1154,15.26,171.3,12.61,14.6,124.4,1
79.06,0.972,21.42,0.42,3.43,30.11,5918.4,1.74,0.0367,14.15,184.5,11.12,14.731,124.6,0
77.7,0.165,22.0,0.24,3.457,28.43,5852.7,4.45,0.0175,14.91,175.2,12.48,14.801,116.2,0
77.94,0.428,22.17,0.28,3.537,31.91,5872.5,0.88,0.0254,14.33,167.3,11.13,14.468,117.6,0
76.9,1.779,22.48,0.08,3.398,31.82,6014.4,2.75,0.0493,15.8,179.9,12.24,15.276,123.4,0
80.62,1.18,21.8,0.06,3.525,29.19,6163.8,2.62,0.0417,15.0,172.8,11.91,15.117,122.5,1
79.02,0.521,22.44,0.17,3.379,31.06,6017.9,2.88,0.0634,15.19,167.6,11.68,14.498,122.8,0
77.42,1.365,21.67,0.84,3.485,29.32,6128.0,1.44,0.0561,14.71,179.7,11.36,15.0,123.9,0
77.57,1.206,22.09,0.41,3.482,29.69,6112.7,1.27,0.0576,15.6,185.8,11.78,14.71,121.1,0
76.06,0.762,21.92,0.35,3.486,30.51,6182.0,2.29,0.053,15.23,188.6,10.81,15.353,122.2,1
77.01,1.211,21.24,0.02,3.513,28.37,6152.5,1.47,0.05,14.43,186.6,13.38,14.92,120.5,0
76.17,0.425,21.58,1.1,3.495,28.68,6143.3,1.03,0.0079,14.54,180.9,12.17,14.835,122.6,0
74.73,0.54,22.92,0.26,3.493,28.16,5843.5,4.19,0.0425,15.27,181.5,13.35,14.734,132.2,0
80.19,1.14,21.84,1.2,3.468,29.82,6056.5,2.4,0.0016,15.08,191.4,11.72,14.987,116.7,0
75.8,0.007,21.36,0.02,3.499,30.16,6138.5,2.14,0.084,15.13,175.3,12.08,14.811,118.6,0
77.73,1.348,21.44,0.49,3.458,30.08,5992.3,3.4,0.0449,15.19,174.5,12.07,14.889,124.5,1
79.51,0.843,22.16,0.89,3.501,30.84,6034.0,1.19,0.0219,15.23,177.8,12.05,15.044,121.0,1
79.04,1.404,21.21,0.43,3.451,30.61,6133.4,1.58,0.0737,14.37,162.8,11.96,15.091,115.7,0
75.69,0.117,20.73,0.06,3.452,30.47,5823.7,1.81,0.1299,15.5,151.1,10.88,14.727,132.3,1
80.08,1.868,22.82,0.09,3.536,32.2,5913.2,0.86,0.0068,14.62,180.6,12.03,14.976,122.8,0
79.33,1.125,22.74,1.67,3.532,27.51,6151.1,3.03,0.0884,12.77,174.4,10.25,14.786,121.0,0
79.91,0.577,23.37,0.06,3.364,25.81,6670.1,0.54,0.0439,15.94,213.0,13.05,15.256,132.2,1
75.98,0.792,21.47,2.62,3.447,32.43,5500.6,3.88,0.1128,14.48,177.9,12.84,14.738,123.1,0
78.08,0.782,23.3,0.56,3.515,32.3,6073.9,1.66,0.0203,14.19,165.2,12.77,14.91,127.9,1
78.55,1.324,22.46,0.13,3.585,29.56,6096.0,1.37,0.0649,15.52,189.1,11.96,14.9,116.2,0
77.32,0.868,22.12,1.59,3.605,28.32,6018.7,3.24,0.0012,14.69,171.6,11.66,14.975,123.5,1
80.69,1.122,22.19,0.12,3.446,32.14,5808.9,1.36,0.0184,15.54,180.9,12.6,15.066,120.4,1
78.88,1.082,21.82,0.04,3.507,29.21,5917.4,2.22,0.0814,15.08,171.0,12.91,14.778,130.6,0
77.05,2.358,23.24,0.66,3.563,29.19,6202.3,1.69,0.0943,15.15,173.9,10.95,15.058,117.1,1
77.74,1.436,21.99,0.41,3.429,30.57,6511.9,3.39,0.0451,14.98,159.3,13.3,14.855,122.7,0
77.87,1.67,21.79,0.12,3.476,30.46,5929.9,1.68,0.0079,14.41,177.3,12.39,15.053,115.7,0
79.46,1.219,21.55,1.51,3.537,31.38,6092.4,1.35,0.031,14.66,184.6,11.26,14.626,118.1,0
78.61,0.744,22.08,0.45,3.503,31.71,6293.7,0.94,0.0163,15.09,170.0,13.12,14.913,125.4,0
77.7,0.625,22.43,0.32,3.503,28.02,5874.0,0.62,0.0518,14.8,189.1,13.4,14.586,113.8,0
75.44,0.32,20.6,0.27,3.445,29.79,5945.4,1.44,0.0671,15.41,177.4,13.53,15.169,119.5,0
77.02,1.899,23.29,0.26,3.377,30.73,6171.3,0.06,0.0158,14.38,201.9,11.59,15.131,108.6,0
78.97,1.506,23.16,0.01,3.486,30.35,6008.5,2.0,0.0231,15.01,174.2,11.73,15.087,127.9,0
76.12,0.805,21.39,0.0,3.479,29.78,5870.8,2.56,0.0526,15.51,174.5,12.23,15.078,117.4,0
77.17,0.741,21.36,0.49,3.452,31.05,5992.1,2.39,0.0213,15.01,156.0,10.84,14.996,110.3,0
77.77,1.05,20.45,0.87,3.467,29.81,6063.9,4.21,0.0422,14.73,177.9,12.18,14.95,124.4,0
78.52,1.696,21.22,0.4,3.521,30.7,6453.3,2.0,0.0104,14.84,169.6,11.13,14.967,114.0,0
76.82,0.841,20.98,0.11,3.507,30.69,5985.3,2.37,0.0466,15.47,178.7,11.56,14.911,114.9,0
80.06,0.618,22.51,0.66,3.531,30.26,6017.1,2.98,0.0487,15.1,177.1,12.96,15.14,118.2,0
78.33,1.376,22.33,0.05,3.539,26.65,5723.5,2.8,0.0636,14.85,180.8,11.98,14.931,122.9,0
75.61,1.013,22.2,0.18,3.453,28.75,5494.3,2.78,0.0479,14.82,186.7,11.28,14.853,114.5,1
78.56,0.942,21.85,0.21,3.475,31.61,5891.2,2.49,0.0286,16.08,174.2,12.17,14.834,120.1,0
76.13,0.756,19.58,0.57,3.444,31.34,6081.1,1.72,0.043,14.97,179.8,11.91,14.869,120.0,1
77.89,0.915,21.19,0.38,3.549,31.34,6071.8,2.25,0.0121,15.14,187.8,13.02,14.993,124.0,0
78.48,0.687,21.67,0.08,3.534,30.27,6154.4,2.86,0.0073,14.69,192.0,11.67,14.961,116.2,0
80.42,0.453,22.33,0.45,3.47,30.61,5932.3,1.95,0.0938,14.73,185.0,11.21,14.97,119.1,0
78.48,1.528,21.91,0.4,3.517,29.69,6006.1,0.81,0.0171,14.64,168.6,12.65,14.827,122.4,0
79.02,0.901,22.11,0.37,3.419,28.88,5845.5,2.77,0.0967,15.49,186.8,11.38,15.036,117.8,1
78.05,0.83,22.35,0.24,3.53,29.08,5927.1,1.91,0.0084,15.21,175.2,11.62,14.766,117.2,0
76.95,0.557,22.8,0.13,3.465,30.28,5581.7,0.71,0.0205,15.92,173.4,10.24,14.89,117.8,0
77.06,0.318,21.98,0.11,3.456,28.95,6014.1,1.75,0.0056,15.24,169.7,12.26,15.036,126.4,0
78.73,1.643,22.51,0.26,3.474,30.23,6187.0,2.32,0.063,16.09,180.9,12.49,14.994,120.3,0
76.91,1.12,22.49,0.03,3.493,32.7,6139.6,2.98,0.0302,15.86,184.8,11.96,15.096,118.1,0
77.44,1.165,23.18,0.04,3.487,32.38,6048.3,1.69,0.103,14.33,175.9,12.95,14.946,124.0,1
79.91,0.831,22.91,0.35,3.48,32.42,6203.1,3.1,0.006,14.7,174.9,11.56,15.008,122.1,0
80.14,0.441,22.55,0.41,3.514,30.81,5928.6,2.83,0.0388,14.73,175.0,12.16,14.979,116.9,0
77.66,1.066,20.93,0.08,3.5,30.11,5631.1,2.94,0.0109,16.56,169.9,10.8,15.037,123.8,0
76.99,0.703,22.71,1.21,3.521,31.17,6024.5,2.87,0.0035,14.78,179.8,14.09,15.136,118.2,0
76.82,1.151,22.4,0.02,3.507,29.53,5979.5,3.43,0.0658,15.33,176.7,11.82,15.364,121.2,0
74.82,0.226,21.07,0.08,3.511,29.59,6207.4,1.83,0.0041,14.87,175.4,12.64,15.099,117.3,1
79.55,0.909,22.3,1.88,3.51,30.18,6214.3,1.77,0.0438,16.05,188.2,13.19,14.865,117.5,0
77.46,1.248,22.32,0.49,3.532,29.2,5925.6,1.22,0.0092,15.11,171.0,12.19,14.762,124.3,0
77.93,1.306,22.09,0.08,3.644,32.55,6214.7,3.82,0.0392,14.52,168.5,12.07,15.49,105.8,1
77.27,0.547,19.68,1.46,3.471,26.71,5732.2,2.9,0.0882,15.17,204.8,10.36,14.848,110.4,1
79.55,0.318,21.48,0.54,3.404,29.36,5839.5,3.21,0.0814,15.16,187.1,12.44,15.037,123.6,0
78.03,1.318,21.32,1.64,3.458,31.96,5983.7,0.76,0.0718,14.86,173.0,11.34,15.198,119.1,1
79.17,0.021,22.31,0.01,3.41,30.23,6021.8,2.12,0.0329,15.2,170.7,12.66,14.708,125.4,0
78.31,1.225,21.56,0.14,3.386,29.96,5914.1,2.14,0.0246,15.17,183.1,12.4,15.011,126.0,0
82.37,0.841,20.62,1.35,3.4,33.53,5768.8,2.83,0.0485,14.52,190.7,9.77,14.454,134.1,1
79.07,1.236,21.22,0.17,3.441,30.47,5955.2,2.21,0.04,15.02,182.2,12.35,14.663,120.8,0
76.87,1.516,21.96,0.12,3.513,28.29,5986.7,4.86,0.0711,14.77,183.4,12.1,15.051,126.0,0
78.37,1.476,22.45,0.04,3.517,30.52,5868.7,2.2,0.0235,14.8,177.6,11.44,14.965,117.5,0
79.34,1.363,22.87,0.08,3.561,31.96,6123.6,3.66,0.046,14.97,171.2,12.57,14.967,127.5,1
77.84,1.203,22.39,0.28,3.459,31.72,6138.6,1.16,0.0054,14.86,198.1,13.17,15.09,120.8,0
77.96,1.372,20.96,0.12,3.458,29.96,5960.6,3.55,0.0145,15.43,182.7,11.35,14.849,115.1,0
79.05,0.822,21.91,0.12,3.513,29.75,6014.2,3.74,0.0151,14.05,158.8,13.1,15.061,114.4,0
77.65,0.779,22.42,0.41,3.53,30.34,6074.3,2.41,0.0406,15.73,180.0,12.59,14.994,118.2,0
76.51,0.727,22.43,0.03,3.434,28.17,6054.5,3.26,0.0635,14.09,183.9,13.17,15.209,119.6,0
77.65,1.462,22.1,0.01,3.555,31.96,6193.2,2.59,0.0086,14.59,193.9,11.99,14.885,127.4,0
76.93,0.712,22.24,1.66,3.497,29.08,6152.5,3.43,0.0269,14.55,180.0,12.37,14.962,123.7,0
78.73,1.325,22.1,0.79,3.553,29.57,6052.3,3.49,0.0341,15.29,182.7,12.49,15.265,119.6,0
76.78,1.325,21.85,0.37,3.538,29.65,5967.3,1.39,0.0574,15.26,174.7,11.74,15.107,115.3,0
79.27,1.047,22.95,0.02,3.542,30.61,5965.6,3.03,0.0671,14.34,170.3,11.86,14.89,122.4,0
77.98,0.16,22.09,0.92,3.559,31.78,5652.2,4.34,0.0007,14.24,180.2,11.13,15.221,125.4,0
79.09,1.752,22.2,0.16,3.544,30.68,5927.1,0.94,0.0339,15.01,181.3,11.85,15.002,123.9,0
76.08,1.51,22.79,0.05,3.534,29.11,5949.6,3.04,0.0392,15.57,177.3,10.88,14.927,117.6,1
79.51,0.257,21.97,2.08,3.475,28.41,6190.2,1.6,0.0516,14.97,179.8,11.6,14.783,128.3,0
79.01,0.593,21.65,0.03,3.508,33.86,6010.9,3.34,0.0324,14.61,186.2,11.52,14.959,117.7,0
77.13,1.109,22.4,1.45,3.558,29.19,5807.7,3.55,0.0257,15.12,192.8,11.64,14.717,122.6,0
76.18,1.949,20.62,1.08,3.371,29.37,6247.0,0.0,0.1645,14.9,195.9,12.81,15.067,128.0,0
76.57,2.057,20.42,0.11,3.463,31.57,6124.4,2.86,0.0111,16.18,184.7,12.45,14.696,116.4,1
78.65,0.518,21.43,0.36,3.453,30.72,5986.5,2.34,0.0691,14.89,181.2,12.69,14.894,121.1,0
79.44,0.693,21.43,0.36,3.434,31.6,6134.6,3.73,0.007,15.18,185.7,10.47,15.194,113.9,1
78.06,1.006,21.37,0.4,3.489,28.78,5938.5,1.59,0.0005,14.56,177.5,11.51,14.876,123.7,0
77.77,1.059,23.96,0.0,3.552,27.63,5865.8,1.15,0.0341,15.62,176.1,12.2,15.178,121.6,0
76.08,2.101,23.11,0.47,3.558,30.94,5686.9,1.24,0.0145,15.55,174.6,12.41,14.644,110.4,1
78.44,0.271,22.65,0.4,3.499,30.18,6075.3,3.76,0.0532,14.55,174.9,11.23,15.049,119.9,0
80.03,0.872,21.67,0.14,3.478,27.45,6215.3,3.67,0.0458,14.86,175.9,12.11,14.949,118.9,0
79.38,0.389,21.99,0.32,3.568,30.91,6023.0,1.65,0.02,15.92,177.3,12.87,15.182,121.7,0
77.93,1.983,20.92,1.53,3.525,30.38,5807.7,1.88,0.0623,15.38,180.4,13.34,14.805,122.5,0
77.66,2.037,21.59,1.39,3.4,32.58,5788.8,0.83,0.0229,14.14,190.0,10.01,15.384,117.9,0
77.1,1.521,20.96,0.69,3.477,31.47,6065.6,1.6,0.0598,15.46,180.8,12.88,15.109,116.9,0
77.28,0.859,21.24,0.04,3.475,30.82,5868.4,3.01,0.037,15.89,170.7,11.66,14.983,114.1,0
76.59,1.237,22.03,0.79,3.558,31.06,6172.6,2.68,0.0393,14.84,180.3,12.19,14.739,119.0,0
78.0,1.786,21.17,1.23,3.487,28.36,5619.0,1.85,0.041,15.63,172.7,11.67,15.127,116.7,0
78.19,1.114,23.02,0.28,3.539,29.9,5994.2,2.52,0.0334,14.59,177.9,11.48,14.914,117.4,0
76.58,0.887,22.01,0.14,3.512,29.21,6006.1,3.36,0.0007,14.95,203.0,11.31,14.974,123.9,0
76.93,0.572,20.97,0.38,3.441,29.97,6099.8,2.7,0.005,15.21,194.8,11.74,14.604,124.1,1
78.06,1.137,22.06,0.26,3.509,30.09,6146.6,3.0,0.0349,15.34,183.9,10.61,15.057,120.1,0
77.42,0.539,22.22,1.11,3.498,31.29,6005.7,1.92,0.017,15.44,180.3,12.61,14.7,117.1,0
77.57,1.484,22.58,1.64,3.486,30.39,6017.6,2.98,0.0452,14.88,189.1,12.79,14.785,115.1,0
78.24,1.545,21.43,0.11,3.477,30.92,5997.2,1.3,0.0301,15.52,184.7,12.17,14.738,117.8,0
76.96,1.05,21.46,0.42,3.452,30.49,5650.3,2.88,0.067,15.16,188.0,10.78,14.49,118.5,0
76.71,1.036,21.9,0.1,3.418,27.91,5823.8,2.19,0.0136,15.58,179.2,11.9,15.096,121.4,0
77.56,0.437,21.17,0.35,3.551,30.08,5828.6,3.34,0.0421,14.59,175.5,12.55,15.182,121.9,0
79.35,0.864,21.99,0.23,3.427,30.73,5799.1,2.55,0.0696,14.95,183.4,11.29,14.761,116.3,0
80.64,1.35,21.97,0.23,3.546,30.3,6001.5,1.99,0.0028,14.94,174.1,12.29,14.794,120.3,0
79.97,0.841,21.61,0.21,3.5,28.36,6069.5,3.42,0.0449,14.77,192.5,11.64,15.301,124.0,0
76.67,0.755,20.13,0.18,3.533,27.54,5502.2,1.96,0.0336,15.68,168.6,10.57,14.94,119.4,1
77.35,1.156,22.18,0.53,3.47,30.13,6033.4,4.09,0.0396,15.2,178.3,12.61,15.26,119.8,1
75.28,1.547,22.05,0.09,3.488,26.26,6067.7,2.06,0.057,15.25,183.5,12.62,14.81,119.8,0
74.89,0.473,22.77,1.02,3.511,28.12,6009.2,3.85,0.0199,14.83,181.1,11.21,14.899,123.1,0
78.38,1.285,21.87,0.14,3.4,29.15,6037.0,3.14,0.0102,15.83,183.8,11.67,15.103,121.2,0
75.81,0.613,20.58,0.24,3.608,28.61,5998.9,3.47,0.0392,13.92,191.5,11.99,15.314,121.0,0
78.97,1.021,19.65,0.73,3.757,35.3,6072.7,3.47,0.049,14.59,167.0,11.46,15.099,106.1,1
80.54,0.529,19.95,1.3,3.528,28.91,6020.9,4.39,0.0216,14.76,169.9,11.99,14.92,121.7,0
77.51,1.363,21.71,0.2,3.617,30.08,5914.7,3.15,0.0359,16.18,169.7,11.97,15.135,126.7,0
77.84,1.031,20.53,0.18,3.561,31.33,5762.8,2.47,0.01,14.85,186.9,12.79,14.853,123.2,0
77.38,0.841,22.88,0.16,3.45,31.29,5673.2,2.24,0.029,14.93,166.9,11.41,14.883,119.3,0
79.62,1.244,21.63,0.13,3.47,30.68,6093.0,1.83,0.0541,15.15,179.2,10.05,15.221,126.1,0
77.28,1.778,22.37,0.15,3.539,28.99,5790.9,1.97,0.1459,15.65,179.7,12.95,15.116,132.9,1
79.1,1.337,22.36,0.59,3.395,31.45,6179.8,2.32,0.0228,15.27,190.5,12.44,14.842,119.3,0
77.66,1.489,21.43,1.17,3.503,30.07,5899.9,3.8,0.1049,15.24,182.9,10.37,14.966,109.7,1
78.05,1.192,22.03,0.13,3.485,29.3,6103.7,1.48,0.0554,14.64,183.0,11.79,14.972,121.3,1
78.11,0.733,22.86,1.73,3.518,29.23,6172.8,2.98,0.0871,14.13,176.9,13.77,15.05,113.7,0
77.8,1.157,22.12,1.34,3.469,27.8,5871.9,1.89,0.034,15.61,187.5,12.1,15.048,119.6,0
79.31,1.637,21.55,0.79,3.48,30.0,5707.2,2.95,0.0488,15.61,189.9,12.37,15.084,114.9,0
77.57,1.139,21.56,1.83,3.516,29.65,6027.4,1.87,0.1014,14.94,177.9,11.62,15.263,112.5,0
76.7,0.63,22.26,0.02,3.493,30.41,5958.1,0.16,0.0496,15.57,175.3,11.71,14.879,118.3,0
75.85,0.977,21.32,0.27,3.466,30.78,6356.6,2.18,0.0611,14.98,207.8,12.73,15.848,114.5,0
78.75,0.429,21.41,0.1,3.49,27.4,5997.0,2.3,0.0019,15.12,174.1,12.32,15.245,123.3,0
77.75,0.958,22.14,2.02,3.501,28.81,5825.8,0.78,0.0238,14.62,187.4,12.11,14.539,116.6,0
78.16,0.993,22.53,0.42,3.503,30.65,6080.3,2.71,0.0839,14.67,185.4,12.03,14.992,124.0,0
81.64,0.398,22.69,0.38,3.511,31.22,5967.4,3.47,0.0036,15.04,185.9,12.57,14.95,112.5,0
78.82,0.435,21.67,0.11,3.467,29.9,5891.3,1.8,0.0534,14.33,175.1,11.13,14.963,123.5,0
78.18,0.355,22.74,0.2,3.545,29.78,5930.9,1.57,0.106,14.58,185.3,11.8,14.987,115.7,0
78.22,1.33,21.15,0.17,3.502,31.52,5970.7,3.91,0.045,14.57,180.2,11.46,15.082,126.1,0
80.02,1.409,21.44,0.47,3.451,29.65,6157.3,4.31,0.0587,14.03,175.2,13.6,15.158,122.0,0
76.4,0.621,23.05,0.12,3.537,28.82,5855.4,2.68,0.058,14.64,172.0,11.65,14.705,118.8,0
77.83,0.541,22.09,0.41,3.581,31.63,5858.5,1.25,0.0002,15.39,184.3,13.3,14.643,118.1,0
77.4,0.869,22.71,1.53,3.586,29.45,5782.7,1.34,0.0254,16.12,177.6,11.12,15.551,128.2,0
75.52,0.75,21.23,1.59,3.455,29.16,5872.0,2.47,0.0392,15.25,182.2,12.09,14.788,119.0,0
81.64,1.464,22.58,0.58,3.437,30.27,6252.5,0.12,0.1146,16.45,186.1,11.18,14.378,120.7,0
79.74,0.93,24.02,0.54,3.461,28.83,5890.8,1.81,0.0097,14.51,196.5,11.99,15.114,117.8,0
77.06,1.254,21.72,0.38,3.468,31.05,5795.7,2.54,0.0558,15.55,183.2,11.54,14.898,112.3,0
78.06,0.905,23.04,0.18,3.528,30.25,6049.5,2.19,0.0051,14.66,181.2,11.36,15.207,119.8,0
79.76,0.091,21.97,0.61,3.484,31.32,6034.2,3.15,0.0669,14.98,169.1,11.52,15.226,126.0,1
77.02,1.207,22.86,0.7,3.631,26.16,5504.9,3.44,0.1123,14.94,188.3,10.82,15.648,115.0,1
76.59,1.188,21.55,1.46,3.499,29.33,5879.8,1.65,0.0176,14.41,176.5,12.01,14.872,125.0,1
78.66,0.853,21.31,2.48,3.533,31.53,6019.5,2.13,0.0974,15.92,170.7,12.51,14.738,120.2,0
82.2,2.158,20.4,2.03,3.479,28.44,5328.2,4.19,0.0567,16.1,185.1,10.55,15.6,120.0,0
78.16,0.4,21.93,0.3,3.491,28.6,6211.1,3.79,0.0265,14.63,184.3,12.47,15.002,121.4,0
76.96,0.668,23.28,2.49,3.564,31.95,6149.1,0.97,0.1809,15.38,192.3,13.6,14.825,112.5,1
79.18,0.97,21.85,0.67,3.489,30.27,5989.2,3.75,0.0312,14.67,183.1,12.18,15.072,114.9,0
79.14,1.429,21.88,0.0,3.507,32.25,5951.5,3.97,0.0471,14.34,169.8,12.54,15.031,123.3,0
72.94,0.103,22.35,0.44,3.543,28.92,6071.4,2.42,0.027,15.47,189.7,12.74,15.235,107.7,0
77.19,0.582,23.1,0.6,3.491,30.6,6534.6,2.7,0.1255,12.86,219.5,12.18,15.529,135.4,1
78.15,0.924,22.45,0.15,3.571,28.97,6304.2,0.15,0.0608,14.82,191.2,13.84,14.666,117.4,0
78.17,0.733,21.46,0.23,3.462,31.27,6017.6,1.18,0.0025,14.24,168.6,13.13,15.139,128.5,0
79.36,0.745,22.11,0.58,3.499,32.42,5970.5,2.47,0.1163,15.51,176.3,12.16,15.046,122.6,0
77.46,1.452,22.92,1.34,3.505,28.9,6036.7,2.03,0.0173,14.66,186.8,11.45,14.986,114.9,0
80.25,1.388,23.03,0.04,3.463,29.58,6035.9,1.26,0.0525,14.51,180.3,13.26,15.267,118.3,0
74.19,1.312,22.44,0.52,3.602,32.53,5969.3,2.38,0.1535,15.14,172.3,13.32,14.398,112.3,1
77.97,1.06,22.09,0.12,3.498,29.7,6219.3,2.46,0.004,14.29,185.8,11.61,15.324,119.2,0
75.85,1.246,21.07,0.02,3.509,30.65,6006.2,2.87,0.0436,15.27,179.4,12.15,15.207,124.7,0
80.45,0.212,22.4,0.3,3.455,29.95,5810.4,0.15,0.1453,14.36,173.5,12.42,14.373,123.4,0
76.92,1.614,21.34,0.46,3.527,28.86,6064.6,2.09,0.0006,15.19,187.5,11.03,14.621,127.9,0
76.52,0.636,22.45,0.8,3.482,29.96,6420.7,2.82,0.0562,14.45,174.7,13.31,14.724,117.5,0
78.41,0.259,22.97,0.65,3.461,29.5,6026.3,2.01,0.0241,15.25,175.3,12.07,14.953,126.7,0
78.71,1.143,22.51,0.25,3.551,28.29,6280.7,0.13,0.0707,15.04,166.7,12.86,15.319,120.5,0
81.89,0.482,21.91,0.63,3.593,28.59,5895.7,1.4,0.0688,14.87,184.4,11.82,15.123,124.5,0
79.25,1.41,21.64,0.08,3.432,30.54,6114.6,3.23,0.0073,15.83,174.3,12.09,14.993,125.0,0
76.68,0.226,23.85,0.94,3.536,27.75,6381.6,2.92,0.0186,14.13,189.9,10.74,15.426,120.9,0
78.12,0.743,23.29,0.01,3.5,28.03,5880.9,2.19,0.0071,15.42,180.8,12.29,15.21,116.2,0
78.18,1.677,21.67,0.06,3.418,29.55,5995.8,0.23,0.0386,14.51,186.1,11.56,14.677,120.5,0
78.34,1.17,21.87,1.04,3.483,31.7,5868.5,2.46,0.0584,15.12,168.6,12.76,14.857,116.5,0
75.94,1.42,23.55,1.41,3.526,30.99,5641.6,1.26,0.0257,15.27,170.9,12.94,14.635,121.0,0
78.49,1.13,22.33,1.0,3.451,29.76,6391.6,3.89,0.0092,15.45,186.7,11.98,14.786,124.0,0
76.36,1.474,20.75,0.1,3.517,27.66,6041.3,1.76,0.0352,15.63,176.1,11.12,14.811,118.5,0
78.61,1.526,21.26,1.92,3.54,27.81,6082.4,3.4,0.0533,15.57,195.2,13.79,14.896,124.5,0
76.37,1.491,21.76,2.43,3.462,28.55,6060.8,1.33,0.0044,14.4,167.2,12.48,14.998,118.2,0
77.13,0.066,20.37,0.52,3.495,29.45,5958.8,1.59,0.0347,15.14,164.4,10.53,15.307,122.0,0
77.64,0.724,21.19,0.87,3.43,31.99,5872.9,5.0,0.0984,14.64,175.0,11.1,14.924,114.5,0
77.72,0.348,21.68,0.01,3.577,30.44,6144.1,4.08,0.0317,14.44,174.2,12.38,14.917,123.3,0
76.57,1.857,22.35,0.4,3.432,27.77,6036.1,2.49,0.0032,15.0,177.7,14.03,14.705,119.5,1
80.23,1.284,21.69,1.62,3.462,27.01,5781.0,3.11,0.0245,15.26,165.6,11.87,15.166,118.9,0
79.0,1.133,22.43,1.14,3.529,33.09,5810.9,4.4,0.0654,15.15,176.1,11.29,15.101,128.2,0
75.81,0.498,21.85,0.02,3.497,29.84,5942.8,1.35,0.0279,14.8,171.2,12.14,14.79,115.7,0
77.64,2.194,21.3,0.39,3.468,30.11,5742.9,3.57,0.0562,14.93,169.2,12.01,14.671,121.0,0
78.73,1.479,23.31,0.32,3.424,31.19,6020.8,6.02,0.032,15.1,180.5,11.14,15.584,119.2,1
79.49,0.844,20.34,0.41,3.497,30.21,6330.1,2.16,0.0019,14.22,186.4,13.09,14.884,116.8,0
77.58,0.57,20.66,0.09,3.477,30.67,5910.9,1.11,0.012,15.41,183.2,11.88,14.895,119.0,0
78.81,1.178,23.55,0.02,3.469,32.01,6101.6,1.61,0.0366,14.98,193.2,12.12,15.04,122.4,0
78.6,0.896,22.13,0.29,3.571,27.74,6106.7,1.06,0.0318,15.12,182.8,11.85,15.074,124.9,0
82.11,0.866,20.45,3.81,3.442,28.12,5908.2,3.06,0.1155,14.38,181.4,10.74,14.691,116.7,1
78.45,0.441,21.91,0.64,3.378,30.6,5875.6,0.71,0.0539,15.48,186.0,11.76,14.965,117.7,0
78.22,1.013,23.16,0.83,3.506,30.69,5889.5,2.47,0.0187,14.57,183.3,12.42,15.019,112.4,0
78.3,0.909,19.35,0.51,3.538,32.15,5755.6,3.81,0.0361,15.48,189.3,12.47,15.247,119.6,0
79.32,1.532,21.28,0.2,3.489,30.02,6187.9,2.43,0.0694,15.03,181.2,11.12,15.09,118.1,0
78.66,1.373,21.27,0.39,3.425,32.26,5758.0,4.26,0.0252,14.66,188.5,11.73,14.774,112.6,0
76.81,0.723,22.12,0.41,3.506,30.13,6674.5,1.69,0.0772,14.74,190.6,12.29,15.238,118.0,0
77.53,1.632,22.15,0.34,3.478,29.09,6008.7,2.5,0.0447,14.69,176.7,11.4,14.714,116.2,0
78.44,0.256,21.78,0.37,3.474,30.39,5824.9,3.33,0.0302,15.25,185.2,11.81,15.088,116.2,0
81.37,0.194,21.36,0.08,3.547,28.42,6092.1,2.23,0.0786,15.69,177.1,12.36,14.86,120.3,0
79.25,0.869,22.4,0.5,3.608,30.18,6209.4,2.53,0.0001,14.89,161.3,12.22,14.878,119.0,1
77.07,1.548,21.88,0.01,3.413,29.46,5959.1,2.99,0.0544,14.8,172.3,14.12,15.03,125.0,1
77.73,0.568,22.21,0.85,3.48,28.64,5891.9,1.66,0.0196,15.18,172.1,11.26,15.183,119.1,0
80.53,1.033,23.14,0.14,3.433,30.27,5838.0,2.59,0.0153,14.81,181.4,12.7,14.755,121.4,0
76.61,1.641,21.53,0.78,3.46,30.24,5802.3,1.81,0.0174,14.76,178.3,10.84,15.321,121.6,0
78.08,0.97,21.31,0.21,3.467,29.67,5908.7,3.49,0.031,14.85,185.5,11.76,15.198,123.9,0
79.3,1.017,23.31,0.02,3.543,29.83,6012.7,3.31,0.0222,14.17,168.0,13.12,14.839,127.4,0
74.97,1.242,22.54,1.02,3.374,27.46,5677.1,2.22,0.0053,14.4,163.0,12.27,14.497,116.7,0
79.74,1.023,24.24,0.97,3.531,34.73,5684.4,2.34,0.1021,15.42,202.8,12.34,14.462,115.1,0
77.62,1.018,20.92,0.18,3.569,29.95,5908.6,2.68,0.0919,15.67,190.5,11.3,15.343,118.8,0
78.41,1.53,23.75,0.31,3.538,31.52,5890.5,3.35,0.0726,15.07,172.8,10.87,14.893,121.1,0
76.3,2.363,21.44,0.4,3.485,32.47,5670.7,1.88,0.0956,14.39,165.6,11.57,15.391,119.1,0
75.49,0.666,20.72,0.26,3.498,28.62,5926.6,2.1,0.1013,14.86,182.2,11.93,14.663,122.0,1
78.4,0.594,21.52,0.03,3.516,30.49,5899.2,2.96,0.0107,15.03,188.6,11.66,15.47,116.7,0
75.93,1.925,23.17,0.59,3.509,30.48,5815.5,2.67,0.0911,15.01,176.3,11.22,15.115,115.9,0
77.06,0.574,21.97,0.37,3.563,29.16,6165.1,3.37,0.018,15.54,174.7,12.76,15.267,117.7,0
76.83,1.082,25.03,1.88,3.458,34.84,5764.1,5.24,0.1229,13.54,156.7,12.23,14.961,121.0,1
76.08,0.589,21.14,0.36,3.553,30.26,5938.7,3.19,0.0281,15.1,173.8,12.05,14.86,123.3,1
80.34,1.327,22.05,0.18,3.516,28.1,6117.4,2.24,0.0014,15.41,190.4,12.08,14.755,122.3,1
79.14,0.651,22.22,0.2,3.484,28.38,5966.4,2.24,0.0949,15.25,176.0,12.57,15.283,118.2,1
78.35,0.453,21.61,1.05,3.459,31.09,5960.4,3.06,0.0342,15.14,175.0,10.8,15.196,112.5,0
77.14,1.085,22.62,0.09,3.524,31.24,6056.0,0.27,0.0116,15.08,179.2,11.45,15.354,123.0,0
79.01,0.473,21.09,0.49,3.488,28.65,6003.3,3.76,0.0095,14.26,179.7,12.47,15.272,116.5,1
76.59,1.345,21.43,0.55,3.475,30.02,5947.6,3.13,0.0152,14.63,179.8,11.8,14.611,115.9,0
78.14,1.82,21.75,1.4,3.585,29.33,6253.6,3.52,0.0071,15.56,177.4,12.78,14.902,116.0,0
79.12,0.324,23.28,0.24,3.503,30.83,5889.9,3.32,0.034,15.35,171.6,12.0,15.016,117.5,0
80.42,0.968,20.28,0.42,3.496,30.7,6389.5,3.32,0.1516,14.95,204.0,13.92,14.902,117.3,0
77.84,0.921,22.67,1.44,3.576,31.31,6023.8,1.5,0.0333,14.75,183.7,11.56,15.106,121.6,0
75.33,0.246,20.75,1.68,3.495,27.96,6238.9,2.39,0.0851,13.66,182.1,11.41,15.116,131.5,0
76.95,0.9,22.07,0.13,3.466,29.69,6004.4,3.58,0.0148,15.29,194.0,11.11,14.992,119.7,0
76.83,0.938,23.28,0.18,3.516,28.45,6125.6,3.16,0.0091,15.44,178.0,12.27,15.136,127.7,0
78.81,1.763,21.54,0.19,3.505,30.07,5938.4,1.93,0.0728,15.8,177.4,12.26,14.979,120.0,0
76.55,0.838,23.61,1.54,3.481,28.39,5888.2,2.61,0.0172,15.42,177.9,11.53,14.797,116.4,0
79.47,1.197,22.45,0.09,3.456,30.85,6164.5,1.99,0.0255,15.96,174.9,12.73,14.889,119.9,0
81.19,0.573,21.22,0.25,3.435,25.43,5923.6,4.11,0.0082,15.22,171.5,12.42,15.12,117.9,0
77.12,0.947,23.18,1.49,3.566,30.06,6029.4,3.74,0.0497,14.63,181.2,12.4,15.07,123.5,0
78.65,0.922,22.04,0.14,3.531,30.25,5947.1,1.89,0.0214,15.65,183.4,11.0,15.072,118.8,1
80.73,1.289,22.66,0.43,3.569,27.76,6040.3,3.71,0.0389,13.96,174.8,11.43,15.038,122.0,1
76.59,0.748,21.89,0.46,3.498,30.75,5835.7,4.44,0.0569,15.08,169.1,12.47,15.11,116.9,0
80.68,0.535,23.45,0.14,3.575,32.84,5676.1,2.56,0.0952,16.04,184.8,11.89,15.171,103.6,1
79.84,2.55,21.13,0.52,3.548,29.59,6275.4,3.09,0.1698,15.9,199.7,9.5,14.375,120.3,1
77.66,0.415,21.62,0.51,3.547,33.17,5822.8,2.31,0.0914,15.92,182.3,12.86,15.021,114.9,0
78.41,1.775,21.65,0.2,3.309,29.08,6189.3,3.08,0.0044,15.13,167.5,11.01,15.071,119.6,1
76.56,0.89,22.12,0.0,3.531,31.89,5967.9,3.28,0.0467,14.09,170.2,12.28,14.738,118.9,1
78.49,2.014,20.74,0.11,3.508,28.89,6151.6,3.42,0.062,13.7,178.7,12.2,14.892,127.0,0
77.23,0.173,22.08,0.14,3.47,28.9,5894.3,2.9,0.0356,14.74,187.5,12.22,14.767,115.2,0
76.43,0.141,22.81,0.7,3.431,30.29,6403.2,2.2,0.0362,14.51,194.3,11.31,14.691,118.5,1
74.18,0.881,21.84,0.11,3.475,30.28,5950.2,2.22,0.0066,15.45,171.5,11.55,14.97,122.8,1
76.18,0.976,22.38,0.05,3.481,30.38,5904.2,2.03,0.0313,14.83,187.0,13.39,14.373,125.3,0
77.06,1.818,21.92,0.08,3.428,31.86,6013.5,2.99,0.0135,15.09,175.2,11.87,15.064,121.0,1
76.7,0.499,23.69,0.18,3.487,30.68,5864.9,1.27,0.0211,15.04,181.2,11.92,15.225,113.2,0
77.03,0.472,22.98,3.07,3.47,31.01,5816.9,2.67,0.0235,15.28,181.3,13.68,15.079,122.1,0
76.37,1.392,22.41,0.21,3.474,30.4,5592.6,1.29,0.0346,15.39,176.8,12.1,14.98,121.2,0
78.69,0.292,22.03,1.35,3.531,28.66,6079.0,0.96,0.0704,16.16,176.3,12.72,15.251,117.0,0
75.44,0.263,23.36,2.53,3.708,34.45,5628.9,6.9,0.0618,15.41,178.6,11.29,14.792,134.7,1
79.47,1.231,23.64,1.53,3.393,31.18,5644.6,2.86,0.005,14.78,180.2,11.98,14.743,123.2,0
75.32,0.569,22.36,0.24,3.544,30.06,6140.4,2.41,0.179,15.08,183.1,12.17,15.447,126.7,1
78.66,1.035,22.29,1.45,3.456,28.57,5960.4,2.56,0.0014,15.39,173.7,11.67,15.083,117.4,1
75.25,2.081,21.24,0.21,3.538,31.2,6404.2,3.31,0.093,15.38,184.7,12.54,15.354,126.7,1
80.72,0.794,20.88,0.73,3.497,34.38,5948.5,3.11,0.0343,15.26,178.2,13.0,15.08,122.0,0
76.47,1.109,22.17,0.03,3.527,29.55,6170.7,2.83,0.0513,14.83,174.3,12.69,14.946,121.7,0
78.54,1.335,21.26,0.31,3.461,32.3,6047.4,4.95,0.0005,14.6,180.3,11.9,15.198,120.8,0
77.04,2.131,21.79,0.06,3.512,32.2,5805.7,1.24,0.0174,14.32,180.1,11.89,14.698,120.1,0
77.51,0.802,21.32,0.9,3.568,30.71,6015.2,1.7,0.0266,15.02,173.6,10.94,15.353,118.6,0
79.13,1.236,24.06,0.92,3.533,28.74,5778.7,3.04,0.0689,15.15,172.1,11.99,15.105,116.6,0
76.73,1.09,21.84,1.9,3.509,29.12,6361.2,2.73,0.0293,15.26,172.0,12.51,14.731,121.8,0
77.44,1.296,20.17,0.02,3.429,32.92,6042.6,2.83,0.0091,15.86,171.5,12.6,14.871,121.9,0
77.32,0.443,22.42,0.04,3.48,30.86,6100.7,1.2,0.0551,14.71,186.8,11.73,14.985,115.4,0
77.86,0.927,20.78,0.32,3.507,29.31,6381.3,4.48,0.027,14.44,168.5,11.44,15.103,118.1,0
78.59,0.736,22.73,0.08,3.573,30.03,6108.5,1.5,0.0448,15.67,172.1,12.33,14.875,114.0,0
80.16,0.313,22.02,0.1,3.519,31.82,6020.9,3.51,0.0026,15.96,193.1,12.83,14.995,119.4,0
75.89,0.961,22.85,0.5,3.585,31.12,5952.5,3.56,0.0866,14.88,185.6,11.99,15.459,117.7,1
73.07,1.832,20.56,0.58,3.586,26.39,5501.7,2.64,0.1302,14.73,159.9,13.33,15.125,125.3,0
80.19,1.955,23.03,0.76,3.555,30.8,6131.2,2.91,0.0776,15.58,190.6,12.45,15.048,120.3,0
77.57,1.33,21.46,0.45,3.587,29.24,6108.2,1.11,0.0209,14.8,188.7,12.89,15.177,127.5,0
76.35,0.685,22.97,0.82,3.574,30.86,6020.1,1.29,0.0232,15.84,187.3,12.49,15.563,118.9,0
77.77,1.191,22.52,2.79,3.381,31.84,5892.4,2.3,0.0393,14.46,167.0,10.99,15.024,121.7,1
76.96,0.798,22.9,0.31,3.517,27.89,5903.7,2.37,0.0748,14.12,169.4,12.38,15.011,121.8,0
78.37,0.972,22.39,0.84,3.496,30.3,6209.0,1.09,0.0381,15.04,180.8,12.61,14.863,116.3,0
80.34,0.577,20.89,0.01,3.471,29.69,5922.9,1.92,0.0169,14.99,192.5,11.5,14.75,118.9,0
79.07,0.58,22.05,0.3,3.547,29.93,5958.7,3.26,0.0641,14.12,180.4,12.17,15.027,116.2,0
79.04,0.902,21.57,1.09,3.548,30.93,6261.9,2.38,0.0531,13.47,190.3,11.94,14.927,122.3,0
75.17,0.994,22.26,0.37,3.404,27.21,6453.5,2.63,0.0701,15.06,182.2,12.75,15.11,114.7,0
83.47,0.748,21.96,0.17,3.544,30.91,5892.6,6.97,0.0211,15.67,148.5,10.95,15.014,126.9,0
74.68,1.307,21.22,0.46,3.45,32.51,5711.5,3.86,0.0613,15.24,190.2,12.93,15.452,119.3,0
79.64,0.621,21.09,1.12,3.444,33.95,5809.1,4.63,0.0663,14.84,180.4,10.61,15.173,115.4,0
80.01,0.448,23.58,6.59,3.496,26.35,6099.4,0.3,0.0603,15.21,193.9,14.78,14.949,135.2,0
77.56,1.525,21.59,0.22,3.51,29.07,5914.6,2.31,0.0297,15.27,173.9,12.01,14.977,114.7,1
79.23,1.12,21.79,1.0,3.463,31.55,6226.7,2.91,0.0174,15.02,179.6,13.19,15.184,118.9,0
78.12,0.973,22.14,0.62,3.499,31.31,5877.7,1.86,0.0101,14.63,194.4,11.75,14.883,123.1,1
76.75,1.612,20.88,0.18,3.468,30.35,6432.1,2.0,0.0428,13.77,179.5,11.38,14.736,119.8,0
78.64,0.902,21.78,0.64,3.469,31.01,6140.3,2.61,0.0056,15.09,193.9,10.7,15.243,122.2,1
81.65,0.145,22.13,0.72,3.475,30.64,6044.2,0.66,0.0543,14.45,191.9,11.18,15.095,122.8,0
78.43,1.189,21.93,0.31,3.53,29.51,5892.4,2.12,0.0042,14.39,170.2,11.33,14.999,123.2,0
80.49,1.167,22.11,0.71,3.502,31.38,6266.1,3.96,0.0141,14.69,168.2,12.04,15.046,118.0,0
79.81,0.918,21.4,1.05,3.612,29.39,5852.3,2.1,0.0519,14.57,177.0,12.66,15.02,114.3,0
77.71,0.796,21.61,0.54,3.515,28.67,6374.6,2.73,0.0006,14.54,174.7,11.22,14.679,120.9,0
79.63,0.84,22.5,0.08,3.516,30.41,5914.6,2.39,0.0398,15.41,171.8,12.25,15.077,116.0,0
78.58,0.539,21.57,0.9,3.539,31.96,6138.1,3.25,0.0164,14.78,166.7,12.38,14.587,120.2,1
79.68,0.877,22.4,0.69,3.536,28.44,6089.2,0.45,0.0088,14.15,184.8,11.18,15.216,121.3,0
77.43,1.318,21.98,0.18,3.426,30.72,6047.6,2.41,0.1305,14.74,180.0,11.07,14.706,126.9,0
75.77,0.597,20.41,0.25,3.511,29.19,5776.0,3.5,0.1347,15.08,178.3,13.36,14.973,124.3,0
78.75,1.876,21.48,0.18,3.545,27.45,6018.7,2.48,0.047,14.68,203.6,12.0,15.472,117.1,0
77.39,0.36,21.83,0.63,3.447,30.26,5849.4,0.99,0.1005,15.01,159.0,11.35,15.203,113.9,0
78.73,1.117,23.83,1.03,3.408,29.29,6086.5,3.61,0.0192,14.58,167.0,11.71,15.079,108.0,0
77.58,1.642,21.76,0.27,3.536,30.82,5634.1,2.77,0.0582,15.12,186.3,12.65,14.842,121.7,0
80.76,0.515,22.35,1.37,3.458,27.02,5922.9,3.12,0.0578,15.13,189.9,12.42,14.905,120.3,0
78.59,1.143,22.03,0.1,3.52,29.17,5997.6,2.35,0.0177,15.66,178.7,12.36,15.234,119.6,0
79.17,0.798,21.9,0.26,3.46,29.36,5929.5,2.19,0.0186,14.76,185.1,11.37,14.987,123.2,0
75.9,1.436,21.56,2.03,3.475,29.51,6122.7,2.87,0.0461,13.83,156.4,11.16,15.943,117.8,0
78.72,0.725,21.77,0.53,3.591,28.65,5870.2,2.24,0.111,15.13,171.1,10.49,14.967,122.7,0
78.31,0.758,22.98,0.96,3.539,30.41,6135.8,0.86,0.0441,14.55,191.2,13.11,15.325,119.8,0
81.29,0.815,22.5,0.37,3.476,29.35,6204.3,1.21,0.0339,15.94,164.5,11.91,15.4,129.8,0
78.3,0.872,20.12,0.55,3.56,26.83,6123.8,2.86,0.0647,14.89,186.3,12.92,14.978,129.4,0
78.09,0.31,22.98,0.78,3.423,28.39,6165.8,2.26,0.032,15.71,185.8,12.36,15.058,126.0,1
78.07,1.4,21.54,0.05,3.555,30.77,6043.3,1.85,0.0189,14.54,185.0,11.97,14.835,123.7,1
79.3,1.609,22.17,0.23,3.557,28.81,6085.0,2.59,0.0177,15.36,167.5,12.83,15.089,119.5,0
78.53,1.541,22.36,0.25,3.484,29.78,6134.9,2.27,0.0687,14.78,180.8,12.0,15.264,118.1,0
77.79,1.28,23.78,0.51,3.487,29.57,6267.0,0.3,0.1084,15.76,178.3,12.57,15.3,128.8,0
80.06,1.586,21.71,0.13,3.542,29.86,6038.6,3.28,0.0079,15.62,173.5,12.28,15.127,124.6,0
80.1,0.743,19.84,1.73,3.626,32.18,5982.5,2.12,0.0436,13.12,177.0,12.41,14.896,124.6,1
77.43,1.869,21.19,0.67,3.437,31.25,6089.2,3.16,0.0136,14.3,178.4,11.54,15.271,117.4,0
79.7,0.971,23.04,1.54,3.463,31.08,5753.3,4.31,0.0246,15.44,191.4,10.89,14.59,126.9,0
78.37,0.922,21.12,1.09,3.56,28.29,6177.5,3.98,0.0194,15.16,164.6,11.46,15.063,120.9,0
78.67,1.082,21.46,1.01,3.524,30.2,5804.9,2.55,0.0216,14.7,185.5,12.14,14.901,127.6,0
80.45,0.985,22.34,0.21,3.502,29.77,5774.1,2.2,0.0085,14.88,182.1,11.61,14.872,115.5,0
79.04,1.023,19.24,0.05,3.519,30.72,5927.6,0.0,0.0363,15.33,181.3,11.92,15.558,118.3,1
78.41,1.232,21.75,0.18,3.441,30.31,6038.4,3.83,0.0092,14.61,179.1,11.08,14.964,121.7,0
78.5,0.851,22.1,0.71,3.435,30.54,6189.5,3.35,0.0031,14.97,172.5,12.21,14.999,124.2,0
78.79,0.429,22.42,1.02,3.442,30.78,5893.0,1.11,0.0559,15.87,173.4,11.8,14.894,118.8,0
77.22,0.41,23.04,0.21,3.437,32.17,6056.9,4.21,0.0867,13.39,175.8,13.86,15.444,113.3,1
78.45,1.261,20.98,0.47,3.452,28.51,5755.3,1.66,0.0497,14.97,188.8,12.48,15.153,125.1,0
78.62,1.604,22.08,0.02,3.445,32.07,6065.7,2.59,0.0563,15.39,177.3,10.86,14.873,121.8,1
76.98,1.579,21.23,0.24,3.408,32.24,6004.6,1.32,0.1345,15.81,165.5,12.84,14.717,127.8,0
81.61,1.395,22.65,2.95,3.449,31.52,6379.7,1.49,0.0286,14.74,187.2,11.37,15.304,103.6,0
80.01,0.057,21.38,0.93,3.547,27.13,6139.7,1.62,0.077,15.54,190.5,11.47,14.974,122.1,1
78.03,0.515,21.81,2.07,3.53,29.81,5931.9,1.03,0.0954,14.6,180.2,11.5,15.27,122.2,0
79.37,0.143,20.95,0.65,3.542,28.91,5621.2,1.62,0.0017,15.55,182.4,11.33,14.657,121.4,1
79.79,1.019,22.6,0.01,3.437,30.14,6369.3,2.79,0.0438,15.22,180.8,12.0,15.068,119.5,0
77.59,0.255,20.91,0.19,3.462,30.07,6053.3,3.6,0.0088,14.44,182.9,12.53,14.819,123.2,0
78.51,1.014,22.13,0.72,3.549,29.64,5918.3,3.43,0.0325,15.12,185.8,12.75,15.217,122.7,0
77.86,0.959,21.68,1.78,3.454,28.65,6160.9,1.67,0.008,15.05,179.9,10.83,15.032,120.5,0
78.11,1.442,22.18,2.53,3.555,30.75,5675.6,1.18,0.0206,15.96,164.7,12.23,15.271,126.8,0
76.51,0.717,21.82,0.27,3.453,29.36,5549.1,5.07,0.07,14.47,195.5,12.44,14.895,121.3,1
77.34,0.365,22.14,0.18,3.558,31.04,5686.3,2.12,0.0902,14.59,174.8,12.37,15.065,123.2,0
77.42,0.722,23.13,0.2,3.63,29.23,5915.3,4.87,0.0232,14.92,190.5,12.18,14.955,121.9,0
75.03,1.377,22.45,0.37,3.455,30.18,6061.8,4.9,0.0014,14.77,184.5,12.02,15.067,117.4,1
77.17,0.733,21.36,0.84,3.468,31.88,5974.9,1.92,0.0055,15.01,181.2,11.43,15.262,111.4,0
78.39,0.72,22.0,0.02,3.523,31.07,5974.6,1.18,0.0312,14.9,172.0,11.99,15.248,119.1,0
74.33,1.177,22.35,0.93,3.49,29.87,5583.8,0.69,0.0365,14.9,168.8,12.0,14.909,120.4,0
78.98,0.547,20.93,0.45,3.565,28.62,5843.4,3.08,0.0255,14.98,178.4,11.81,14.598,124.1,0
75.09,1.329,21.35,1.17,3.592,31.16,5946.9,2.52,0.004,14.73,185.6,12.91,14.825,123.3,1
78.62,1.393,22.66,0.05,3.444,28.58,6169.3,2.46,0.0025,15.12,184.7,12.17,14.984,119.9,0
76.99,2.616,20.43,0.64,3.617,31.01,6496.8,1.56,0.0421,14.91,162.2,12.88,14.357,116.9,0
78.37,1.144,22.16,2.75,3.481,28.65,5751.5,3.2,0.0121,15.39,169.2,10.88,14.686,120.9,1
78.02,1.211,21.51,0.48,3.571,28.87,5759.4,4.69,0.0015,15.27,162.5,12.85,14.708,119.1,1
84.14,1.325,22.29,0.13,3.431,27.74,5935.3,0.98,0.1257,17.19,193.4,10.21,14.823,122.9,0
77.79,1.069,22.3,1.68,3.517,30.78,6053.1,1.75,0.0324,14.63,178.2,12.07,14.988,120.6,0
76.54,1.67,21.24,0.22,3.452,30.48,5930.3,2.82,0.0429,14.62,171.3,10.79,14.937,121.9,0
79.1,0.52,21.7,0.33,3.45,28.76,6195.2,2.87,0.0521,15.59,173.2,12.1,14.956,120.4,0
78.92,0.119,22.54,0.11,3.457,30.86,6022.6,3.1,0.0187,15.21,168.1,11.76,14.899,119.7,0
79.51,0.041,22.84,2.71,3.532,29.9,5787.1,3.87,0.0137,16.16,167.0,11.56,14.058,121.1,0
77.2,0.25,22.13,0.0,3.486,30.31,6331.4,3.43,0.0376,15.23,166.4,12.96,14.778,117.4,0
76.57,1.802,22.05,0.4,3.446,32.08,6134.0,1.77,0.1305,14.51,180.0,12.3,14.68,121.0,1
75.24,0.843,20.37,0.67,3.557,32.56,6153.0,1.99,0.0127,14.74,173.8,11.1,14.475,119.6,0
78.72,1.061,22.27,1.92,3.452,31.48,5746.9,3.48,0.0418,15.12,172.6,11.35,14.676,124.3,0
78.99,0.99,22.86,0.18,3.539,29.62,6186.6,4.49,0.0875,14.97,179.7,12.52,14.863,118.6,0
77.11,1.122,21.89,0.15,3.517,31.32,5708.5,2.59,0.1166,15.64,188.3,12.07,14.889,113.2,0
77.1,0.932,21.44,0.39,3.539,29.15,5854.2,4.25,0.0123,15.3,186.0,12.24,14.789,128.3,0
77.3,1.112,23.24,0.05,3.533,29.49,6045.1,4.5,0.0029,16.2,193.6,13.3,14.839,120.8,0
80.2,1.443,22.86,0.21,3.453,30.4,6179.3,1.97,0.0235,14.7,178.2,11.44,15.147,116.4,0
76.82,0.891,23.08,0.1,3.558,28.11,5712.5,2.4,0.0191,15.64,190.0,12.05,15.276,116.0,1
77.07,0.912,22.5,0.45,3.463,29.4,5883.2,3.09,0.0474,15.45,169.8,12.45,15.272,118.7,0
77.04,0.738,21.96,0.35,3.442,32.0,5778.5,1.96,0.0488,14.32,179.3,12.8,15.648,119.0,0
79.7,0.787,23.36,0.14,3.49,28.64,6263.2,2.74,0.0517,15.31,190.6,12.44,14.785,117.3,0
78.9,0.743,21.43,0.27,3.565,30.25,6351.8,2.46,0.0505,15.5,184.2,12.18,15.236,122.2,0
77.49,0.968,23.27,2.01,3.465,29.97,5518.1,3.08,0.0162,15.05,185.8,11.37,14.611,112.7,0
77.49,1.093,22.67,0.09,3.498,31.85,6038.5,0.01,0.0261,15.28,190.7,13.31,14.768,120.1,0
78.28,1.282,20.4,0.18,3.446,28.75,5809.7,2.53,0.0253,14.21,169.9,11.18,15.087,117.2,0
77.82,0.88,23.62,1.02,3.463,29.68,5808.0,2.46,0.112,14.81,183.2,12.4,15.144,112.7,1
77.68,0.526,21.46,0.09,3.544,29.36,6101.0,0.88,0.1141,14.96,175.4,12.47,15.085,130.0,1
76.66,1.772,22.56,0.7,3.521,28.58,5941.7,2.78,0.0474,14.16,186.3,11.34,14.901,117.9,0
77.15,0.602,21.89,0.48,3.409,28.86,6114.6,1.24,0.0032,14.03,180.8,12.02,15.08,121.5,0
75.23,1.081,21.47,0.61,3.619,30.06,6299.9,1.13,0.0556,15.5,185.9,12.93,14.637,112.1,0
77.34,0.669,21.02,0.63,3.539,32.46,5921.4,1.66,0.0056,15.16,183.2,11.75,14.979,126.4,0
76.6,0.68,22.17,0.06,3.528,28.99,5913.0,1.83,0.0053,14.75,177.6,11.27,14.922,131.9,0
75.82,0.263,20.78,0.75,3.597,30.12,6474.2,1.35,0.0085,14.2,167.3,10.16,14.282,124.5,0
79.98,1.733,22.43,1.35,3.513,30.56,6291.4,1.48,0.021,14.91,170.1,11.83,15.269,119.9,0
76.85,0.102,22.64,0.46,3.525,27.95,5882.6,1.02,0.0705,14.86,185.9,12.18,14.998,120.2,1
79.58,0.286,22.58,0.7,3.391,31.82,6092.9,1.47,0.0628,15.73,183.0,12.67,14.72,113.2,1
79.41,0.952,22.14,0.81,3.494,28.86,6318.6,3.11,0.0421,14.66,178.7,11.63,14.904,113.9,0
75.49,0.606,23.01,0.91,3.514,32.24,6101.0,2.54,0.0237,14.76,179.9,12.0,14.78,120.2,0
78.74,1.751,21.51,0.23,3.491,30.37,6250.3,3.63,0.0211,15.1,175.5,11.71,15.13,116.4,0
78.96,1.327,21.23,0.51,3.457,30.48,6063.1,3.6,0.0437,14.94,196.9,12.3,14.954,120.8,0
75.78,1.494,23.01,0.31,3.562,30.22,5810.2,2.56,0.0109,14.55,171.9,11.71,14.855,119.9,1
79.15,0.355,22.78,3.49,3.461,30.41,5517.2,2.46,0.0109,16.1,191.7,11.64,14.511,123.7,1
77.2,2.274,23.7,1.15,3.512,28.95,5891.1,2.68,0.0107,14.84,175.3,12.76,14.929,108.0,0
77.53,0.771,23.22,0.17,3.435,28.4,6087.0,0.93,0.0309,14.62,173.9,12.29,14.728,117.6,1
78.66,1.404,21.6,0.14,3.52,29.94,6062.7,4.43,0.0082,14.85,190.5,12.71,14.947,116.1,0
79.57,1.499,22.23,0.2,3.486,29.7,5809.1,3.96,0.0205,15.09,180.8,10.98,15.216,117.3,0
76.68,2.039,22.77,0.08,3.513,28.49,6207.7,2.89,0.0246,14.63,175.4,11.19,15.107,116.0,0
78.56,1.411,21.53,0.69,3.546,30.95,5896.9,2.62,0.0226,14.81,197.9,12.02,14.724,121.1,1
76.67,2.016,24.2,0.01,3.461,28.85,5942.5,1.25,0.0222,14.28,193.5,14.33,15.074,120.3,1
75.36,1.349,22.34,0.39,3.429,30.92,5909.4,1.36,0.0338,14.62,178.2,13.71,14.791,116.6,0
77.48,0.419,23.02,0.03,3.631,30.25,6066.1,1.61,0.0071,15.92,184.3,12.41,15.3,116.8,0
79.15,0.771,21.28,0.11,3.438,28.32,5992.0,1.71,0.0134,14.63,180.9,11.68,14.979,119.9,1
79.34,0.961,22.35,1.95,3.516,29.48,5765.0,1.28,0.032,15.38,185.2,11.93,15.24,118.0,1
77.27,0.072,22.38,0.99,3.586,33.52,6029.0,3.32,0.0002,15.29,179.2,11.0,15.079,115.0,0
77.72,1.294,22.02,0.12,3.546,30.17,5985.5,3.86,0.0095,14.3,195.8,12.39,15.024,117.7,0
76.75,0.725,21.95,0.59,3.429,29.71,5712.8,1.7,0.0,14.91,168.7,12.47,14.875,117.4,0
78.28,1.413,22.25,0.07,3.478,28.67,6015.2,0.26,0.0654,13.9,188.1,11.97,15.089,120.2,0
77.28,1.278,21.97,0.14,3.572,31.47,5920.3,4.37,0.0359,15.05,172.1,12.64,14.73,119.7,1
79.53,0.503,21.53,0.0,3.585,30.5,6157.3,2.35,0.059,14.98,168.2,11.42,15.118,121.2,1
80.01,0.363,21.19,0.2,3.483,28.78,6084.5,3.76,0.012,14.56,182.5,11.41,15.101,123.0,0
79.96,1.309,21.55,0.25,3.459,30.81,5919.7,6.1,0.0827,14.49,174.2,12.43,15.106,120.8,0
78.67,0.187,21.42,0.13,3.463,29.2,6181.0,2.73,0.0196,14.73,177.7,10.97,15.115,121.1,0
79.52,1.398,23.39,1.33,3.511,28.84,6312.3,3.13,0.0049,15.13,170.4,12.8,15.615,116.4,0
78.34,0.882,21.85,0.1,3.524,31.28,5830.8,1.71,0.0266,14.46,193.8,11.56,15.013,115.8,0
79.04,1.183,22.01,0.36,3.546,32.7,5990.2,2.33,0.0077,14.59,190.0,12.16,15.263,119.4,0
80.65,0.14,22.1,1.01,3.545,32.61,5951.2,1.37,0.0515,15.01,189.9,11.02,15.088,130.2,0
77.78,0.815,22.78,0.17,3.505,32.37,6223.4,2.38,0.116,15.09,170.9,12.77,14.993,122.0,0
78.45,1.262,21.45,0.25,3.448,28.9,5961.8,1.96,0.074,15.72,173.3,12.72,14.992,120.4,1
78.33,0.506,21.87,0.69,3.474,32.01,6136.8,1.71,0.0228,15.53,182.7,12.15,14.844,126.7,1
77.46,0.486,23.15,0.09,3.454,31.06,5978.0,2.45,0.0116,15.17,200.9,12.49,15.105,116.0,0
78.96,1.205,21.66,0.12,3.489,29.51,5755.8,0.37,0.0434,15.87,173.6,11.21,15.244,113.2,0
77.47,0.865,21.82,0.56,3.505,29.68,5911.5,2.6,0.0118,15.01,179.7,11.38,14.915,115.3,0
77.23,0.624,20.69,0.13,3.542,29.68,6132.3,3.1,0.0093,15.22,182.1,11.97,15.149,115.6,0
80.93,0.878,22.21,0.68,3.483,30.83,5976.1,2.31,0.0254,15.19,192.8,10.75,15.204,113.3,1
78.15,1.41,21.06,1.06,3.435,31.08,6008.4,3.02,0.0165,14.44,215.7,11.62,14.807,124.4,1
79.65,0.964,21.83,0.46,3.523,30.51,5869.8,3.18,0.0369,15.24,167.1,11.86,14.975,124.2,0
79.08,0.08,20.47,1.04,3.452,31.73,5935.5,0.21,0.0595,15.5,178.2,11.81,14.639,119.9,0
78.09,0.686,22.47,0.48,3.438,29.42,5973.4,2.6,0.0778,14.48,180.2,11.82,15.107,119.6,0
79.96,0.425,22.21,0.69,3.496,30.55,5928.3,2.81,0.0364,15.47,162.4,11.86,15.305,119.7,0
77.32,0.28,20.75,0.7,3.508,28.98,6011.5,2.58,0.0793,13.84,184.1,11.95,15.185,120.7,0
79.41,0.894,22.54,0.84,3.487,27.7,5997.8,2.01,0.0963,14.36,187.2,11.74,15.171,121.4,0
77.19,1.535,22.26,0.91,3.563,29.76,5900.5,3.23,0.0415,14.93,183.3,11.84,14.907,120.6,0
79.64,0.602,21.51,1.13,3.499,30.41,5883.6,2.42,0.0304,15.14,192.9,12.29,14.831,121.8,1
78.41,0.697,22.53,1.38,3.522,32.16,6120.5,4.07,0.0315,15.1,180.8,12.17,14.827,118.3,1
77.4,1.023,24.04,0.52,3.463,31.5,5779.0,2.08,0.064,15.23,184.0,13.39,14.986,114.0,0
76.99,1.228,21.89,0.35,3.437,27.33,5934.0,2.65,0.0266,14.35,185.4,11.83,14.968,123.5,0
79.85,0.818,22.35,1.22,3.397,28.89,6256.7,3.02,0.1053,13.57,186.0,11.81,15.562,118.9,0
78.05,0.107,21.26,0.39,3.52,30.56,5907.1,3.24,0.0185,14.68,163.3,11.74,14.913,123.5,1
76.91,0.603,21.84,0.72,3.55,31.37,6206.3,3.56,0.0127,14.53,180.8,11.62,15.203,115.0,0
76.53,1.707,22.1,0.2,3.599,30.28,6012.9,2.93,0.0755,14.69,198.9,12.19,14.782,115.1,0
77.5,1.166,21.72,0.01,3.557,30.14,6163.0,3.14,0.1085,14.19,174.9,13.55,14.821,129.4,0
74.89,1.41,22.55,0.55,3.522,27.93,5806.0,2.15,0.0731,15.66,167.6,10.82,14.765,124.7,0
78.22,0.395,22.88,0.15,3.492,28.94,6458.7,1.93,0.0153,15.01,174.3,11.01,15.304,123.2,1
75.87,2.057,21.76,0.16,3.484,28.89,6191.0,2.64,0.0921,14.89,186.3,12.75,14.791,119.8,0
76.76,1.874,21.41,0.59,3.449,29.11,6297.5,2.57,0.0151,15.36,180.0,11.15,14.978,116.8,0
78.55,1.311,21.99,0.04,3.46,31.77,5931.2,0.82,0.0001,14.74,182.8,12.24,15.238,120.0,0
78.41,0.064,21.6,0.83,3.495,28.64,5902.8,5.17,0.085,14.61,173.2,12.33,15.587,112.0,1
79.22,0.538,21.54,0.16,3.493,29.76,5718.0,2.06,0.0327,14.72,177.2,11.93,14.892,126.7,0
77.16,1.049,21.95,0.34,3.562,30.57,6322.6,1.87,0.0598,14.97,180.1,11.04,14.908,129.0,0
77.84,1.322,22.21,0.69,3.62,30.78,5869.2,2.3,0.0353,14.08,190.3,12.47,14.896,114.9,0
75.07,1.365,23.74,0.01,3.443,32.7,6588.5,2.56,0.1188,14.81,178.9,12.53,15.237,122.6,0
77.04,0.818,21.31,0.89,3.51,31.02,5963.7,1.11,0.022,14.81,166.9,12.09,14.739,118.0,0
76.69,0.623,20.61,0.04,3.525,31.44,5691.0,2.64,0.035,14.51,168.3,14.49,14.565,121.4,0
78.1,1.333,22.05,1.61,3.473,28.08,6174.2,2.94,0.074,15.14,169.3,12.52,15.141,125.3,0
79.98,0.687,22.87,0.13,3.501,29.52,5905.3,2.31,0.0286,14.93,160.9,12.56,15.181,122.4,0
80.46,0.35,21.38,0.14,3.529,29.82,5765.7,3.01,0.0194,14.55,182.2,11.77,14.591,123.6,0
81.2,1.164,21.46,0.32,3.548,30.62,5968.8,2.65,0.0538,15.32,183.5,12.16,15.006,119.9,0
77.77,1.5,22.18,0.57,3.535,31.09,5952.5,3.17,0.0289,15.68,161.7,11.55,14.939,120.6,0
79.04,1.096,21.97,0.24,3.503,28.22,5914.6,1.87,0.0293,15.13,166.0,11.55,15.175,121.1,0
79.08,0.149,20.37,0.34,3.537,29.49,6007.3,4.31,0.0283,14.51,196.4,12.84,14.976,123.4,0
78.05,0.214,21.51,0.21,3.478,31.03,6503.1,3.84,0.0604,14.71,176.6,11.15,14.805,129.2,0
74.16,1.319,22.12,0.23,3.558,30.05,6156.6,1.31,0.0291,15.12,167.0,12.15,14.636,113.5,0
78.55,1.027,22.03,0.12,3.495,29.15,6069.1,3.1,0.0127,15.74,191.9,11.95,15.129,120.5,0
79.47,0.92,21.96,0.95,3.45,33.26,6233.0,2.62,0.0504,14.33,160.3,10.88,15.318,120.1,0
77.26,1.234,22.19,0.21,3.529,31.5,5893.4,3.13,0.0096,15.12,186.9,11.49,14.792,121.4,0
78.78,1.063,22.05,1.21,3.422,30.07,6161.4,2.52,0.0921,15.36,189.4,11.95,14.706,119.2,0
78.4,1.125,20.98,1.13,3.52,28.87,6231.6,2.29,0.035,15.16,187.8,11.93,14.718,123.7,1
79.56,0.93,21.66,0.05,3.521,32.67,6297.0,1.29,0.0985,13.91,176.0,12.64,15.05,116.4,0
80.12,1.039,22.12,0.1,3.538,28.8,6054.7,1.8,0.0307,13.96,173.6,11.66,15.294,121.9,0
76.31,1.03,21.08,0.02,3.557,31.37,6189.1,5.19,0.0577,14.76,179.7,12.36,15.073,115.8,0
76.14,1.236,21.6,0.98,3.403,27.67,5720.9,1.41,0.0399,16.39,185.7,12.23,15.056,115.9,0
76.44,0.193,21.16,0.3,3.476,31.08,6164.5,1.32,0.1028,15.1,190.2,12.33,15.17,118.7,0
78.34,0.836,21.47,1.61,3.487,31.74,5652.1,2.67,0.0681,15.64,168.0,13.23,14.914,115.5,1
81.15,0.13,22.17,0.89,3.431,30.37,5209.1,3.83,0.007,14.82,170.2,11.35,14.617,106.5,0
74.82,1.351,23.74,0.46,3.449,31.48,5867.2,2.99,0.0578,15.55,174.4,12.41,14.758,118.6,0
81.86,0.137,21.79,0.74,3.463,29.52,6184.1,2.21,0.0312,14.17,207.4,12.57,14.557,111.6,0
79.17,0.488,22.21,0.24,3.489,32.31,5814.6,2.62,0.0404,15.16,168.1,12.26,14.833,119.0,1
78.9,0.28,21.1,0.2,3.544,30.06,6095.5,3.4,0.0216,14.8,165.1,12.77,14.93,118.9,0
76.44,0.985,22.0,0.76,3.484,30.58,5737.1,1.78,0.0205,15.93,161.4,10.35,14.546,127.0,0
78.0,1.133,20.54,1.1,3.51,29.31,6368.1,2.28,0.0528,15.24,166.6,12.77,14.952,110.3,0
79.01,0.7,21.82,0.4,3.506,33.36,6199.7,3.83,0.0495,15.53,173.5,11.51,15.161,120.5,0
79.68,1.419,22.12,0.27,3.485,33.66,6001.4,3.26,0.0411,14.83,183.3,12.21,14.868,120.6,0
76.39,1.384,21.34,0.99,3.522,29.63,6034.6,2.51,0.0116,14.78,185.5,12.06,14.967,120.6,0
78.75,2.198,22.45,0.57,3.525,29.27,6039.2,1.58,0.0032,14.91,176.7,13.98,15.311,117.1,0
77.22,0.547,22.36,1.02,3.482,29.25,5609.0,3.19,0.0614,14.82,189.1,10.92,15.062,128.0,0
78.8,1.324,22.32,0.87,3.38,31.23,6322.5,3.5,0.0242,13.84,192.4,11.06,15.327,116.2,1
78.36,0.845,21.95,0.49,3.537,28.95,6002.8,3.05,0.0688,15.45,182.6,12.91,14.724,122.6,0
77.25,0.907,21.78,0.75,3.424,29.39,5770.6,3.26,0.0375,15.16,196.2,12.47,15.339,117.6,0
77.85,1.668,21.2,1.16,3.551,29.83,6066.1,1.69,0.0339,15.72,190.2,11.8,15.151,114.6,0
76.53,1.221,21.98,0.85,3.54,24.21,5934.7,4.12,0.0284,14.02,180.5,13.34,15.041,114.9,0
77.15,0.363,22.96,1.01,3.522,30.79,6012.8,1.18,0.014,15.32,179.3,11.74,15.256,122.0,0
79.09,1.077,21.44,0.37,3.509,31.3,5871.6,3.78,0.004,15.36,179.1,12.52,15.243,119.0,0
75.21,0.784,21.21,0.02,3.462,29.32,6394.8,1.18,0.0542,15.43,208.9,10.74,14.769,118.2,0
78.31,1.778,22.28,0.52,3.503,29.03,6097.0,3.72,0.0191,14.82,189.9,11.33,15.024,116.1,0
77.88,1.295,21.62,0.34,3.469,30.84,6191.2,1.97,0.0249,16.29,180.8,12.51,14.851,118.4,1
81.74,0.457,21.98,0.4,3.378,31.45,6058.7,1.11,0.0538,14.31,169.3,11.6,14.926,110.5,1
79.93,1.55,22.4,0.27,3.458,31.48,6158.7,1.44,0.0199,15.73,171.6,11.18,15.168,114.3,0
75.92,0.576,22.62,1.35,3.549,29.1,6332.7,1.79,0.0494,14.98,172.1,12.21,15.083,114.4,1
78.35,0.834,21.59,0.21,3.522,27.65,6245.1,2.9,0.0189,15.79,166.5,10.73,15.184,118.0,0
78.68,0.756,21.61,1.13,3.492,32.08,6007.3,2.93,0.1006,15.1,172.3,11.06,15.078,120.0,1
80.34,0.208,20.49,0.05,3.415,31.97,5998.1,3.11,0.1503,15.67,181.7,11.13,14.888,116.5,1
77.02,1.185,22.62,0.25,3.577,29.83,5915.2,2.37,0.042,14.04,180.0,11.89,15.364,120.2,1
78.95,1.522,23.21,0.04,3.546,27.81,6411.5,3.52,0.0831,14.18,176.5,14.69,14.93,119.6,1
77.43,0.659,22.03,1.04,3.47,32.68,5998.0,3.3,0.0362,15.32,180.8,11.74,14.693,121.8,0
77.53,1.26,22.19,0.08,3.531,30.37,5804.1,1.66,0.0036,15.79,191.5,11.64,15.115,120.7,1
79.27,0.016,22.34,0.33,3.465,31.9,5823.2,2.78,0.0899,14.41,182.2,11.48,14.675,113.4,0
76.83,0.339,22.07,0.05,3.589,29.54,6019.9,0.96,0.059,14.66,179.0,10.26,14.731,119.0,0
78.41,1.415,22.02,0.12,3.497,30.98,5971.6,4.25,0.0385,15.74,180.3,11.96,15.301,128.5,0
78.35,0.816,20.96,0.96,3.506,29.35,5787.0,3.08,0.0133,15.2,183.0,11.66,15.157,119.7,0
77.97,1.1,21.55,0.28,3.506,31.14,6319.4,2.82,0.1159,15.4,189.8,11.52,15.413,118.6,0
77.02,0.415,22.42,0.05,3.507,28.52,5920.3,3.74,0.0049,15.42,174.2,13.08,14.788,120.9,1
78.82,1.436,22.51,1.03,3.582,29.45,6423.2,0.16,0.094,14.32,183.4,11.82,14.775,127.5,0
78.18,0.945,22.03,0.28,3.439,31.16,5911.4,5.6,0.0114,14.8,173.6,12.09,15.307,114.0,1
79.43,1.412,21.91,0.19,3.458,30.46,5808.2,1.91,0.0246,14.32,182.1,11.55,15.095,116.6,0
78.51,1.717,21.82,0.6,3.499,29.63,5971.6,4.1,0.0344,14.68,178.1,11.79,14.698,122.3,1
76.05,1.716,21.62,0.51,3.506,30.99,5880.7,1.62,0.0425,15.02,177.3,11.85,15.253,123.2,0
81.35,1.405,21.25,1.75,3.506,28.84,6394.2,4.62,0.0475,13.93,213.0,11.5,15.254,120.5,0
80.18,0.854,22.14,1.04,3.51,29.8,6219.5,1.95,0.013,15.18,172.9,11.92,15.134,128.0,0
78.21,1.609,21.98,0.33,3.442,28.17,6135.2,2.11,0.0662,15.85,179.1,13.17,14.877,120.6,0
78.29,0.525,22.47,0.07,3.483,29.39,5711.6,2.22,0.0106,14.98,177.7,10.99,14.83,118.1,0
77.6,0.855,22.53,0.83,3.463,31.09,6107.2,2.12,0.0201,14.76,175.6,11.95,15.049,111.9,0
78.71,0.991,22.37,0.34,3.527,29.12,6192.3,1.94,0.0179,15.28,180.9,11.34,15.133,116.2,0
79.57,1.52,22.35,0.43,3.501,32.7,6174.4,3.68,0.0398,15.75,194.3,12.23,14.826,126.4,0
80.05,0.776,21.94,0.52,3.468,32.34,5939.2,3.54,0.0192,14.67,176.0,12.1,14.756,118.9,0
80.5,1.183,20.62,0.19,3.476,33.01,6008.5,1.47,0.0056,15.05,182.6,12.55,15.001,121.7,0
78.65,0.983,22.34,0.79,3.493,29.68,6223.3,3.36,0.0339,15.08,171.8,11.14,15.118,121.3,0
80.54,0.621,21.93,2.08,3.483,27.96,6132.4,3.3,0.0334,15.38,176.1,12.02,14.867,125.3,0
77.88,0.393,21.42,0.17,3.396,30.25,5994.0,4.6,0.0312,15.0,186.0,10.17,15.012,114.4,1
78.35,1.268,21.25,0.62,3.468,31.85,6236.0,2.76,0.0013,15.44,174.1,13.05,14.847,116.4,0
77.58,1.278,21.6,0.09,3.389,32.0,5852.7,2.22,0.0626,14.82,186.8,12.55,14.969,119.8,0
78.86,0.388,21.78,0.28,3.443,29.74,6161.2,3.86,0.0166,14.76,206.6,10.52,15.086,120.1,0
77.21,0.924,20.49,0.1,3.487,28.62,6149.7,2.21,0.0256,15.22,168.1,13.44,15.229,122.0,0
76.35,1.488,22.75,0.43,3.54,32.07,5740.5,1.57,0.0576,14.74,174.3,12.31,15.017,117.3,0
79.33,1.103,20.85,0.49,3.474,28.98,5875.1,3.83,0.0283,15.1,181.0,11.42,15.015,124.5,0
77.35,0.677,21.95,0.25,3.512,31.62,5721.0,1.28,0.0542,15.31,168.0,13.41,14.814,118.7,1
77.67,0.87,20.99,0.8,3.602,29.63,6277.6,0.67,0.0157,15.51,168.7,11.57,15.037,121.1,0
77.87,0.829,21.36,1.29,3.521,29.67,6481.4,3.73,0.0631,14.83,184.3,12.6,15.045,115.8,0
80.79,0.733,21.79,0.11,3.55,29.07,5762.2,3.45,0.073,13.85,174.6,12.02,15.073,120.2,0
78.08,0.477,21.63,1.09,3.57,29.52,6200.7,2.46,0.0284,14.34,174.3,11.56,15.48,119.7,0
78.25,0.763,21.14,1.7,3.499,29.88,5772.1,4.43,0.1044,15.88,174.2,12.46,14.916,114.5,0
75.97,2.234,22.05,0.21,3.488,29.83,6149.3,1.89,0.0454,15.54,180.5,11.78,15.348,117.3,0
78.94,0.63,22.07,0.23,3.608,29.0,6195.7,2.12,0.012,15.21,178.1,11.96,14.703,114.7,0
76.53,0.94,22.84,0.56,3.473,28.4,6168.9,0.59,0.0503,15.57,180.9,12.11,15.057,114.4,0
80.31,0.471,22.36,0.51,3.521,31.49,5844.2,2.6,0.0698,15.23,175.9,12.5,14.845,121.8,0
78.46,1.024,21.53,1.37,3.476,30.1,5751.7,3.45,0.0194,14.99,182.2,12.06,14.922,122.3,0
79.18,0.679,21.54,0.46,3.414,27.05,5955.3,3.53,0.0055,15.23,177.5,11.34,14.83,126.1,1
78.41,0.904,22.24,0.03,3.532,30.73,6134.8,3.18,0.076,15.3,176.4,11.54,14.901,119.2,0
76.42,1.423,21.71,0.08,3.455,27.64,6329.8,2.07,0.0841,15.51,194.4,10.52,14.594,127.7,0
78.67,0.91,23.53,0.0,3.445,28.91,6070.6,3.06,0.0058,16.11,170.8,11.61,14.992,128.7,0
78.34,0.24,21.88,0.85,3.45,30.85,5973.2,0.71,0.0653,14.89,171.6,12.19,14.955,113.9,1
78.82,0.841,21.73,0.03,3.474,27.84,5981.1,1.35,0.0349,15.06,178.0,11.72,14.847,121.6,0
78.99,1.492,21.98,1.06,3.55,29.25,5616.5,2.01,0.0488,15.19,170.0,12.86,15.091,121.2,0
78.03,1.17,21.72,0.44,3.482,28.64,6083.0,2.25,0.0076,14.11,188.2,11.95,14.967,117.0,0
78.69,0.915,22.51,0.28,3.559,28.98,6273.6,2.44,0.0671,15.15,172.3,13.14,14.981,121.8,0
78.01,1.155,22.81,0.56,3.525,29.79,5997.7,2.2,0.0639,15.6,185.2,11.41,15.087,116.9,0
78.02,1.649,21.79,1.41,3.517,31.86,5952.9,2.69,0.0207,15.14,183.5,11.17,14.671,120.2,0
74.96,0.914,23.07,0.73,3.593,29.03,6082.6,2.8,0.0158,15.47,177.4,11.99,14.95,112.2,0
79.51,1.007,20.47,3.03,3.46,32.08,6071.1,3.05,0.047,15.11,178.5,11.23,15.07,116.7,0
77.08,0.972,21.96,0.18,3.447,29.69,5714.1,2.76,0.0161,15.27,178.1,11.99,14.837,123.2,0
79.95,1.704,21.66,0.65,3.478,29.58,6044.0,0.65,0.0745,14.33,181.9,11.09,15.108,111.9,1
75.31,2.429,21.44,1.86,3.505,29.89,5656.0,0.69,0.0784,15.79,200.7,12.01,15.27,120.3,0
79.31,1.411,22.06,0.73,3.48,30.87,5829.5,1.88,0.011,14.98,173.1,12.44,14.808,122.8,0
77.15,1.15,22.41,0.16,3.549,30.17,5912.1,1.31,0.0616,14.32,185.8,11.34,15.204,114.2,0
78.51,0.579,20.82,1.02,3.528,29.91,6335.5,3.07,0.0227,14.93,182.4,11.53,14.684,117.8,0
80.33,1.275,22.45,0.22,3.525,30.87,5906.4,2.16,0.0018,15.28,174.6,10.81,15.049,120.3,0
77.69,0.858,21.67,0.51,3.468,31.65,6111.0,1.52,0.0072,14.68,180.6,12.39,14.914,123.4,0
79.17,1.671,21.21,0.2,3.491,27.04,5900.8,4.81,0.14,14.67,192.4,10.72,14.44,122.9,1
79.85,1.551,22.0,0.5,3.418,31.97,6004.9,2.83,0.0316,15.03,196.4,13.36,14.624,123.8,1
74.79,1.1,22.44,0.08,3.472,31.77,5803.6,2.19,0.0507,15.16,166.6,11.68,14.948,117.4,0
78.93,1.872,24.23,1.89,3.522,29.12,5984.1,2.04,0.128,15.0,182.6,12.45,14.576,133.4,0
78.27,0.752,20.71,0.68,3.561,30.5,6099.7,2.87,0.0309,15.16,184.0,11.82,15.137,119.8,0
78.29,0.827,21.67,0.49,3.551,28.96,5929.6,3.03,0.0518,14.67,176.6,11.75,14.875,117.0,1
76.16,1.496,20.2,1.49,3.52,32.19,5440.6,2.34,0.0578,15.65,177.7,10.32,14.802,116.8,0
76.68,0.377,22.1,0.03,3.49,29.12,6074.1,1.48,0.0124,15.78,179.4,11.89,14.724,120.6,0
79.27,0.506,21.99,0.79,3.479,32.74,6002.7,1.79,0.034,14.68,180.0,12.84,14.676,111.7,1
78.56,1.295,21.29,1.58,3.502,29.98,6163.5,4.15,0.0213,14.56,184.2,10.93,14.972,126.2,0
78.76,0.557,22.73,0.08,3.495,30.44,5864.1,2.88,0.0506,15.27,190.0,12.14,14.872,118.8,1
79.07,1.006,22.85,0.19,3.556,27.38,5938.9,3.14,0.0026,14.89,172.1,13.43,14.985,117.4,0
77.92,1.589,22.34,0.99,3.508,27.6,5854.2,2.61,0.0517,14.57,181.4,12.3,14.866,117.9,0
81.15,0.259,20.97,0.24,3.483,26.55,5998.1,1.89,0.0285,14.98,185.4,11.44,14.85,118.2,0
78.9,0.663,22.47,0.46,3.421,27.56,6585.2,3.24,0.0051,14.38,182.5,12.12,15.063,120.6,1
77.62,1.558,22.05,0.67,3.525,29.72,5983.2,1.22,0.0171,14.2,187.5,12.1,15.077,120.7,0
78.99,0.646,20.71,1.1,3.531,29.48,6272.9,2.78,0.0236,15.87,177.1,12.15,14.987,122.6,1
76.42,1.028,22.15,0.19,3.507,29.13,5872.7,3.28,0.0356,15.1,179.0,12.07,14.549,124.1,0
79.03,0.908,22.2,0.22,3.48,29.74,5930.0,0.58,0.0633,15.1,191.8,12.44,14.909,119.5,0
78.9,1.295,22.86,0.75,3.497,32.0,5912.7,2.08,0.0184,15.04,191.2,10.79,15.138,120.2,0
77.62,1.475,22.68,0.3,3.483,30.0,6104.2,3.22,0.0047,15.1,176.2,11.56,15.123,114.3,0
77.69,1.779,22.26,0.77,3.569,32.14,6019.8,3.34,0.0842,15.21,191.9,11.46,14.807,114.5,0
77.63,1.139,20.57,0.83,3.567,30.33,5961.9,2.05,0.0509,14.14,166.8,12.35,15.302,119.8,0
76.51,0.069,22.55,0.79,3.464,31.82,6227.5,1.66,0.0129,14.61,185.2,13.16,15.058,117.6,0
78.27,0.805,20.86,1.25,3.563,27.0,5590.0,1.81,0.0207,15.05,181.3,10.92,14.95,112.5,0
80.0,0.483,22.04,0.34,3.475,28.75,5974.8,2.49,0.0676,15.01,193.0,13.26,14.648,119.9,0
74.91,1.323,23.24,2.99,3.468,30.28,5727.8,1.9,0.0134,14.5,184.3,11.31,15.05,121.6,0
73.37,0.827,19.51,0.72,3.562,27.19,6392.2,0.58,0.1777,12.95,171.7,12.37,16.095,133.0,0
78.34,0.361,21.56,0.58,3.548,29.99,5699.3,2.67,0.0583,15.08,182.0,13.29,15.056,125.4,0
79.64,0.595,21.24,0.01,3.489,28.47,5952.2,2.46,0.1023,15.24,192.7,12.34,14.929,119.6,0
78.56,1.055,20.87,0.17,3.538,29.83,5886.2,2.78,0.0164,14.5,179.9,10.96,15.078,117.7,0
79.84,0.247,21.22,0.56,3.558,29.65,6086.2,2.8,0.0181,14.81,186.6,11.58,15.122,117.7,0
78.06,1.459,21.75,0.15,3.534,28.21,6281.5,2.25,0.0369,15.16,191.9,12.15,14.971,119.0,0
77.21,1.321,21.52,0.33,3.454,28.23,6080.1,2.97,0.0353,15.72,180.2,12.97,15.148,120.7,0
78.06,0.504,22.28,0.33,3.605,29.01,6025.7,1.51,0.0436,15.22,179.2,13.3,15.205,119.5,0
78.0,1.53,22.3,0.69,3.493,29.1,5678.0,2.06,0.0254,15.23,189.8,13.06,14.608,119.9,0
77.8,0.958,21.85,0.33,3.442,30.12,6058.5,1.66,0.0366,14.68,170.9,11.68,14.852,122.2,0
79.84,0.976,20.91,1.1,3.49,28.54,5945.5,2.12,0.0255,15.46,184.7,11.36,14.963,120.3,0
77.7,0.985,21.86,0.96,3.461,29.83,6046.2,1.66,0.0127,15.23,188.5,12.47,14.892,124.7,0
76.22,1.927,20.96,0.78,3.455,30.44,6111.8,4.01,0.0162,15.07,180.9,12.74,14.895,120.8,0
80.18,1.111,23.03,0.29,3.509,32.37,5852.9,1.48,0.0314,14.54,174.7,12.19,14.979,114.5,0
79.16,0.857,21.69,0.34,3.533,30.08,5821.1,1.86,0.0694,14.83,182.6,12.34,14.644,125.1,1
77.55,1.561,22.71,0.27,3.493,27.79,6139.7,2.16,0.0331,15.21,191.1,11.23,14.749,119.8,0
80.36,1.282,21.4,0.08,3.441,29.08,5854.7,3.92,0.0631,14.63,177.6,12.62,14.815,125.9,0
80.53,1.106,22.47,1.77,3.559,29.89,6081.4,2.56,0.0028,15.59,178.2,12.12,14.843,117.6,0
75.74,1.035,22.31,0.64,3.518,31.7,5742.3,2.8,0.0718,14.96,184.0,10.83,14.906,114.8,0
78.72,0.814,21.67,1.3,3.529,29.59,5960.5,2.96,0.0535,14.91,176.8,11.64,14.989,121.5,0
77.73,0.503,20.97,0.7,3.529,31.12,5591.5,3.09,0.0169,15.97,185.7,12.14,14.789,125.2,0
78.6,0.538,22.24,0.0,3.506,28.96,5999.9,1.25,0.0647,14.58,187.3,11.5,15.16,121.2,0
77.99,1.147,22.47,0.16,3.578,29.93,6152.2,3.04,0.0103,15.62,168.4,12.42,14.846,116.3,0
79.64,0.747,21.46,0.35,3.546,30.71,5918.9,1.29,0.0016,14.52,186.8,12.23,14.972,128.2,1
78.61,0.921,22.11,0.68,3.572,30.88,6104.4,3.32,0.0323,14.98,184.4,11.48,14.607,114.4,0
80.61,0.488,21.71,0.25,3.498,30.77,5816.8,5.66,0.0029,14.61,184.1,12.31,14.937,128.5,0
76.57,0.472,23.01,0.74,3.529,29.8,6044.3,3.87,0.0459,15.06,166.7,12.34,14.788,126.4,1
75.51,1.062,19.51,0.21,3.417,30.82,5886.9,3.61,0.0443,16.41,181.5,12.27,14.734,117.2,1
78.09,0.434,21.94,0.27,3.418,26.03,6031.2,2.28,0.1387,14.5,153.0,12.46,15.173,116.6,0
79.77,1.221,21.77,1.06,3.412,30.85,5835.5,3.66,0.0072,15.69,176.1,11.55,15.393,121.2,0
77.42,0.855,22.48,0.87,3.505,29.56,5592.4,0.58,0.0055,15.92,180.6,11.44,14.784,122.2,0
72.6,0.788,21.63,1.75,3.322,33.84,6498.9,1.65,0.0289,15.56,161.0,12.65,15.391,126.4,1
77.8,1.178,21.78,1.04,3.541,31.87,6094.5,4.55,0.0186,14.72,170.8,11.86,15.038,120.3,0
78.84,1.312,22.42,0.81,3.492,28.76,5916.3,3.61,0.0513,15.39,170.9,11.89,14.977,116.0,0
76.28,1.231,22.74,1.95,3.483,29.45,5735.1,2.55,0.0474,14.61,156.7,12.79,14.79,121.2,0
77.74,0.699,22.11,0.4,3.476,30.75,6684.9,1.48,0.0155,14.89,197.3,11.98,15.159,127.7,0
79.14,1.548,21.98,1.08,3.505,26.29,5911.3,3.19,0.0947,14.95,190.2,11.71,15.09,116.6,0
77.73,1.448,22.11,0.44,3.555,29.74,6035.7,2.14,0.0654,15.46,184.9,11.7,15.005,122.4,0
82.27,1.924,20.22,0.2,3.467,27.28,5978.0,1.78,0.0017,14.85,193.4,13.82,14.907,114.6,0
79.94,0.229,21.1,0.81,3.502,28.3,6032.3,4.06,0.0471,15.06,166.2,11.75,14.898,122.1,1
76.58,0.753,23.0,2.2,3.525,32.02,5684.4,2.81,0.0797,13.11,181.8,13.26,15.042,128.8,0
79.92,0.443,20.82,0.03,3.335,33.41,6005.3,0.32,0.0864,13.95,161.7,11.33,14.592,127.7,1
77.95,0.365,21.15,0.62,3.568,31.28,5987.2,3.16,0.0169,15.7,178.4,11.85,14.823,117.4,0
77.5,0.049,22.2,0.06,3.533,29.55,6151.6,3.63,0.0689,14.98,185.2,11.05,15.034,118.9,0
75.58,1.739,21.84,1.72,3.444,30.11,5454.1,3.77,0.0699,15.28,178.1,12.14,15.016,124.0,0
77.11,1.349,21.94,0.25,3.579,30.25,6009.8,2.06,0.0241,14.74,187.0,11.66,15.2,117.7,1
77.53,1.357,21.95,0.2,3.455,28.53,5839.5,1.66,0.0028,14.48,179.7,11.67,14.543,128.5,0
78.7,1.031,22.5,0.27,3.414,31.5,5974.0,2.44,0.0207,14.68,172.2,11.66,15.052,123.4,0
75.74,0.575,22.35,0.05,3.574,31.25,6047.1,2.0,0.0004,14.92,176.4,12.27,14.922,124.7,0
77.1,1.023,22.03,0.38,3.521,30.13,6035.0,3.03,0.0777,14.16,185.1,12.08,15.048,116.7,0
82.6,0.162,21.5,0.52,3.599,29.36,5601.6,1.96,0.023,15.7,189.5,12.23,14.636,117.6,1
79.08,0.959,21.45,0.25,3.572,26.74,5836.5,1.46,0.0407,13.52,178.9,12.37,14.88,117.2,1
78.01,1.026,21.77,0.2,3.506,28.59,5918.7,1.46,0.0166,14.66,187.5,12.32,15.135,115.4,0
77.71,0.898,21.57,0.15,3.49,29.81,6070.0,1.15,0.135,14.73,171.7,13.37,14.711,118.6,0
76.0,0.641,21.85,0.02,3.463,30.34,6060.7,2.68,0.0989,14.79,167.9,12.66,14.917,124.4,0
77.41,1.362,22.29,2.83,3.49,28.26,5693.2,0.13,0.0217,15.02,184.6,12.19,14.89,111.5,1
78.05,0.625,21.95,0.52,3.56,31.48,6078.9,2.41,0.0108,15.28,180.8,11.96,14.977,117.2,0
76.74,0.731,22.36,0.18,3.528,30.46,6207.1,2.04,0.013,14.39,179.1,11.22,14.938,120.4,0
77.36,1.233,22.45,0.38,3.478,30.3,6119.9,1.94,0.0286,14.94,180.0,11.79,14.83,122.2,0
78.51,2.062,23.56,0.55,3.485,28.01,6400.6,3.82,0.0032,14.96,200.4,12.75,15.107,130.7,1
76.9,0.094,23.47,0.51,3.524,29.51,5765.8,2.11,0.0295,14.97,176.4,11.99,15.01,123.2,0
77.9,0.931,23.19,0.04,3.57,29.75,6356.0,2.45,0.0017,14.9,178.8,11.16,14.571,112.7,0
77.91,0.512,21.8,0.23,3.47,30.32,6220.0,2.7,0.0164,15.38,199.4,11.14,15.109,116.3,1
80.31,1.696,20.88,2.02,3.559,28.25,5790.4,4.36,0.1137,14.25,182.3,11.25,14.742,122.6,1
78.08,0.863,22.57,0.43,3.568,28.97,5938.3,2.35,0.0567,15.92,170.4,11.26,14.863,120.7,0
75.93,1.286,22.56,0.25,3.41,30.16,6151.4,2.44,0.0348,16.32,183.4,11.67,14.94,121.2,1
77.22,1.221,22.03,0.03,3.424,31.18,6055.0,3.18,0.0505,15.11,174.8,11.08,15.192,119.2,0
74.91,1.104,21.97,0.58,3.428,31.06,5829.2,2.12,0.0508,14.78,160.7,11.04,15.313,117.4,0
79.19,1.355,22.28,0.01,3.441,30.6,5924.3,4.08,0.0863,15.27,178.2,11.45,14.714,117.6,0
77.11,0.928,22.52,0.44,3.511,28.31,6047.1,2.76,0.0482,15.61,186.4,11.03,15.292,119.0,1
80.55,1.215,23.91,2.82,3.528,33.29,6087.1,1.29,0.1449,16.22,195.8,11.56,14.334,128.7,0
74.78,0.465,22.49,0.42,3.637,33.49,6093.9,1.16,0.0767,14.42,188.2,12.64,15.105,118.6,0
78.08,0.372,24.22,0.6,3.531,32.06,6167.3,6.0,0.0124,14.25,185.6,10.41,15.628,118.5,0
79.88,0.264,22.47,0.59,3.651,30.74,5630.7,4.97,0.0268,14.72,214.3,11.53,14.356,117.7,1
75.26,1.1,21.01,0.1,3.488,31.0,5902.4,2.08,0.095,15.79,177.6,12.89,14.368,129.3,0
77.75,0.118,21.78,0.79,3.472,28.92,5841.4,2.8,0.1268,15.72,179.5,11.21,15.368,127.2,0
77.48,0.104,21.86,0.41,3.476,31.6,6058.3,2.1,0.0102,15.44,167.6,10.9,14.802,125.2,0
78.26,1.031,21.79,0.93,3.451,28.19,5898.8,1.92,0.0094,14.98,188.2,12.09,15.336,125.0,1
77.62,1.198,22.24,0.39,3.473,31.02,6034.3,2.69,0.0469,15.53,183.6,11.82,15.05,118.7,0
79.07,1.463,21.64,1.41,3.505,27.44,6035.1,3.36,0.0277,14.99,183.3,12.41,15.085,120.6,0
79.66,0.627,22.55,0.08,3.565,26.38,5934.6,0.37,0.1098,15.61,169.1,12.29,15.051,121.8,0
77.61,0.566,22.99,2.52,3.511,30.88,5994.0,2.53,0.002,14.86,186.7,11.54,14.77,115.3,0
77.69,0.867,21.64,0.3,3.464,29.4,6259.3,3.55,0.0292,14.11,178.9,11.82,14.75,117.7,0
77.58,1.009,22.4,0.77,3.578,32.2,5921.0,2.59,0.0398,15.39,184.1,12.74,15.225,120.8,0
80.63,0.96,22.46,0.02,3.549,27.17,6067.5,4.21,0.0524,15.15,182.4,12.36,14.698,121.2,0
76.83,0.933,21.01,0.23,3.444,29.56,6323.8,3.48,0.0878,14.91,160.1,12.31,14.829,121.1,0
78.34,1.062,21.75,0.36,3.465,27.51,6295.5,1.93,0.116,16.33,188.0,12.92,14.876,124.1,0
78.69,1.161,22.58,0.67,3.468,30.7,6365.8,2.93,0.0732,14.63,172.1,12.38,14.992,116.0,0
80.11,0.854,21.9,0.07,3.553,28.57,6156.6,2.94,0.0385,14.29,175.3,12.99,15.11,121.1,0
75.94,0.735,22.44,0.46,3.582,30.7,6063.5,3.51,0.0645,15.14,163.7,12.83,15.031,120.1,0
77.12,0.72,22.13,0.68,3.471,30.65,5760.5,4.99,0.0304,15.23,181.1,10.56,15.06,118.8,0
80.22,1.15,24.44,1.18,3.469,30.09,6422.5,4.5,0.0403,14.98,167.0,13.59,14.904,115.9,0
75.5,1.026,21.52,1.36,3.535,31.31,5916.6,2.37,0.1004,15.38,155.8,12.28,15.238,122.8,0
75.16,1.937,21.33,1.42,3.393,29.58,6019.6,3.65,0.0694,15.0,181.3,13.19,15.156,120.9,0
77.89,0.666,21.43,0.63,3.522,31.48,5801.8,2.35,0.0675,14.92,192.6,12.15,14.843,121.7,1
81.44,1.268,22.03,0.21,3.513,29.1,6146.1,1.71,0.0272,14.89,182.2,13.06,14.975,125.3,0
78.3,1.175,21.51,0.11,3.533,31.25,5962.3,1.29,0.0119,15.66,179.3,12.91,14.588,124.6,0
74.67,0.886,20.58,0.36,3.526,30.94,5953.1,1.98,0.0172,14.9,195.4,11.93,14.924,118.8,0
78.67,0.585,21.61,0.58,3.457,29.07,6028.3,2.56,0.0108,15.4,181.8,12.31,14.982,123.0,0
78.92,0.714,22.36,0.08,3.477,27.7,6174.9,4.46,0.0357,15.27,177.1,12.35,15.098,120.6,0
77.1,1.466,21.68,0.23,3.56,31.07,5854.6,3.75,0.0034,14.83,188.3,12.02,15.028,116.6,0
78.55,0.271,22.56,0.0,3.496,28.78,5685.4,2.88,0.0287,14.65,179.3,10.54,14.456,121.4,1
77.62,1.262,22.01,0.64,3.552,31.44,5557.4,1.94,0.0206,15.38,187.6,12.23,15.054,125.1,0
77.96,1.435,21.88,0.53,3.429,31.17,5872.1,3.38,0.0002,14.84,186.6,11.85,15.108,115.9,0
78.98,1.57,21.91,0.39,3.52,28.09,6069.3,1.97,0.036,14.38,183.8,12.94,15.164,119.5,1
78.33,0.152,22.26,0.7,3.495,30.96,6099.6,2.88,0.0423,16.26,191.0,12.76,14.779,117.3,0
75.36,0.026,21.24,0.16,3.515,31.56,6219.1,3.36,0.0395,14.75,180.9,12.94,15.36,120.7,0
78.17,0.967,21.44,1.48,3.481,31.22,6071.1,3.71,0.0084,15.29,173.7,10.45,14.612,114.1,0
82.81,1.317,23.34,0.81,3.583,31.47,5922.6,8.76,0.0063,16.46,141.7,11.88,14.902,123.8,0
77.59,1.243,22.48,0.31,3.448,29.27,6094.0,2.15,0.0086,14.4,183.9,12.64,14.934,123.7,0
77.05,1.024,21.11,0.29,3.557,31.01,5914.9,2.99,0.015,14.88,178.3,12.43,14.928,120.8,0
79.25,0.232,22.69,1.29,3.523,30.4,6088.0,1.59,0.0036,15.64,196.9,12.18,15.133,110.7,0
78.01,1.722,22.03,1.48,3.472,30.83,6083.8,2.74,0.0239,14.06,164.9,11.12,14.877,116.1,0
77.02,1.112,22.21,0.06,3.433,30.95,6310.7,3.22,0.0412,15.32,159.9,12.64,14.859,117.0,0
76.35,0.943,23.59,1.22,3.478,29.47,5906.2,3.08,0.0998,15.94,179.8,12.03,14.918,121.3,1
77.27,1.167,21.88,0.63,3.39,30.71,5824.9,2.64,0.0997,15.39,171.0,11.15,15.117,121.4,0
76.94,0.282,22.7,0.15,3.478,31.22,5759.6,2.44,0.0463,16.16,187.6,12.88,14.745,122.4,0
79.91,0.669,20.5,0.85,3.575,31.82,6219.4,1.43,0.0012,15.67,197.5,11.31,14.901,117.1,0
77.93,0.898,21.6,0.24,3.48,29.99,5921.5,2.6,0.0148,14.61,182.5,12.9,14.856,118.0,0
77.02,0.538,22.35,0.38,3.441,29.97,5854.1,1.88,0.0066,15.72,171.1,11.4,14.938,115.9,0
79.14,0.782,20.98,0.15,3.507,31.07,5927.7,2.33,0.0087,15.14,179.8,13.01,15.049,119.9,0
80.1,0.063,21.54,0.27,3.508,30.05,6015.5,2.04,0.0223,14.6,172.1,10.27,15.03,117.7,0
80.12,1.071,21.75,0.4,3.614,29.23,5737.7,1.84,0.0359,15.76,182.4,12.0,14.932,115.6,0
76.57,0.579,22.18,3.72,3.471,34.51,6408.5,4.14,0.0184,16.32,184.4,12.16,15.125,123.5,1
80.41,1.031,22.18,0.12,3.494,29.56,6018.0,2.04,0.1056,15.41,184.7,11.25,14.941,119.0,0
79.05,1.227,22.82,0.13,3.549,29.63,5726.6,2.68,0.0381,15.91,179.2,12.34,14.906,121.7,0
76.97,0.664,21.86,0.54,3.487,30.23,6090.8,2.23,0.0069,15.26,183.7,12.11,15.045,120.5,0
75.57,0.533,20.87,1.01,3.55,30.39,5994.6,1.7,0.1235,14.96,188.0,12.63,14.499,121.0,0
75.87,1.719,21.54,0.02,3.505,27.17,6078.3,2.26,0.0054,14.72,192.1,11.84,14.903,119.6,0
78.41,1.186,22.47,0.44,3.386,33.36,5951.9,2.06,0.0807,15.48,196.1,12.24,15.122,118.9,0
75.66,2.607,21.96,3.46,3.507,28.26,6380.4,0.69,0.2096,15.68,181.1,13.5,14.743,132.7,0
76.73,1.467,21.56,0.12,3.448,31.29,5827.0,2.1,0.0032,15.09,185.8,12.75,14.975,126.1,1
76.32,0.995,22.11,0.03,3.451,28.15,5861.1,1.79,0.0649,15.09,175.0,12.42,14.829,125.2,0
77.57,1.495,20.98,0.23,3.541,29.32,5397.8,5.37,0.0761,13.38,174.6,13.57,15.321,112.4,0
76.27,1.065,23.06,0.51,3.486,27.31,6011.7,2.51,0.1391,14.27,173.4,10.29,15.335,116.7,0
80.86,0.711,22.02,0.35,3.523,30.26,5958.1,0.91,0.0362,14.54,193.6,11.8,15.182,126.4,0
77.47,1.144,20.76,0.56,3.558,29.29,5961.0,2.4,0.0313,14.97,178.5,11.67,15.308,122.0,1
78.26,1.009,21.1,0.09,3.454,32.12,5927.2,3.24,0.0254,14.95,180.6,12.22,15.319,122.3,0
76.61,0.568,19.92,0.18,3.564,31.46,5652.8,3.28,0.0312,14.74,186.0,12.86,15.383,131.8,1
77.24,1.268,22.82,0.21,3.468,30.72,6115.4,3.46,0.0483,15.89,175.3,12.78,14.725,116.9,0
76.31,1.708,21.4,0.29,3.518,31.49,5734.1,1.98,0.0197,14.6,173.9,12.3,14.73,119.7,0
79.45,1.673,21.25,0.86,3.486,27.53,5344.3,1.1,0.0289,14.89,153.9,12.52,14.156,110.8,0
79.66,0.886,22.41,3.81,3.468,31.68,6414.3,2.54,0.0472,15.24,169.8,11.28,15.379,122.2,1
76.57,2.242,22.08,0.28,3.412,29.88,6106.4,1.45,0.0414,15.08,167.0,12.64,14.783,127.7,0
77.32,0.877,22.31,0.82,3.525,28.21,6159.0,4.15,0.0071,14.61,190.5,10.1,15.088,118.4,0
77.83,1.374,21.41,0.15,3.538,28.47,5969.4,2.88,0.0512,14.03,177.9,13.12,14.86,118.9,0
75.82,1.068,22.7,0.43,3.449,29.28,5834.8,1.83,0.0006,14.57,170.3,13.18,15.229,117.6,0
79.46,0.791,21.55,0.06,3.563,30.08,6061.4,2.64,0.0343,14.4,168.1,12.28,15.11,122.1,0
78.16,0.244,21.69,1.44,3.569,30.73,5879.8,5.66,0.0361,15.74,177.4,11.74,14.731,112.4,0
76.96,0.23,22.07,0.11,3.617,27.8,5829.6,3.63,0.004,15.07,179.6,12.12,14.833,119.8,1
76.81,0.588,22.41,0.03,3.435,30.44,5972.1,2.79,0.0219,15.22,185.5,11.98,15.181,121.1,0
78.02,1.27,21.33,0.81,3.571,29.94,6352.3,2.85,0.0863,15.61,174.0,12.27,15.05,123.9,1
80.92,1.265,23.37,0.2,3.508,28.63,6109.7,1.43,0.0292,15.46,188.1,12.28,14.914,118.4,1
75.48,0.376,22.79,1.39,3.452,28.99,6247.2,2.67,0.0251,15.52,185.8,12.06,15.07,128.7,0
75.58,0.496,22.85,1.0,3.455,29.22,6028.2,1.74,0.0031,15.44,183.1,12.74,14.821,116.1,1
76.58,0.926,22.95,0.12,3.455,29.64,5951.1,1.56,0.0531,15.01,190.8,12.57,14.89,114.8,1
79.6,0.678,22.94,0.09,3.511,31.06,6036.6,2.84,0.0062,14.96,166.4,12.26,15.201,122.8,0
80.35,0.137,22.12,0.53,3.541,28.09,6153.6,4.65,0.0071,15.13,175.4,11.98,15.132,117.6,0
75.04,1.448,22.57,0.85,3.504,29.32,6184.8,1.58,0.0903,15.14,187.2,12.14,15.291,127.0,0
78.2,0.677,21.47,0.07,3.497,30.54,6074.4,2.61,0.0182,14.45,184.7,11.86,14.944,118.9,0
78.37,2.034,21.87,0.95,3.496,28.39,6133.8,3.81,0.0358,14.57,183.2,13.59,14.846,119.6,0
78.49,0.882,22.3,1.25,3.479,28.46,5460.3,1.5,0.0136,15.09,174.2,12.43,14.875,117.3,1
78.45,1.865,22.08,0.52,3.434,30.89,5834.5,1.48,0.006,15.25,176.5,11.85,14.858,112.2,0
78.58,0.976,22.9,0.36,3.452,26.47,6063.1,1.79,0.0691,14.56,192.5,12.61,14.896,129.0,0
81.27,0.297,21.39,0.32,3.467,31.35,6242.3,4.2,0.0544,15.2,181.7,11.38,15.076,121.5,0
77.07,1.952,21.45,0.25,3.533,28.99,5890.8,4.11,0.0313,15.36,187.4,12.29,14.909,123.9,0
77.83,0.559,22.52,1.35,3.559,28.43,6129.2,1.97,0.0648,14.92,174.5,11.82,15.027,126.7,0
75.22,0.605,22.93,0.68,3.431,30.16,6374.1,2.49,0.0982,14.98,188.0,11.99,15.121,123.3,1
75.49,0.808,20.65,0.58,3.497,30.63,5977.3,3.0,0.0121,15.93,175.5,12.11,14.559,123.1,0
77.6,0.578,20.76,0.14,3.51,33.14,5793.0,1.65,0.0513,14.81,174.3,12.14,14.933,121.3,1
77.07,0.414,22.23,2.07,3.588,27.88,6570.2,1.91,0.0149,15.23,163.9,10.95,15.037,114.6,1
77.56,0.173,21.47,0.5,3.494,29.24,6072.6,2.87,0.0785,14.77,182.2,12.41,15.172,112.6,0
76.74,1.282,23.06,0.52,3.418,26.32,5810.0,4.11,0.0143,15.4,173.6,10.89,15.03,115.1,0
75.76,0.868,21.61,0.15,3.495,30.82,5811.1,1.47,0.0489,14.32,177.7,11.83,14.981,113.8,0
79.16,1.097,23.02,0.54,3.459,27.93,6064.6,3.13,0.0899,14.98,178.4,10.41,15.084,121.5,0
78.09,1.593,21.66,0.65,3.53,30.47,6172.7,1.26,0.1097,14.98,187.7,13.38,15.223,119.9,0
78.29,0.333,21.43,0.19,3.521,28.57,6314.8,3.5,0.0447,14.8,176.9,11.86,14.693,124.0,1
77.89,0.78,24.0,0.78,3.451,30.31,6278.6,3.85,0.0086,15.49,174.7,12.72,15.538,126.8,1
79.08,0.534,22.13,0.56,3.556,29.22,5838.6,1.42,0.0375,14.53,169.1,10.88,14.99,114.0,0
78.57,1.62,20.89,0.05,3.486,29.72,6087.9,3.23,0.0477,14.95,189.2,12.89,15.214,122.8,0
75.83,0.975,21.81,0.19,3.501,30.27,6254.9,2.82,0.0236,14.55,189.6,11.63,15.319,129.8,0
76.19,0.606,22.98,0.51,3.493,31.18,6062.4,1.69,0.0333,15.22,194.4,11.1,15.173,121.2,0
76.71,1.569,23.32,0.28,3.535,29.92,5697.2,3.33,0.0007,14.77,169.7,12.57,14.817,122.9,0
79.36,1.012,20.26,0.76,3.477,32.38,5938.2,1.63,0.0075,14.63,188.2,11.95,14.784,116.8,0
79.15,1.886,21.66,0.02,3.48,29.21,6000.8,1.54,0.0961,15.09,186.7,12.27,15.126,122.4,0
76.96,1.359,21.73,1.59,3.484,25.97,5960.1,3.62,0.0824,15.03,174.6,11.07,15.242,112.6,0
77.47,2.07,22.27,0.2,3.402,29.49,6513.5,0.3,0.0901,13.84,171.7,12.35,14.803,115.7,0
76.83,0.692,22.05,0.9,3.572,28.84,5955.2,2.18,0.0058,14.51,175.4,12.35,14.738,120.7,1
76.54,1.859,22.53,1.83,3.414,29.63,5630.0,3.41,0.0917,14.54,181.9,13.52,15.261,124.0,0
78.96,1.681,21.48,0.31,3.61,32.65,5878.9,2.02,0.0277,14.81,177.6,12.96,14.776,114.3,0
78.9,1.082,21.91,0.0,3.554,32.15,6175.5,2.27,0.0378,14.68,173.4,13.23,14.757,118.1,0
77.62,0.909,21.32,0.13,3.488,29.62,5931.4,3.4,0.0057,14.78,184.7,11.89,14.482,115.7,0
79.57,0.923,21.98,0.42,3.495,29.21,5962.6,0.92,0.0611,14.91,199.9,12.44,14.622,122.1,0
77.56,0.861,21.81,0.13,3.527,28.58,5834.4,2.2,0.0149,14.56,183.3,11.95,14.792,122.3,0
79.02,1.17,21.87,0.01,3.45,31.1,5893.7,1.7,0.0007,15.02,179.0,11.79,14.892,119.8,0
79.67,1.067,22.05,0.06,3.449,29.74,6009.3,3.74,0.0202,15.01,181.1,12.01,15.082,122.2,0
79.98,1.97,20.53,0.03,3.578,31.62,6405.3,4.58,0.1131,15.59,176.4,11.91,14.876,122.3,1
78.04,0.438,22.2,0.99,3.507,29.7,6126.3,2.42,0.0058,15.16,184.2,10.98,14.681,123.1,0
79.57,0.987,22.43,2.14,3.46,29.23,5930.7,2.1,0.0241,15.09,188.6,11.45,15.094,118.0,0
75.24,0.923,22.26,0.15,3.482,33.41,6089.5,2.16,0.1803,14.79,186.9,12.73,15.138,111.7,1
77.46,1.025,21.99,0.85,3.471,33.03,5952.2,2.15,0.0224,16.01,181.5,12.27,14.846,120.7,0
79.33,1.01,22.04,0.01,3.524,30.45,6026.1,2.09,0.0067,15.71,173.5,12.33,14.962,113.4,0
79.37,0.935,22.01,1.13,3.49,29.74,6070.5,1.86,0.0102,15.05,173.3,11.69,14.831,122.7,0
79.6,1.81,21.58,1.19,3.544,29.52,5939.9,2.24,0.0158,14.98,182.9,11.08,15.205,119.6,0
80.74,0.754,22.78,0.16,3.483,31.4,5716.7,2.81,0.0546,15.5,187.5,11.53,14.906,122.7,0
80.53,0.131,21.83,0.7,3.548,31.88,6087.9,3.4,0.0825,15.8,179.4,13.1,14.928,118.5,0
76.84,0.636,22.26,0.51,3.482,29.26,5963.7,1.0,0.0122,15.18,177.5,12.67,14.808,127.2,0
77.47,1.273,21.97,1.81,3.522,30.76,6036.9,1.72,0.0014,15.41,167.7,12.6,15.344,119.4,0
74.02,1.138,20.39,0.33,3.533,29.29,6477.4,2.58,0.0203,16.1,174.1,11.84,15.05,128.9,0
75.57,0.684,21.11,0.01,3.603,28.16,6066.7,2.81,0.0006,14.28,167.2,10.73,15.058,124.6,0
78.54,0.337,22.24,0.23,3.571,30.54,5756.4,3.78,0.0575,15.19,195.4,12.19,15.112,115.4,0
77.09,2.003,22.37,0.37,3.509,30.18,5886.6,2.18,0.0021,15.12,174.7,12.12,15.0,114.2,0
79.45,0.628,21.42,0.79,3.459,29.8,6030.8,2.98,0.0361,15.29,179.0,11.02,15.133,121.9,1
80.75,0.073,21.97,1.25,3.544,29.94,5943.0,5.49,0.0343,15.81,176.7,13.06,15.235,120.9,0
78.5,1.556,21.67,0.13,3.549,28.99,5995.1,1.46,0.0252,15.77,174.8,10.87,15.247,111.7,0
79.65,1.021,23.31,0.19,3.519,29.44,5752.4,2.43,0.0093,14.72,174.6,13.29,14.723,121.4,0
80.16,0.642,22.85,0.01,3.479,29.14,6016.2,2.58,0.0181,15.55,177.0,12.19,15.107,116.2,0
79.5,1.07,21.83,0.26,3.481,28.06,5921.2,2.87,0.0027,14.28,183.8,11.55,14.603,116.6,0
78.1,0.856,21.77,0.17,3.484,30.64,5888.4,3.51,0.0256,14.71,177.3,11.38,15.117,115.3,0
79.03,0.032,21.72,0.95,3.653,34.47,5992.8,1.99,0.0247,15.09,180.5,12.52,14.777,118.4,0
77.43,1.455,22.41,0.21,3.511,31.73,5931.5,2.39,0.0331,14.85,197.4,11.53,15.103,129.1,0
78.24,0.498,23.04,0.38,3.52,25.6,5950.5,2.97,0.0268,14.83,174.2,12.26,14.935,117.6,0
79.52,0.259,21.0,0.24,3.433,29.57,5867.9,2.61,0.0242,14.58,176.8,12.49,14.835,122.4,1
79.66,1.159,21.91,0.36,3.478,29.42,6111.8,2.23,0.0058,14.46,186.7,11.26,14.733,129.5,0
77.09,1.809,22.87,0.04,3.452,31.33,5856.1,2.29,0.0447,15.08,182.0,11.74,15.317,121.6,0
81.91,1.0,22.52,0.24,3.53,30.88,6113.1,3.63,0.0745,15.47,175.5,12.28,15.322,115.2,0
74.95,1.782,22.63,0.51,3.439,25.98,5839.4,4.75,0.0654,15.12,177.5,12.78,14.742,110.1,0
77.67,1.739,21.07,0.83,3.499,27.6,6134.7,1.71,0.0277,15.19,180.8,10.59,15.063,126.8,0
79.18,0.95,21.23,0.35,3.432,31.93,5942.6,2.59,0.0432,14.18,192.7,12.16,14.839,122.9,0
77.74,1.706,21.55,0.3,3.548,29.52,5869.0,1.87,0.0503,14.39,189.5,12.93,14.995,123.4,0
78.7,1.666,22.09,0.12,3.456,29.39,5897.4,2.45,0.0596,14.66,180.7,12.02,15.241,122.1,1
78.2,1.395,24.79,0.16,3.529,34.01,5870.4,1.75,0.0355,15.2,155.9,10.64,14.249,114.3,0
77.49,0.971,22.03,0.92,3.549,29.57,5884.2,3.23,0.0545,15.03,188.3,11.84,14.634,122.8,0
79.25,1.189,22.17,0.32,3.508,31.49,6388.5,1.13,0.0371,15.26,180.8,11.75,15.12,119.2,0
76.44,0.913,22.52,0.14,3.582,32.87,5989.7,1.08,0.0268,15.13,182.4,11.38,15.005,124.8,0
76.12,0.713,22.91,0.22,3.503,29.43,6016.0,2.88,0.0087,15.16,175.8,12.65,15.038,122.0,0
77.64,1.038,22.58,0.09,3.499,30.2,5507.1,2.94,0.0527,15.31,173.3,11.98,14.898,125.9,0
76.19,1.728,22.96,1.08,3.431,30.15,5890.5,2.28,0.0054,13.94,188.7,11.5,15.527,115.9,1
77.51,1.053,21.35,0.12,3.504,28.61,6262.9,2.99,0.0632,15.37,166.3,10.9,14.944,117.3,0
78.25,1.032,22.35,0.27,3.507,32.98,6241.0,0.35,0.007,14.59,182.7,11.73,14.617,123.9,0
73.89,0.605,21.44,1.02,3.443,31.9,6307.8,1.96,0.0662,14.35,168.1,10.89,15.128,118.0,0
76.48,0.914,22.32,1.13,3.561,28.59,5996.9,3.85,0.0693,14.51,180.8,11.08,15.077,119.9,1
77.81,0.962,21.37,0.71,3.531,32.08,6273.5,3.76,0.0241,15.71,193.6,13.33,15.081,120.5,1
79.55,0.397,23.1,0.38,3.494,31.76,5706.7,2.42,0.0346,14.57,155.5,11.33,14.847,124.1,0
76.64,0.831,21.21,0.06,3.515,29.56,6215.0,1.84,0.0049,15.17,181.9,11.82,14.756,124.7,0
76.41,0.933,22.13,1.2,3.583,29.41,5988.0,1.78,0.0418,15.46,170.6,11.92,14.749,119.4,0
77.04,1.627,22.11,3.25,3.573,29.13,5312.8,2.01,0.1403,13.65,179.5,12.59,15.003,117.8,0
74.41,1.061,22.54,0.73,3.492,31.14,5895.3,2.73,0.0668,14.96,170.7,12.45,15.224,119.8,0
76.71,0.822,20.67,0.36,3.46,32.63,5713.6,3.29,0.1106,15.52,167.0,11.49,14.875,122.4,0
81.16,0.731,22.28,0.37,3.525,35.02,5879.4,3.45,0.0528,14.11,191.3,14.5,14.309,114.8,0
77.25,1.254,21.82,1.99,3.552,30.51,5813.2,4.27,0.0455,16.11,184.8,12.08,15.241,123.6,1
81.0,1.23,20.9,0.13,3.525,32.55,6038.4,2.78,0.0387,14.66,183.5,11.11,14.597,120.9,1
78.47,0.103,20.71,1.23,3.493,28.48,6350.6,4.79,0.0215,14.82,185.0,11.02,14.783,120.1,0
78.53,0.555,22.08,0.01,3.569,29.08,5933.1,2.69,0.0467,15.59,172.7,10.98,14.966,124.2,1
71.18,0.488,23.66,0.58,3.429,30.25,5004.3,3.03,0.0551,16.24,193.5,11.18,14.762,119.8,0
78.56,1.003,21.1,0.69,3.527,29.86,6246.8,3.08,0.1033,14.79,172.8,11.09,15.202,122.4,0
75.44,0.986,21.98,0.08,3.426,30.9,6038.1,1.21,0.0088,15.24,166.4,11.96,15.002,120.0,0
77.45,1.017,21.14,0.98,3.473,33.45,5856.3,3.7,0.0018,14.76,181.0,10.97,14.611,117.9,0
77.81,0.696,21.66,0.13,3.519,32.22,6137.4,3.77,0.062,14.72,195.2,12.21,14.753,120.9,0
77.39,0.844,22.99,0.82,3.46,31.03,6123.1,2.52,0.0011,14.39,186.3,13.87,15.107,121.8,0
79.41,1.566,23.0,0.4,3.511,34.48,5997.1,2.37,0.0355,16.79,163.6,13.5,14.831,115.8,0
76.63,1.414,23.26,0.17,3.497,30.04,6110.4,2.43,0.0258,14.45,176.6,12.03,15.17,121.0,0
77.48,0.882,23.23,0.74,3.505,32.38,5807.7,3.36,0.004,16.19,182.9,10.77,15.013,112.9,0
76.22,1.263,21.15,0.13,3.491,28.54,5801.9,1.91,0.0142,15.21,169.6,12.31,14.891,109.0,1
81.64,1.001,22.37,1.96,3.387,26.14,5831.7,1.52,0.1012,14.72,178.4,10.73,15.418,127.1,1
83.09,0.067,22.97,2.57,3.543,29.38,6419.1,1.06,0.0042,14.74,173.9,12.41,14.933,113.3,0
78.25,0.58,22.43,1.96,3.52,28.39,5839.9,3.02,0.017,14.3,170.1,12.1,15.259,122.3,0
79.54,1.604,21.7,0.45,3.509,31.35,5947.4,1.76,0.0139,14.75,179.7,12.72,15.151,121.1,0
75.3,0.698,22.38,0.81,3.507,28.83,5693.7,2.12,0.0442,15.35,177.4,11.88,15.026,126.8,0
78.6,0.444,21.72,0.09,3.436,31.45,5987.2,2.64,0.0756,15.91,175.4,10.57,14.634,119.6,0
77.68,0.543,21.34,0.37,3.434,30.88,5967.3,1.96,0.0122,14.64,187.3,9.95,14.818,111.1,1
78.26,0.718,22.09,0.52,3.468,30.07,6193.0,0.79,0.0544,16.13,185.3,11.29,14.775,123.5,0
76.93,0.692,22.13,0.1,3.398,31.46,5771.5,3.66,0.0019,14.5,181.2,14.06,15.295,120.4,1
75.13,0.499,22.11,1.1,3.555,29.89,6152.8,1.85,0.0884,14.63,173.5,10.55,15.16,122.5,0
77.89,1.532,21.63,1.11,3.569,33.03,6162.6,2.71,0.011,15.0,168.8,11.19,14.933,118.8,0
76.79,1.103,22.78,0.43,3.553,28.19,5994.6,3.25,0.0234,15.1,181.3,12.24,14.99,115.7,0
78.85,1.078,21.22,0.43,3.534,29.34,5916.3,2.18,0.0483,15.16,176.2,12.73,14.955,119.5,1
76.54,0.872,22.21,1.05,3.515,29.06,6228.6,1.65,0.0259,15.11,184.4,11.49,14.924,114.9,1
78.3,0.4,22.89,0.13,3.482,29.9,5912.6,3.6,0.0659,14.45,167.9,11.4,15.164,117.3,0
81.77,1.23,22.83,0.41,3.561,30.93,5767.3,5.12,0.0438,14.83,184.5,12.3,14.938,118.3,0
76.23,0.668,22.27,1.45,3.618,31.61,5995.5,2.67,0.0425,14.57,188.3,11.72,15.24,119.7,0
78.01,2.415,22.71,0.21,3.429,30.59,6222.3,2.78,0.0081,15.12,183.8,10.58,15.136,115.4,1
80.01,1.335,21.48,1.13,3.569,32.47,6062.6,0.75,0.0083,15.45,169.1,12.54,15.156,116.3,1
84.98,0.467,20.0,2.7,3.4,26.19,5593.3,3.55,0.0562,14.54,188.0,10.07,15.61,117.5,0
79.62,1.669,21.01,0.02,3.536,32.75,6280.7,3.36,0.0129,14.22,194.1,11.45,15.112,120.3,1
76.4,1.671,21.36,0.19,3.5,32.03,6039.5,2.87,0.0238,14.43,188.0,12.74,15.008,117.8,0
76.5,1.266,20.09,0.95,3.616,30.16,5911.5,2.39,0.0122,16.47,180.0,12.99,15.004,119.2,0
80.55,0.66,21.95,0.08,3.475,30.86,6347.8,2.08,0.0576,15.46,190.9,12.2,14.875,124.2,1
77.12,0.505,23.03,0.58,3.465,29.7,6151.9,1.07,0.0171,15.06,178.0,12.4,14.729,118.5,0
77.46,1.61,22.29,0.63,3.585,28.4,5753.5,1.28,0.0357,15.28,168.4,11.81,15.081,115.8,0
77.32,0.861,22.72,0.05,3.448,28.91,5996.9,3.54,0.0927,15.21,173.5,12.37,15.259,112.4,0
80.53,0.803,22.7,0.98,3.462,28.73,5620.6,2.53,0.0474,15.24,173.4,11.46,14.875,118.3,1
77.25,1.479,21.44,0.93,3.52,31.27,6209.7,2.3,0.0251,15.64,171.8,11.88,14.831,128.0,0
79.24,1.64,21.62,0.71,3.521,31.96,6102.0,2.81,0.0136,14.72,166.3,12.54,15.424,117.1,1
78.21,0.033,22.41,0.95,3.417,30.89,6040.7,3.97,0.0089,14.76,180.3,11.68,14.848,111.1,0
80.69,0.471,20.63,3.33,3.55,26.48,6335.8,4.18,0.0011,13.66,174.6,11.0,14.671,118.9,1
80.22,0.357,21.51,1.17,3.464,31.55,5664.2,2.67,0.0395,14.45,171.0,11.97,14.957,123.3,1
77.3,0.733,22.96,1.75,3.517,30.52,6206.9,1.91,0.0409,15.19,180.0,12.29,14.639,123.5,0
76.32,0.989,23.43,0.16,3.424,34.42,5587.7,2.61,0.0048,14.93,183.1,11.42,15.172,122.3,0
76.71,0.732,22.55,0.08,3.405,31.45,5969.6,3.77,0.0268,15.17,174.3,11.48,15.019,120.0,1
76.16,0.85,22.71,0.23,3.473,31.02,6182.9,1.28,0.0432,15.82,162.1,11.58,14.951,120.9,0
79.67,1.38,21.16,0.5,3.504,32.04,6154.9,1.77,0.0666,14.82,189.7,10.96,15.364,119.1,1
78.54,1.15,21.06,0.19,3.5,30.1,6017.4,2.51,0.0147,14.73,179.2,11.7,14.957,119.3,0
78.47,1.3,22.92,0.25,3.494,29.24,6114.0,2.5,0.015,15.54,185.7,11.14,14.925,122.9,0
78.47,0.473,21.53,0.27,3.537,34.42,6255.3,4.78,0.0416,14.37,176.2,11.79,15.163,108.8,0
75.42,1.242,18.96,0.15,3.457,27.37,5680.6,1.01,0.0227,15.29,175.2,12.39,15.605,121.9,0
78.21,0.854,22.51,0.63,3.571,31.86,5918.9,4.14,0.0734,14.41,177.3,11.27,14.699,123.2,0
79.58,0.7,23.82,0.46,3.534,30.27,6005.1,0.75,0.0177,15.4,179.3,12.94,14.354,123.0,1
79.83,0.249,23.24,0.48,3.51,30.47,5614.1,2.73,0.0304,15.62,172.8,11.4,14.838,122.3,0
76.15,0.705,21.59,0.27,3.454,29.68,5871.2,2.95,0.0293,15.09,179.7,11.73,15.054,121.1,0
76.27,0.785,22.41,0.84,3.507,29.07,5902.1,4.06,0.0198,15.87,176.3,13.27,14.805,126.7,0
76.96,0.47,22.41,0.12,3.484,28.69,5895.3,3.08,0.0944,15.22,192.2,11.57,15.183,118.4,0
78.16,0.872,22.82,1.97,3.6,30.4,6331.7,1.96,0.0667,14.19,179.5,11.51,14.998,114.3,0
81.07,1.165,22.03,1.48,3.536,30.27,6125.9,2.59,0.0236,15.18,159.1,10.98,15.086,121.3,0
78.91,0.021,21.47,0.05,3.61,29.5,5891.8,2.87,0.0524,15.58,179.9,11.65,14.987,122.8,0
78.25,1.216,21.45,0.34,3.45,30.59,6099.7,1.15,0.0621,14.84,171.9,11.17,15.097,121.4,0
76.96,0.716,22.34,0.63,3.448,30.93,6062.7,3.73,0.0226,14.54,180.7,12.15,15.119,117.8,1
79.82,1.293,22.32,0.19,3.376,31.11,5828.8,2.14,0.0166,14.8,168.5,12.91,15.127,117.6,0
77.8,0.182,20.96,0.56,3.475,29.41,5992.6,2.26,0.0277,14.22,218.6,10.64,14.568,116.1,0
79.02,0.473,20.97,0.42,3.472,33.19,6146.7,2.01,0.0196,15.16,183.0,11.94,14.992,119.5,0
79.55,1.536,21.51,0.3,3.524,33.44,5832.4,2.77,0.0313,16.02,190.5,12.2,15.126,114.3,0
79.55,0.08,21.66,1.28,3.497,30.68,5624.6,4.26,0.0836,15.33,162.6,13.01,15.007,115.5,0
79.82,0.645,22.37,0.76,3.5,29.45,5901.5,3.33,0.0127,15.06,180.8,12.22,14.939,118.1,0
77.16,1.956,21.91,0.52,3.44,28.52,6424.6,2.34,0.0133,15.41,182.4,12.33,14.603,116.5,1
80.76,1.538,21.64,0.35,3.442,27.81,6018.3,0.15,0.013,15.1,178.0,13.2,15.277,114.5,0
78.47,1.734,21.75,0.17,3.49,30.37,5853.2,3.6,0.0194,14.35,173.7,12.07,15.147,124.6,0
78.3,1.372,23.24,0.2,3.551,31.74,5891.5,1.06,0.002,14.69,173.6,12.86,14.994,119.3,0
77.85,0.853,23.05,0.08,3.446,26.91,5889.5,0.71,0.0174,14.52,171.4,10.97,15.159,127.2,0
77.78,1.557,22.59,0.06,3.548,32.03,6021.2,1.57,0.0901,14.62,181.9,11.14,14.806,117.1,0
76.55,1.461,22.07,0.13,3.513,29.55,6069.0,1.84,0.0431,15.23,176.7,11.62,14.902,120.8,0
80.98,1.732,22.01,0.34,3.45,28.02,5747.7,2.68,0.1224,15.31,181.8,12.45,15.325,127.5,0
78.14,1.269,21.56,0.22,3.539,29.29,5882.4,2.73,0.0232,14.83,182.4,11.86,15.07,121.0,0
79.81,1.104,21.38,0.08,3.482,29.17,5737.5,4.03,0.1025,15.11,157.7,10.32,14.794,115.0,1
79.35,0.678,22.45,1.02,3.487,28.52,6154.7,3.01,0.091,15.51,181.2,12.28,15.172,118.4,0
78.57,0.855,22.43,0.18,3.461,28.14,6103.2,1.4,0.0046,14.41,177.5,11.1,14.539,126.0,0
77.99,1.289,22.87,0.31,3.543,29.83,6173.6,2.54,0.0244,15.15,175.2,10.93,14.89,117.4,1
77.82,1.979,22.08,0.9,3.541,30.11,6135.5,3.39,0.0568,14.85,175.1,11.8,15.182,116.0,1
76.8,2.737,20.75,0.19,3.622,28.35,6241.2,5.61,0.0608,14.79,175.4,12.94,14.706,124.9,1
76.91,0.714,21.33,0.6,3.547,29.3,5687.5,2.35,0.0937,15.03,177.7,11.49,15.223,124.8,0
74.33,1.364,20.67,0.0,3.466,28.77,6062.3,2.1,0.0178,14.92,184.5,11.51,15.238,123.1,1
81.36,1.932,21.78,1.07,3.427,29.37,5847.3,4.07,0.0855,15.64,173.6,11.95,15.168,125.0,0
78.91,1.011,21.23,0.19,3.585,31.2,5843.4,1.76,0.0239,15.6,187.3,11.81,14.678,115.5,0
78.42,1.265,23.03,0.84,3.511,31.93,6235.7,2.14,0.0422,14.08,179.7,11.76,15.193,121.2,1
78.76,0.186,21.78,0.22,3.464,29.46,6053.0,2.21,0.0232,14.44,191.0,13.37,14.889,120.5,1
79.47,1.12,23.04,0.59,3.484,30.59,6108.9,3.05,0.0068,14.26,164.6,12.02,15.158,118.3,0
79.38,0.195,22.37,1.3,3.514,29.12,6206.5,2.55,0.0061,15.22,181.8,10.82,15.019,112.8,0
75.42,0.584,22.61,0.13,3.524,29.46,6238.4,2.69,0.0287,15.73,187.3,11.07,15.119,114.1,1
78.18,1.331,21.25,0.04,3.505,30.01,5942.6,4.73,0.005,15.25,179.1,12.3,14.969,117.9,0
76.4,1.002,22.53,0.6,3.696,29.84,6003.1,1.63,0.0171,14.96,178.6,12.58,15.182,116.4,0
76.39,1.324,21.89,0.52,3.586,29.62,6008.4,1.92,0.0054,14.75,174.8,12.43,14.888,115.1,1
77.75,0.461,23.46,1.87,3.467,28.54,6166.9,3.48,0.0031,15.09,186.9,11.57,14.95,116.0,1
77.63,1.242,21.52,0.15,3.495,29.31,6269.8,1.84,0.0102,15.4,181.8,11.54,14.922,120.1,0
76.9,0.204,22.53,0.16,3.414,30.35,6184.5,4.31,0.094,15.36,182.8,10.55,15.15,114.8,0
76.17,1.394,21.3,0.73,3.454,29.54,6242.4,1.74,0.031,15.11,184.4,12.11,14.996,117.3,0
77.74,0.93,21.99,0.63,3.549,29.64,6136.1,1.49,0.0151,15.25,187.2,12.35,14.957,120.8,0
77.1,1.548,21.37,0.2,3.409,30.55,6128.5,0.14,0.102,14.7,187.5,13.92,15.037,125.5,0
78.52,0.499,20.99,0.69,3.349,30.74,6236.1,2.42,0.0239,15.55,185.6,11.81,14.902,113.6,0
75.57,1.234,21.37,0.18,3.493,31.41,5825.0,3.36,0.0332,14.66,183.7,10.95,15.061,126.4,0
78.08,0.473,22.25,0.63,3.505,31.08,6131.0,2.53,0.0144,14.87,189.5,12.5,15.049,124.2,0
78.23,1.486,21.66,0.8,3.46,29.55,5689.0,3.5,0.1161,14.71,187.3,9.89,15.269,117.6,1
77.5,1.256,22.18,0.35,3.474,30.61,6033.1,1.6,0.002,15.53,161.0,12.65,14.836,128.2,0
76.59,1.403,23.71,0.08,3.484,28.21,5640.0,3.75,0.0607,14.88,197.8,11.18,14.677,120.9,0
77.62,1.839,22.46,0.3,3.55,26.99,6009.1,3.56,0.0505,15.37,172.8,12.72,15.044,123.9,0
77.18,1.119,21.52,0.02,3.525,29.14,5729.4,2.9,0.0251,14.29,172.6,13.39,14.707,125.1,0
79.38,0.559,22.18,0.84,3.627,28.62,6045.7,2.0,0.0089,14.96,167.2,11.85,14.887,114.2,0
79.22,0.352,20.95,0.97,3.525,29.34,5968.0,1.56,0.0309,15.45,171.5,13.01,15.605,113.1,0
75.95,0.67,21.96,0.02,3.484,29.95,5753.8,3.11,0.0186,14.52,192.0,11.71,15.055,117.7,0
76.51,0.463,22.02,0.09,3.557,28.11,6328.6,2.54,0.0142,15.72,173.8,11.77,14.814,118.4,1
76.69,0.189,21.57,1.22,3.463,28.33,6357.3,2.69,0.0399,15.11,179.9,12.02,15.113,116.2,0
76.36,0.531,21.41,0.07,3.563,28.92,5877.8,2.22,0.0213,15.57,189.5,12.37,14.913,119.1,0
78.6,1.009,21.49,0.08,3.391,28.01,6267.9,3.28,0.0436,15.37,198.7,11.66,14.644,122.0,0
75.78,0.686,20.32,0.87,3.474,28.06,5906.5,3.12,0.0669,14.83,189.8,11.57,15.273,123.3,1
78.79,0.129,22.47,0.02,3.56,30.44,6167.4,2.36,0.0231,15.37,183.8,12.53,15.041,118.4,0
75.69,0.31,21.76,1.3,3.385,31.32,5922.5,0.62,0.081,15.6,188.4,12.62,14.923,119.8,0
79.19,1.294,22.06,0.72,3.528,28.06,6065.2,2.07,0.066,14.94,168.6,11.71,15.342,123.4,1
79.75,0.871,21.53,0.25,3.421,30.94,6060.4,3.97,0.0364,15.04,192.5,12.33,15.196,120.3,0
76.97,2.077,20.87,0.11,3.578,30.97,6380.7,2.31,0.0355,14.76,170.8,11.42,15.204,123.0,0
76.45,1.553,21.62,0.04,3.542,28.68,5705.3,0.58,0.0518,14.27,165.4,11.99,15.152,118.5,0
78.19,1.493,22.68,0.1,3.522,28.97,6129.0,2.37,0.0075,14.8,201.6,12.69,14.967,119.3,0
75.18,1.429,21.89,0.01,3.527,27.72,5979.4,2.85,0.0815,15.41,181.4,10.94,15.449,122.3,0
78.06,1.642,19.15,0.25,3.552,32.6,5789.8,2.21,0.056,14.7,175.7,10.84,14.799,121.0,0
79.73,1.813,21.74,0.13,3.481,28.96,6132.1,1.92,0.0366,14.95,181.2,11.4,14.44,122.4,0
78.64,1.568,21.63,0.59,3.511,31.15,6294.5,3.92,0.0363,14.99,171.7,11.03,14.646,119.6,1
80.63,1.553,21.64,0.28,3.451,32.38,5799.1,2.16,0.0073,15.23,177.9,11.5,15.212,124.8,0
79.3,0.497,20.66,0.04,3.485,30.65,5580.1,2.2,0.0052,15.19,172.1,11.78,14.886,121.8,0
77.31,0.539,22.06,1.78,3.513,27.85,5955.4,2.13,0.0103,14.98,190.8,12.42,15.52,106.5,0
78.19,0.836,22.14,0.34,3.403,29.26,5890.7,1.44,0.0101,14.55,201.2,10.99,14.809,126.7,0
78.93,0.704,22.31,0.06,3.528,33.22,5855.8,3.89,0.0466,15.32,186.2,12.46,15.163,123.5,1
76.84,0.174,20.9,0.65,3.623,31.12,5951.7,0.25,0.1219,15.6,189.1,11.58,15.331,109.6,0
78.18,0.827,22.36,0.21,3.629,30.91,6053.7,1.84,0.0086,14.78,177.9,12.16,15.39,128.5,0
79.55,0.963,21.4,0.29,3.428,30.67,6328.1,1.72,0.0401,15.35,191.4,13.17,15.147,126.0,0
78.57,1.251,22.12,0.71,3.488,29.73,5908.7,0.04,0.0032,16.28,173.5,13.28,14.794,124.9,0
79.74,1.084,22.94,0.1,3.572,29.92,6281.3,3.16,0.0318,14.64,168.6,11.46,14.98,124.9,0
78.06,0.365,21.3,0.31,3.578,32.76,5865.9,2.72,0.0056,15.38,182.2,12.24,14.87,116.6,0
80.88,0.528,21.89,0.46,3.491,29.75,6181.6,2.89,0.0262,14.38,174.1,12.11,15.228,121.6,0
81.08,0.22,21.99,0.64,3.463,29.61,5955.8,4.62,0.1225,16.03,180.3,12.53,14.773,119.2,1
77.26,0.784,22.89,0.91,3.597,30.83,5931.0,1.64,0.2048,15.5,199.2,12.82,15.542,119.2,0
78.84,0.551,23.33,0.73,3.485,29.18,6003.1,2.63,0.0106,13.98,170.1,12.26,15.069,120.7,1
77.7,0.664,22.08,0.87,3.466,29.94,6092.7,3.29,0.0021,15.51,158.5,12.98,15.062,126.2,0
81.06,0.349,21.72,0.21,3.498,31.49,5669.1,3.27,0.0066,15.76,170.5,11.75,15.191,122.0,0
76.63,0.712,21.87,0.15,3.571,28.68,6085.2,2.07,0.0502,14.85,166.7,11.99,15.115,126.3,0
77.66,1.635,22.98,0.24,3.554,30.21,6179.7,1.83,0.0404,14.28,178.2,10.74,15.063,117.3,0
76.68,0.895,20.2,0.22,3.458,29.05,6282.4,3.64,0.0581,15.59,195.5,11.96,15.077,117.4,0
79.88,0.725,22.92,0.24,3.512,32.99,6187.2,2.29,0.0199,15.21,180.9,12.06,14.89,119.0,0
77.96,0.398,22.87,0.76,3.486,30.07,6112.8,3.95,0.0431,14.66,186.4,13.26,15.146,125.4,0
75.63,0.557,21.8,0.23,3.444,31.01,6035.3,1.38,0.0423,14.8,172.9,12.58,14.891,125.1,1
76.48,0.375,22.64,0.19,3.495,24.76,6013.5,3.61,0.0181,15.45,183.6,12.05,15.108,121.1,0
78.01,1.572,22.02,0.07,3.511,30.33,6025.6,4.03,0.0591,15.16,173.2,11.7,15.066,119.9,0
78.26,0.098,22.47,0.01,3.547,30.93,5856.7,2.32,0.0457,15.1,167.1,11.52,15.058,110.5,0
78.87,0.945,21.06,0.59,3.442,29.97,5950.1,2.63,0.1149,15.26,181.3,12.11,15.104,116.3,1
77.82,1.511,20.43,0.07,3.413,30.62,6251.8,3.04,0.0128,14.76,195.3,11.14,14.73,111.6,0
75.69,0.64,22.25,0.39,3.466,30.98,5829.7,1.46,0.0115,14.53,182.6,11.72,15.126,124.2,1
77.87,0.895,21.54,1.45,3.471,30.32,5795.6,2.43,0.0649,15.46,180.9,13.29,15.049,122.4,0
76.33,1.101,22.88,0.89,3.561,28.72,6415.0,5.22,0.0076,14.59,188.0,12.2,15.201,123.6,1
79.52,1.796,22.64,0.04,3.554,30.19,6553.1,4.28,0.0562,14.89,175.0,11.46,14.849,117.6,1
77.46,0.589,21.67,0.09,3.58,29.55,5634.0,4.14,0.0222,16.42,189.0,11.85,14.815,124.9,0
80.08,0.755,22.09,0.75,3.599,32.44,6055.7,4.26,0.0239,15.27,195.1,12.46,14.963,123.7,0
78.18,0.884,21.81,0.28,3.481,27.45,5978.4,2.87,0.0233,14.91,182.6,13.46,14.965,109.3,0
75.68,1.294,21.89,0.74,3.489,30.03,6135.8,2.72,0.03,15.21,183.3,10.91,14.886,120.2,0
78.18,0.511,22.62,0.31,3.466,32.39,6199.7,1.95,0.0212,14.29,178.5,12.06,15.159,122.8,0
77.77,1.126,21.78,0.73,3.517,29.38,5723.2,1.72,0.0335,13.81,177.0,12.61,15.046,124.6,0
82.55,0.864,21.48,2.07,3.359,27.74,6197.4,3.69,0.0621,15.4,170.0,11.91,14.88,116.4,1
79.26,0.9,22.95,0.25,3.486,32.15,6087.3,3.38,0.029,14.45,180.8,10.94,14.896,123.3,0
80.37,0.364,21.79,0.57,3.507,28.75,5712.2,0.94,0.0009,15.36,192.5,12.75,15.233,121.1,0
77.26,2.035,21.16,1.15,3.549,28.97,6486.7,2.31,0.0572,14.17,164.1,12.52,14.93,125.5,0
80.78,0.002,21.98,0.04,3.491,29.54,6171.4,2.35,0.0041,15.03,179.0,12.38,15.215,119.0,0
79.55,1.239,21.99,0.56,3.537,30.49,5964.4,2.47,0.0781,15.32,182.7,11.77,15.03,128.4,0
79.51,0.739,21.76,0.0,3.562,31.24,6004.6,3.91,0.0148,14.81,173.9,12.67,15.244,114.6,0
78.04,0.822,23.08,0.72,3.543,29.58,6279.2,3.26,0.0061,13.84,169.5,12.45,15.409,125.7,0
80.7,1.566,21.69,0.26,3.487,30.03,6416.5,2.47,0.0413,15.32,179.4,11.01,14.76,116.5,0
77.92,2.03,21.42,1.1,3.461,31.16,5777.2,1.97,0.0228,14.35,176.6,11.92,14.826,123.3,0
76.09,0.737,21.82,0.68,3.448,30.43,6346.5,2.81,0.0195,14.52,181.7,11.33,15.343,116.3,0
79.58,0.25,22.71,0.57,3.553,28.99,5691.4,2.68,0.0199,14.27,200.3,12.17,14.836,127.0,0
77.05,0.045,22.23,0.14,3.504,31.7,5982.9,2.94,0.0162,14.73,169.6,12.01,15.1,115.6,0
76.77,0.954,22.95,1.03,3.501,28.91,6752.7,1.81,0.0313,14.87,180.0,12.07,14.751,128.5,0
76.44,1.992,20.73,2.0,3.518,26.77,5731.8,1.61,0.0383,15.66,183.3,11.37,15.003,118.7,0
77.67,0.49,21.46,0.04,3.478,28.19,5972.6,1.53,0.0263,15.65,191.8,12.58,15.029,123.5,0
78.19,0.159,22.37,2.62,3.478,32.97,5888.0,2.55,0.0982,15.39,176.5,13.09,14.852,126.5,0
80.1,0.972,21.74,0.62,3.603,32.38,5752.4,1.07,0.0202,13.57,180.6,12.11,14.882,118.2,0
77.36,1.245,21.47,0.9,3.486,30.22,5897.7,1.4,0.0222,14.98,184.7,12.34,14.863,124.6,0
77.08,1.449,22.36,0.41,3.607,28.59,6037.9,2.78,0.0427,15.33,178.9,11.87,15.417,121.8,0
75.79,0.421,24.96,0.75,3.448,24.45,5888.0,5.76,0.0416,15.61,218.3,13.97,15.751,116.1,0
77.13,1.453,21.95,0.59,3.468,31.35,6107.3,4.04,0.0288,15.26,173.1,12.36,14.962,120.5,0
78.86,1.3,20.71,0.0,3.52,29.93,5882.0,3.21,0.0827,15.21,173.4,11.21,15.165,115.2,0
75.77,1.054,22.3,1.05,3.581,33.33,5920.9,5.12,0.0116,15.74,176.6,11.32,14.968,120.9,1
77.56,1.431,22.33,0.02,3.572,28.16,5834.4,1.87,0.0031,15.65,172.0,12.79,15.114,127.5,1
76.54,1.382,21.36,1.91,3.536,29.25,6009.5,0.32,0.0059,15.61,192.9,12.18,15.358,124.9,0
77.74,0.768,22.31,0.41,3.497,29.22,6016.1,4.72,0.0308,15.25,184.3,11.99,14.817,118.8,0
77.74,0.51,21.41,1.54,3.499,29.34,6039.8,0.76,0.0197,15.81,167.3,12.53,15.005,118.3,0
76.78,0.452,22.94,0.87,3.419,30.1,5836.4,0.58,0.1121,15.06,193.7,12.7,14.388,109.8,1
77.88,1.492,22.72,0.2,3.536,30.61,5942.4,2.91,0.0023,14.16,177.8,11.01,15.293,119.3,0
72.7,0.757,21.04,0.06,3.521,27.76,6313.0,3.56,0.0612,14.8,175.6,11.69,14.88,119.5,1
77.41,1.084,22.35,0.34,3.512,31.45,5842.1,1.45,0.0562,13.39,173.7,11.15,15.084,118.4,0
78.57,1.264,22.61,0.3,3.551,28.4,5778.0,3.45,0.0189,15.29,171.8,14.5,15.327,117.2,0
78.34,0.891,22.94,0.79,3.454,30.52,5987.6,2.95,0.042,15.63,178.7,11.81,14.942,117.1,0
78.75,0.885,22.54,0.4,3.509,32.3,6323.8,4.1,0.0731,15.79,180.3,10.96,14.803,117.1,0
79.21,1.273,22.39,0.27,3.538,29.29,5855.9,3.61,0.036,15.27,180.8,12.13,15.123,126.7,0
77.17,1.279,21.79,0.43,3.476,29.58,6088.7,2.93,0.0868,14.9,186.6,11.92,14.891,124.3,0
77.72,0.917,21.99,0.26,3.496,30.0,5679.8,2.48,0.0052,15.1,183.1,11.5,14.989,119.8,0
77.06,0.792,22.46,0.43,3.518,32.24,5691.1,2.6,0.0626,15.67,175.6,11.79,15.032,120.4,0
78.28,1.321,20.45,1.19,3.411,28.7,6213.4,0.37,0.0015,15.99,174.2,10.71,14.999,123.4,0
78.76,1.042,22.02,0.52,3.488,30.06,6031.9,4.08,0.0174,15.13,170.1,13.21,14.886,119.4,0
76.98,0.336,21.41,0.08,3.476,28.61,6109.0,3.03,0.0044,14.78,184.8,11.5,14.958,120.7,0
74.07,0.897,22.6,0.07,3.505,29.27,6410.4,2.4,0.0041,15.43,192.6,11.42,15.001,122.3,0
77.74,1.334,22.39,0.46,3.441,29.93,6088.4,4.08,0.045,13.65,191.8,11.53,14.689,118.4,0
81.53,0.811,21.57,1.06,3.536,27.78,6241.0,1.53,0.064,14.66,193.6,11.13,15.278,123.1,0
78.02,2.079,21.85,0.09,3.418,26.88,6274.3,2.95,0.0285,16.44,196.0,11.04,15.631,130.7,1
77.47,1.301,22.27,1.31,3.552,29.27,5896.5,2.74,0.1034,14.51,173.9,11.28,14.941,119.7,1
80.05,1.576,22.77,0.48,3.503,28.33,5939.3,3.02,0.005,14.81,186.6,12.76,14.892,124.1,1
78.98,0.908,22.38,0.15,3.512,31.71,5946.8,5.75,0.0029,14.18,177.1,11.89,15.084,121.5,0
78.94,0.964,22.4,0.21,3.49,33.04,6065.5,1.79,0.0313,14.46,177.8,11.71,14.789,117.8,0
78.77,1.368,22.47,0.19,3.388,28.17,6307.3,2.93,0.0129,15.55,177.1,10.93,14.947,119.3,0
78.13,1.087,21.88,0.0,3.46,29.28,5772.7,2.18,0.0089,14.72,196.9,11.74,15.201,122.3,0
76.91,1.068,20.68,0.14,3.541,30.38,5833.3,3.97,0.0618,14.72,178.5,12.06,15.152,122.6,1
78.56,1.794,22.84,3.04,3.42,28.13,6195.6,2.67,0.0137,15.62,172.3,11.64,14.813,124.5,0
80.44,0.164,22.55,0.26,3.608,27.11,5991.5,3.75,0.0994,14.94,181.2,11.14,14.609,117.6,1
75.88,1.993,20.48,0.58,3.487,29.26,6164.4,2.99,0.0218,14.77,166.4,12.07,15.24,124.4,1
79.64,0.67,21.9,0.88,3.48,27.2,6312.7,4.0,0.0304,15.07,176.5,12.35,16.048,123.8,0
79.63,1.18,20.73,0.01,3.498,32.14,6325.2,4.57,0.0781,14.37,178.5,12.29,14.903,123.0,0
77.85,1.37,21.92,0.36,3.548,30.61,6023.2,2.41,0.0659,14.03,177.0,11.6,14.916,115.6,1
76.95,0.717,21.8,0.79,3.432,32.06,5872.6,2.87,0.0583,14.59,189.0,10.27,14.975,112.0,0
76.49,0.305,22.72,0.38,3.47,27.16,5924.9,1.99,0.0373,14.92,188.0,10.88,14.692,120.7,1
80.73,1.368,22.41,0.52,3.592,31.06,5668.9,1.92,0.0609,16.15,162.4,10.51,15.174,121.1,1
79.42,0.766,22.21,0.95,3.477,29.1,6006.1,2.48,0.0547,15.14,166.9,12.39,14.882,123.5,0
76.57,1.249,22.94,0.15,3.533,31.15,6010.2,2.42,0.0647,13.8,182.3,11.7,15.106,126.7,1
78.28,1.437,21.23,0.02,3.543,27.65,5781.7,3.36,0.0485,15.05,167.2,11.68,14.962,116.3,0
79.08,0.55,21.97,0.31,3.614,28.91,5800.8,2.11,0.0084,15.23,168.9,11.95,15.154,118.7,0
78.5,0.697,20.48,0.26,3.464,31.24,6001.7,1.62,0.0214,15.58,178.9,11.55,15.061,121.3,0
77.57,1.57,22.02,1.06,3.564,31.11,6268.8,1.43,0.0192,15.32,184.8,11.01,15.417,113.9,0
78.95,1.621,21.78,0.15,3.51,29.6,5946.1,2.35,0.0267,14.81,177.8,11.46,14.859,123.1,0
76.68,1.223,22.46,0.4,3.552,31.19,5999.9,2.16,0.0184,15.51,195.0,11.77,15.513,129.6,0
77.72,0.956,21.64,2.08,3.52,30.19,5975.2,2.98,0.0121,16.01,198.1,13.01,14.799,129.7,0
74.92,0.888,22.21,0.41,3.456,28.76,6031.9,2.77,0.021,15.1,184.5,11.97,15.0,119.5,0
77.06,1.856,22.47,0.31,3.499,30.47,6275.9,2.03,0.0638,15.57,165.3,12.01,14.713,105.0,1
77.52,1.826,21.65,0.28,3.543,30.4,5965.1,2.25,0.0813,14.52,188.8,11.44,14.83,122.4,1
77.39,0.871,21.55,0.36,3.483,28.17,6193.4,0.51,0.0005,14.93,176.6,12.45,14.899,125.2,0
78.7,0.704,20.18,1.04,3.275,31.62,5866.7,4.16,0.1053,16.4,195.1,14.17,14.983,128.4,1
76.01,1.068,23.2,0.8,3.437,25.97,6100.2,2.73,0.0854,15.19,173.8,10.89,14.93,117.1,1
77.06,0.912,22.99,0.2,3.411,30.79,6068.5,1.29,0.0886,14.86,170.2,12.65,15.138,117.2,0
78.72,0.821,22.29,0.72,3.521,30.43,5958.6,1.42,0.0163,15.84,185.3,12.27,14.772,119.0,0
79.36,1.13,22.79,0.16,3.439,32.02,5945.0,2.16,0.0265,15.45,183.6,12.26,15.216,128.0,0
79.28,1.289,24.11,2.33,3.487,30.1,6186.1,1.19,0.0136,15.59,177.3,12.18,14.298,121.8,0
77.45,0.638,21.15,1.54,3.474,29.75,6208.0,2.02,0.0777,15.45,184.5,13.53,14.902,124.0,0
76.96,1.141,22.01,0.41,3.456,31.94,5990.2,3.05,0.0457,14.91,181.6,10.91,15.139,124.3,0
77.19,1.177,21.74,0.1,3.48,29.98,6096.4,2.13,0.0524,15.61,182.9,11.98,15.081,117.7,0
77.54,0.95,23.23,0.15,3.497,31.31,5992.4,2.57,0.0194,15.19,190.7,12.46,14.895,115.2,0
78.33,2.145,21.69,1.03,3.502,31.75,5730.4,2.31,0.0586,15.09,190.5,13.27,15.034,120.9,0
75.93,0.083,22.81,0.56,3.593,30.83,6085.2,1.49,0.0824,14.84,183.1,12.41,14.93,115.0,1
74.98,1.983,21.89,0.28,3.474,27.99,5887.8,1.57,0.0587,14.0,159.5,10.87,15.171,124.1,1
78.81,0.977,24.17,0.26,3.498,31.39,6010.0,2.81,0.0385,15.06,174.2,12.22,15.021,121.6,0
78.87,1.302,21.71,1.24,3.492,29.28,6106.6,2.03,0.0123,15.26,190.3,12.65,15.272,117.8,0
77.55,1.215,21.38,0.1,3.532,28.07,6010.0,2.33,0.0962,14.8,179.6,11.74,15.378,131.4,0
75.79,0.028,21.2,1.31,3.447,28.21,5942.1,1.26,0.0626,15.53,182.7,12.02,14.827,116.3,0
79.72,2.078,21.53,0.03,3.522,31.27,6120.6,2.48,0.0048,16.67,198.7,13.1,15.206,118.2,0
80.28,0.761,20.76,0.02,3.584,29.67,5908.2,1.93,0.023,15.52,180.2,11.94,15.223,118.4,0
78.99,0.76,21.97,1.81,3.423,29.89,6345.0,1.75,0.0538,15.08,178.0,13.78,14.876,128.2,0
80.48,0.756,22.0,0.0,3.413,29.8,6045.7,1.37,0.0347,14.2,182.1,11.74,14.924,115.6,0
75.69,1.267,23.22,0.63,3.458,28.68,5663.6,2.23,0.0247,15.64,173.6,12.38,15.38,120.5,0
78.44,1.214,22.23,0.25,3.575,29.92,6048.4,0.12,0.0205,15.61,189.2,11.71,15.123,115.0,1
76.87,0.618,22.37,1.68,3.417,29.09,6052.2,3.48,0.0249,15.24,201.4,12.84,15.402,126.8,0
74.54,1.101,22.18,0.28,3.457,30.6,5908.8,2.53,0.0256,15.17,179.5,11.59,14.988,120.5,0
75.54,0.657,21.81,0.08,3.491,32.4,6074.1,2.68,0.0769,15.45,183.8,12.09,14.8,121.2,0
77.95,0.836,21.89,0.35,3.531,27.68,6066.3,3.37,0.0059,15.14,179.4,13.08,14.864,119.3,0
77.98,0.345,22.01,0.34,3.471,28.89,5985.4,3.14,0.0102,14.72,178.0,13.1,14.966,118.6,0
78.72,1.097,21.48,0.24,3.482,29.57,6121.8,1.73,0.0179,14.46,187.9,12.92,15.045,114.1,0
78.13,1.855,20.79,0.15,3.52,28.89,5981.6,1.59,0.1037,14.41,181.9,11.84,15.22,128.1,1
77.38,0.059,23.33,0.6,3.586,29.28,5891.3,5.7,0.0481,15.69,174.3,12.27,14.399,131.2,0
77.6,1.667,21.0,0.8,3.485,30.12,5965.6,3.29,0.055,15.8,176.8,11.69,15.031,119.5,0
77.21,1.617,22.98,0.11,3.51,29.92,5943.5,1.84,0.0076,15.01,169.1,10.91,14.647,117.7,0
79.79,1.664,23.36,0.06,3.479,29.94,5917.7,2.07,0.0802,14.75,185.8,10.94,15.269,116.5,1
78.9,1.111,22.2,0.69,3.488,30.29,6045.4,3.56,0.0113,14.86,180.5,11.11,14.792,117.3,0
80.45,1.14,22.55,2.12,3.467,32.99,6118.2,2.45,0.0588,14.66,196.5,12.41,15.029,114.5,1
79.59,0.092,22.48,0.26,3.607,28.85,6146.5,2.93,0.0565,14.08,179.8,12.46,14.594,121.1,0
76.34,0.097,20.42,0.78,3.504,29.19,6070.4,3.24,0.0203,14.55,189.0,12.16,14.634,119.3,0
76.53,0.961,22.49,0.67,3.501,27.07,6176.2,2.44,0.0673,15.02,179.5,11.99,15.231,118.6,0
79.92,1.503,21.78,0.48,3.615,27.65,5934.0,0.06,0.0439,15.98,181.3,12.75,15.03,123.3,0
78.23,0.776,20.01,0.41,3.573,29.45,6163.4,2.82,0.0076,14.35,167.6,12.28,15.113,119.3,0
79.89,1.507,21.46,0.65,3.539,31.73,6272.2,1.12,0.0199,15.26,171.0,10.83,14.941,122.1,0
77.87,1.762,22.62,0.55,3.515,29.83,5776.1,2.92,0.022,15.38,173.7,12.14,15.001,121.9,0
79.18,0.685,20.77,0.86,3.486,29.83,5884.6,0.15,0.0175,14.45,161.5,12.08,14.981,114.8,0
77.5,0.808,21.85,0.45,3.486,26.7,6104.0,2.53,0.0278,15.81,161.3,12.2,15.052,114.6,0
76.26,1.267,23.09,0.12,3.598,28.9,6059.0,3.3,0.023,15.81,180.1,13.1,15.361,125.8,0
78.37,0.543,21.77,0.78,3.542,29.18,6024.8,1.51,0.0154,14.51,187.8,11.95,15.073,121.7,0
78.08,0.464,20.6,0.27,3.537,26.66,6167.0,1.17,0.0249,14.75,188.5,12.18,14.937,127.3,0
78.39,1.029,22.25,0.25,3.556,30.76,5991.7,3.45,0.0665,15.17,173.6,10.36,14.999,112.0,0
78.52,0.808,21.92,0.06,3.498,30.87,6019.8,1.91,0.0271,15.46,183.9,12.03,14.933,120.0,0
80.9,1.307,22.05,0.77,3.606,28.44,6127.8,3.94,0.0149,14.73,173.3,10.62,15.2,126.9,0
76.43,1.836,20.58,0.26,3.573,30.99,6214.5,2.19,0.049,15.76,181.1,9.84,14.621,123.0,0
77.93,1.339,22.09,1.57,3.614,28.95,5787.9,4.52,0.0204,15.87,188.4,12.29,14.82,119.1,0
75.19,0.252,22.07,0.3,3.624,29.46,5741.3,1.3,0.0068,14.19,187.4,13.71,14.754,129.3,0
77.83,1.056,22.05,0.01,3.527,28.9,6026.2,4.14,0.0485,14.98,191.3,11.88,15.075,124.8,1
77.59,1.266,21.75,0.03,3.432,29.8,6032.9,3.95,0.0697,16.11,179.6,12.61,14.78,124.6,0
73.33,1.728,21.62,2.17,3.466,26.08,5881.2,4.96,0.0466,13.95,157.9,12.49,14.933,120.4,0
78.94,0.992,21.55,0.0,3.504,29.12,5704.1,2.78,0.0344,14.93,175.9,12.11,14.787,118.3,0
76.81,1.794,22.23,1.69,3.483,30.02,6277.5,3.2,0.1488,15.78,204.3,11.21,15.114,130.6,0
78.88,1.235,22.18,1.04,3.532,31.78,6009.8,1.1,0.0218,14.82,168.3,12.56,15.055,112.6,0
79.53,1.392,21.47,0.01,3.571,28.34,5841.2,3.59,0.0328,15.13,183.9,12.79,15.106,121.0,0
81.32,0.57,22.49,1.41,3.467,28.42,6510.0,2.95,0.0695,15.04,178.7,13.07,15.153,133.7,0
79.9,0.048,21.65,0.53,3.472,32.46,5915.9,0.61,0.0823,15.03,184.8,12.0,14.94,124.5,0
76.85,0.628,21.46,0.15,3.479,29.95,5953.1,2.38,0.0561,14.76,180.2,11.32,15.101,114.7,0
77.76,1.221,21.45,0.09,3.421,30.73,5850.4,1.85,0.0754,15.9,172.6,13.01,14.902,117.1,1
75.52,1.324,20.81,1.48,3.526,31.81,5687.2,4.21,0.0332,14.32,174.1,12.57,15.394,120.6,0
78.76,0.049,22.77,0.08,3.465,29.02,5891.2,2.56,0.0483,15.03,186.3,11.58,14.804,118.9,0
77.09,0.471,21.35,1.14,3.534,30.25,5977.9,1.88,0.0245,14.94,171.4,12.61,15.018,121.7,0
78.31,0.869,21.04,1.3,3.464,29.08,6339.0,2.72,0.0006,14.61,172.5,13.94,14.982,122.6,1
79.37,0.93,21.6,0.52,3.609,29.49,6192.7,3.08,0.0373,16.15,170.9,11.95,14.852,121.7,0
77.61,1.058,22.02,1.81,3.522,29.04,5954.2,2.05,0.0249,15.25,170.8,12.33,15.343,112.9,1
79.46,1.172,21.87,1.15,3.439,30.64,5752.4,3.5,0.0137,15.07,168.7,11.78,14.259,121.2,0
76.92,0.333,20.27,1.15,3.523,28.89,5806.9,3.07,0.0264,14.74,187.2,12.48,15.001,115.7,0
77.07,1.235,22.76,0.33,3.457,29.93,5937.4,3.23,0.0736,15.11,182.4,12.03,15.049,112.4,0
77.95,0.512,21.81,0.32,3.501,27.51,6345.7,1.62,0.0122,14.57,183.5,11.95,15.111,115.7,0
76.57,0.464,23.2,0.19,3.436,31.6,5867.4,1.8,0.072,14.82,194.5,13.26,14.964,119.6,0
78.66,0.842,20.79,1.4,3.512,29.82,6179.5,2.35,0.0301,15.77,184.0,11.6,14.832,125.5,0
80.3,1.028,22.29,0.41,3.476,28.98,5967.1,3.27,0.0236,14.87,186.3,10.38,15.012,120.4,0
78.42,0.433,22.0,0.7,3.557,31.06,6372.7,2.77,0.0007,15.0,199.2,12.2,14.996,115.4,0
78.16,1.324,21.05,0.15,3.456,28.68,6116.9,2.0,0.0977,14.84,175.9,11.02,14.942,121.6,0
77.68,1.173,22.11,0.07,3.516,29.54,6154.2,2.27,0.1261,15.35,184.5,11.95,14.497,121.2,0
78.46,1.136,22.36,0.79,3.523,31.73,6217.7,3.45,0.005,14.43,178.2,11.66,14.507,122.4,0
77.67,0.519,21.72,0.52,3.453,30.11,5676.3,2.99,0.0208,14.88,184.3,12.4,15.157,122.7,0
78.01,1.222,21.45,0.6,3.572,26.56,6032.4,3.45,0.0151,15.48,166.2,11.52,14.902,114.8,0
77.51,0.222,22.35,0.09,3.474,28.96,5930.8,2.79,0.0609,14.9,191.3,11.61,14.679,123.8,0
77.77,1.45,22.83,0.59,3.482,29.76,6217.0,1.9,0.0216,14.86,186.6,13.46,14.858,118.6,1
78.8,0.978,21.73,0.92,3.469,29.1,5988.6,4.06,0.0203,14.88,174.0,13.23,15.114,121.1,0
77.47,0.855,21.76,1.15,3.492,29.74,5974.1,3.07,0.0776,15.95,180.4,11.91,14.93,125.9,0
79.25,0.501,21.88,0.15,3.527,31.61,5922.0,3.24,0.0111,14.62,182.6,12.28,15.28,122.0,0
76.58,2.164,22.19,0.23,3.516,32.16,5807.4,1.53,0.0168,14.56,178.2,11.92,15.387,119.5,0
78.13,0.641,22.92,1.03,3.516,27.23,6291.6,1.96,0.1077,14.44,183.2,11.76,15.265,114.9,1
78.16,1.017,22.07,1.31,3.463,30.9,6000.8,3.02,0.0295,15.45,168.3,12.26,15.03,122.7,0
75.45,0.757,22.6,0.72,3.49,30.86,6024.8,3.96,0.0058,14.06,180.1,12.05,14.969,129.4,0
76.71,1.001,22.2,0.37,3.484,30.89,6148.5,1.89,0.0048,14.87,177.2,11.86,15.373,122.0,0
77.0,1.792,22.27,0.46,3.56,30.62,6105.4,2.06,0.0018,15.71,186.8,11.06,15.249,121.7,0
77.89,0.313,22.83,1.47,3.552,32.29,6233.8,0.77,0.1099,14.84,167.7,13.18,15.042,112.8,0
78.05,1.317,22.29,1.0,3.538,31.21,5741.7,3.03,0.0225,15.26,182.4,11.71,14.749,124.3,0
77.96,0.901,22.95,0.04,3.48,32.46,5965.0,0.93,0.0288,14.52,167.5,12.01,15.128,122.3,0
81.14,0.285,23.07,3.76,3.548,29.21,5905.8,3.18,0.0834,15.18,205.7,10.66,14.888,117.0,0
80.11,0.78,22.42,1.66,3.445,30.76,6300.4,1.67,0.1282,16.08,156.1,10.02,14.769,126.6,0
76.26,0.789,20.68,1.62,3.625,29.99,6263.9,1.72,0.0493,14.01,172.8,13.5,15.278,118.0,0
78.15,1.439,22.09,0.22,3.604,31.67,5811.1,3.94,0.0151,15.17,172.5,12.03,14.762,116.8,0
75.1,1.152,21.8,0.42,3.487,29.67,6189.7,2.99,0.0321,14.45,192.8,11.25,14.942,111.5,0
79.25,0.758,21.51,0.04,3.571,30.67,6335.2,2.24,0.0732,15.51,167.6,12.12,14.902,122.9,0
75.96,0.907,20.58,0.59,3.565,28.28,6291.2,3.4,0.0289,14.24,187.0,13.15,15.447,121.8,0
79.44,0.797,21.7,1.63,3.501,30.42,6382.8,2.26,0.0666,14.96,181.4,11.75,14.851,121.9,0
76.56,1.04,21.62,0.04,3.432,27.02,5679.7,3.82,0.0221,15.1,173.3,10.51,14.929,108.9,0
78.14,1.032,22.18,0.29,3.553,29.16,6110.5,3.98,0.0049,15.28,164.9,13.58,15.657,120.3,0
77.09,0.52,20.99,1.33,3.499,30.15,6142.5,1.94,0.0004,14.47,171.0,10.94,14.918,121.4,0
77.78,1.888,22.82,1.34,3.58,29.1,5945.6,3.95,0.0172,14.06,183.2,10.61,14.737,122.0,1
75.34,0.657,22.95,0.21,3.571,33.45,6480.4,2.17,0.074,15.78,203.6,12.72,15.14,117.3,1
75.67,0.783,23.52,0.23,3.57,29.15,5844.5,1.98,0.0684,15.05,194.6,12.54,15.332,111.2,1
76.79,1.287,21.27,0.01,3.482,29.01,5816.3,4.24,0.1694,14.97,182.4,12.49,15.199,119.6,0
79.46,1.675,21.91,0.76,3.334,29.7,5660.3,0.0,0.0133,15.36,169.1,13.64,15.052,114.9,1
78.97,0.237,20.4,0.01,3.509,32.09,6170.5,1.58,0.0125,15.02,161.6,11.72,14.814,111.4,0
75.45,1.51,21.35,1.85,3.51,29.81,5918.4,3.7,0.0262,16.17,192.2,13.15,15.139,120.8,0
79.15,1.786,21.35,0.22,3.515,30.1,6211.8,3.29,0.0496,15.31,173.1,12.42,14.934,126.7,0
79.61,0.93,22.29,0.54,3.393,29.13,6060.0,2.07,0.0147,15.77,173.7,13.36,14.972,116.5,1
78.03,0.809,22.66,1.41,3.477,29.81,5847.4,1.42,0.0439,15.35,173.9,12.29,15.062,117.1,0
78.58,0.952,21.38,0.08,3.462,29.11,6151.0,2.53,0.0634,14.95,192.9,12.96,15.137,118.8,1
79.45,0.216,22.04,4.11,3.579,28.85,5772.3,0.27,0.0445,12.75,192.6,11.12,15.115,113.6,1
77.49,1.127,21.6,0.15,3.465,29.22,5931.1,3.16,0.0238,14.95,184.9,11.87,15.332,122.2,0
79.37,0.289,22.69,0.26,3.502,29.35,5937.5,4.77,0.0152,14.66,186.2,11.72,14.898,124.8,0
75.46,0.72,21.98,0.61,3.513,29.44,5943.9,3.79,0.1098,14.45,180.3,10.95,14.833,115.0,0
77.41,0.457,22.67,0.29,3.463,27.22,5971.7,4.26,0.0507,14.92,171.0,11.87,15.162,123.4,0
79.11,1.655,20.39,4.66,3.409,32.15,6444.5,1.6,0.1445,14.96,170.8,10.14,14.663,129.9,0
77.91,1.002,21.72,0.03,3.527,27.77,5758.3,1.76,0.0185,14.45,174.0,13.12,15.266,112.5,0
78.76,0.889,22.06,0.24,3.593,29.74,5836.6,2.37,0.0488,14.26,166.3,11.49,15.048,124.7,0
79.55,0.831,23.53,0.42,3.513,29.95,5865.4,4.27,0.0328,14.84,193.6,12.27,15.42,113.2,0
76.24,0.805,20.07,0.36,3.539,32.43,6039.2,4.0,0.019,15.07,170.8,11.72,15.1,117.0,0
76.45,0.893,22.05,0.17,3.497,30.53,6088.4,1.7,0.002,14.28,181.7,12.82,15.124,116.6,0
80.33,2.305,23.06,0.67,3.724,28.55,5901.9,1.08,0.0381,14.98,181.6,13.81,15.556,122.4,0
78.33,0.708,22.1,0.06,3.486,33.21,6017.0,2.85,0.0027,16.04,164.9,11.85,14.709,120.9,0
80.43,0.207,21.92,0.65,3.461,33.41,6666.9,3.53,0.0718,14.67,192.9,13.01,14.57,113.1,0
76.71,0.896,22.11,0.24,3.466,30.53,6141.0,2.07,0.0446,14.94,175.8,11.73,15.17,123.9,0
77.72,0.277,20.67,1.14,3.469,29.56,5972.1,2.64,0.0243,13.9,176.7,11.31,15.164,122.7,0
77.88,1.515,21.15,0.54,3.533,28.89,5826.3,2.8,0.02,14.61,171.3,12.15,14.838,126.5,1
78.43,1.233,22.46,0.3,3.484,31.4,5877.2,2.79,0.0637,15.56,161.4,13.31,14.638,117.6,0
75.66,1.23,21.69,0.03,3.484,32.2,6099.6,2.87,0.0989,14.33,167.0,11.47,15.14,118.1,0
77.0,0.817,20.39,0.05,3.505,31.32,5730.1,2.99,0.0306,14.25,179.3,10.97,14.947,116.2,1
79.65,0.597,21.43,0.88,3.525,30.34,6122.6,2.56,0.0615,14.45,177.7,11.14,15.044,119.3,0
80.07,1.185,21.86,0.14,3.515,30.68,6136.6,1.75,0.0387,15.2,181.1,13.45,15.042,114.4,1
75.72,1.078,22.58,0.13,3.505,31.65,5680.7,2.98,0.1227,14.78,173.7,12.37,15.178,118.7,0
79.37,1.173,21.82,0.61,3.49,30.64,6056.0,2.75,0.099,15.74,169.8,11.35,15.317,128.6,0
77.79,0.45,21.22,0.43,3.536,29.33,5767.5,0.01,0.0164,15.64,196.9,12.39,15.303,121.5,0
78.08,1.146,22.34,0.82,3.444,27.58,5847.3,0.96,0.024,15.74,165.2,11.85,15.377,124.7,0
77.88,0.534,23.86,0.19,3.466,31.64,6182.3,3.66,0.0314,15.97,167.7,11.99,14.707,120.9,1
77.89,1.677,22.57,0.31,3.566,28.8,6148.1,3.03,0.0048,15.76,181.9,10.67,15.292,131.1,0
78.43,1.55,23.17,0.08,3.564,30.57,5932.7,2.8,0.0721,14.59,170.2,12.43,14.984,121.6,0
78.35,0.683,21.1,0.34,3.454,26.52,5853.2,1.63,0.0529,16.27,193.6,13.17,14.866,127.8,0
77.81,1.734,21.64,1.25,3.575,30.94,5545.1,2.08,0.0378,15.56,181.2,12.21,14.937,121.8,0
75.79,0.9,22.32,0.65,3.491,29.99,6202.2,2.79,0.0079,15.05,175.1,12.48,15.349,121.0,0
77.26,1.601,22.0,1.49,3.524,29.58,6154.0,2.77,0.0027,15.11,170.1,11.87,14.752,118.7,0
80.12,0.688,21.93,0.05,3.503,30.8,5951.1,2.41,0.0422,15.83,187.7,12.26,14.956,120.1,0
77.72,1.348,20.54,0.34,3.424,30.46,5980.6,0.53,0.0761,15.81,196.9,10.86,15.204,116.0,1
76.73,0.572,22.6,0.35,3.477,33.63,5813.3,5.3,0.0212,14.05,173.2,11.99,14.901,125.1,1
76.18,0.942,21.48,0.16,3.499,30.28,6048.6,2.31,0.0606,13.97,171.4,13.17,14.774,120.0,0
80.7,0.325,22.48,0.28,3.543,27.93,5971.6,1.03,0.062,14.57,193.7,11.74,15.043,111.8,0
78.86,1.649,21.93,0.12,3.424,29.56,6098.9,1.83,0.0069,14.58,171.1,10.84,15.023,119.6,0
77.63,0.021,22.04,0.68,3.522,29.35,5939.1,2.28,0.0836,13.97,179.6,11.2,15.137,121.4,0
79.15,0.873,21.8,0.96,3.565,30.51,6436.8,0.91,0.001,15.06,188.2,10.54,15.128,112.6,0
78.38,0.924,20.97,0.77,3.472,30.32,6119.4,1.38,0.0225,15.11,176.7,12.31,15.025,113.2,0
78.98,1.413,21.93,4.15,3.535,27.97,6195.4,1.02,0.1604,17.48,195.7,10.99,15.182,121.1,0
75.07,1.319,22.28,0.02,3.528,30.24,5686.4,2.79,0.0761,15.06,172.7,11.6,14.598,109.9,0
78.74,1.504,22.42,0.53,3.493,29.23,5902.4,2.73,0.0392,14.55,188.6,11.23,14.942,123.7,0
79.88,0.017,22.31,0.2,3.45,28.12,6121.6,0.27,0.0638,14.13,184.9,11.48,14.628,130.5,0
76.38,1.222,20.71,1.07,3.53,32.21,6127.4,2.55,0.044,14.57,172.9,12.72,15.356,116.1,0
79.0,0.502,20.58,0.13,3.569,29.67,6252.3,2.6,0.0014,15.1,165.4,11.64,15.045,117.1,1
79.67,0.541,22.7,0.43,3.482,30.22,5886.5,2.85,0.0824,14.97,186.0,11.81,15.146,121.1,0
75.77,0.577,23.05,1.79,3.538,31.51,6284.0,4.46,0.1852,14.29,212.5,13.54,14.703,111.7,1
77.73,1.135,23.31,0.08,3.46,30.12,6027.0,3.35,0.0251,15.31,186.0,10.81,15.103,128.9,0
77.74,1.263,23.51,0.13,3.505,30.89,6048.0,2.76,0.0296,14.76,187.6,11.4,14.981,119.0,0
78.84,0.237,23.27,0.1,3.493,28.89,6084.0,2.58,0.0246,15.32,178.1,11.96,14.845,125.9,1
77.72,0.338,22.17,1.01,3.492,32.27,5855.6,2.04,0.0341,16.78,156.1,11.55,14.645,111.5,0
77.31,1.029,21.29,1.07,3.479,26.38,6100.5,2.86,0.002,15.3,178.5,11.22,15.174,126.0,0
76.57,0.846,22.88,1.22,3.574,31.95,5698.8,4.61,0.0796,13.67,188.6,12.27,14.999,122.3,0
77.93,1.247,21.43,0.07,3.455,28.47,5949.8,2.18,0.0738,15.0,191.5,11.46,14.837,121.1,0
80.86,0.555,21.08,3.54,3.559,30.2,6055.0,3.25,0.049,14.13,163.7,12.82,15.127,127.8,1
78.74,1.142,22.07,0.88,3.47,29.28,6008.9,2.67,0.0337,15.63,164.8,11.67,15.029,122.7,1
74.43,0.387,22.02,0.71,3.457,29.02,5821.2,2.56,0.0337,15.43,172.1,11.91,15.228,127.7,0
76.11,1.065,20.95,0.11,3.554,28.97,6122.9,1.85,0.0807,15.13,187.1,11.75,14.725,114.9,0
75.9,0.822,23.01,0.26,3.524,28.71,6178.8,3.03,0.0512,14.61,184.4,12.58,14.914,120.2,0
78.91,1.116,22.41,0.75,3.451,28.17,6515.2,0.85,0.0832,14.47,176.7,12.89,14.996,119.0,0
81.39,0.948,21.33,0.74,3.48,30.17,5826.6,2.9,0.0487,15.67,180.3,12.7,15.283,116.3,1
78.44,1.36,21.82,0.16,3.512,27.33,5927.6,2.28,0.0934,15.0,175.2,11.32,14.695,123.3,1
79.12,1.479,22.55,0.35,3.578,29.52,5840.2,2.62,0.0019,14.7,199.7,12.52,15.113,112.7,0
76.58,0.192,23.83,0.02,3.482,31.87,5979.5,4.07,0.0051,14.38,166.2,11.3,14.455,127.8,0
76.1,1.523,21.49,0.38,3.542,30.33,6061.1,2.22,0.0963,15.76,172.5,12.58,15.217,116.2,0
79.36,1.056,22.68,0.33,3.493,30.16,6053.9,1.65,0.0064,15.0,176.2,11.87,15.085,124.7,0
78.81,1.648,21.43,0.45,3.623,30.1,5866.2,1.61,0.0483,14.96,173.9,11.35,14.694,119.9,0
77.84,0.848,21.19,0.19,3.552,28.66,6426.8,2.55,0.0281,14.89,184.9,11.71,14.853,128.6,0
78.56,0.758,20.91,0.59,3.457,30.84,5325.7,5.0,0.0269,14.37,185.1,14.19,15.185,131.3,1
75.28,2.092,22.26,0.14,3.527,24.75,6284.2,3.3,0.0033,16.07,142.0,13.11,14.882,127.6,0
77.18,0.74,21.18,0.84,3.572,30.35,5926.3,3.31,0.0531,15.17,167.6,12.47,14.878,122.0,1
78.98,0.992,23.63,0.89,3.521,29.03,5594.5,3.53,0.1972,15.12,210.4,14.28,15.173,120.6,0
80.5,1.363,22.16,0.01,3.473,28.9,5940.2,1.51,0.0493,15.53,186.3,12.63,15.028,121.2,0
79.31,0.912,21.55,0.52,3.56,32.4,6169.8,2.63,0.0698,15.0,186.4,12.09,15.124,121.3,0
79.12,0.785,22.77,0.28,3.439,31.07,6030.4,3.36,0.0364,14.73,186.2,11.01,15.058,122.3,0
81.5,1.904,23.93,0.77,3.546,33.59,5966.0,3.27,0.0276,15.02,180.6,12.56,14.743,120.0,0
78.67,0.727,20.51,0.35,3.418,28.73,6206.1,3.45,0.0183,16.07,186.9,12.28,14.739,117.3,0
78.8,1.173,21.93,1.99,3.471,26.64,5828.1,2.69,0.0314,14.85,191.0,12.69,14.544,122.2,0
79.86,0.983,21.4,0.6,3.416,29.89,5853.9,3.71,0.0003,15.28,184.4,11.37,15.138,119.2,0
76.34,1.064,22.85,1.04,3.5,30.62,5838.9,0.99,0.0527,15.89,181.3,11.27,14.801,110.9,0
78.13,0.978,22.38,0.12,3.505,30.19,6215.6,1.59,0.0538,13.8,174.7,12.52,14.891,114.0,0
78.05,1.131,23.48,1.28,3.538,30.48,5883.4,1.7,0.0426,15.99,182.6,13.15,15.275,123.1,1
79.23,1.173,21.7,0.11,3.541,31.1,5918.5,2.29,0.0758,14.91,173.1,10.17,14.942,120.3,0
77.6,0.765,22.62,2.26,3.538,31.11,5855.8,2.55,0.0714,15.58,172.4,12.04,15.487,128.6,1
74.69,1.761,20.6,0.95,3.559,26.93,6207.3,1.81,0.0429,14.48,187.2,12.67,15.128,120.7,1
77.76,0.592,20.92,0.02,3.466,28.64,6202.5,2.31,0.0225,14.79,171.8,12.45,15.064,123.0,0
76.38,0.331,20.06,0.36,3.472,31.41,5736.9,2.51,0.0696,15.65,197.9,12.39,14.795,120.7,0
77.62,0.018,22.82,0.8,3.59,29.6,6263.1,4.06,0.1276,14.94,164.1,10.92,15.39,116.4,1
78.5,1.017,21.59,0.2,3.53,30.75,5815.7,3.31,0.0219,14.49,180.1,11.59,15.557,125.3,0
76.17,0.929,21.99,0.12,3.518,32.24,5941.7,3.12,0.0526,15.17,176.6,11.29,15.071,119.7,0
77.04,0.033,20.94,2.18,3.598,28.91,6143.3,1.57,0.0429,15.14,182.6,10.99,14.315,117.6,0
76.46,1.699,21.13,1.13,3.476,30.55,5744.8,3.65,0.0737,15.16,177.6,11.86,14.945,117.8,0
77.34,1.877,22.01,0.36,3.522,31.77,6312.2,1.22,0.0049,15.09,186.2,11.9,15.066,124.2,0
79.68,0.566,21.65,0.47,3.574,31.63,6281.0,1.87,0.021,14.87,181.4,12.75,15.115,118.8,0
77.93,0.057,20.18,0.01,3.503,28.34,5876.4,2.56,0.0648,15.45,191.7,12.85,15.043,109.6,0
76.49,0.826,22.36,0.21,3.483,30.34,5967.3,2.14,0.0115,14.8,184.3,12.01,15.21,116.6,0
81.27,0.722,21.53,0.05,3.463,33.2,5851.8,3.12,0.0188,14.79,177.9,12.48,15.136,125.5,0
77.71,1.514,22.39,1.5,3.639,29.01,6086.1,2.09,0.0218,14.68,174.9,12.32,14.965,120.8,1
81.1,0.506,21.86,1.05,3.455,30.66,5867.7,3.13,0.0658,14.45,167.7,11.99,14.893,121.9,0
80.43,0.203,22.8,0.12,3.58,27.86,5994.1,2.45,0.1198,14.81,181.3,11.74,14.963,122.0,0
78.8,1.432,23.07,0.16,3.469,29.12,5805.7,3.36,0.0054,15.46,176.5,11.25,15.229,126.8,0
78.69,0.971,22.46,0.26,3.418,28.82,5919.0,0.02,0.0331,14.38,160.2,12.1,15.001,122.4,0
76.01,0.778,21.55,0.08,3.608,28.91,6170.9,2.94,0.031,14.73,188.7,12.09,15.049,117.7,0
78.29,0.754,20.8,0.78,3.512,30.66,6147.6,1.5,0.0348,14.8,194.5,11.74,14.553,118.8,1
77.64,1.178,21.7,0.43,3.494,31.41,5957.1,3.21,0.0102,15.33,177.1,12.99,14.833,121.9,0
78.62,1.029,23.84,0.02,3.536,31.69,5825.8,3.24,0.0567,13.58,169.6,13.12,15.17,121.6,0
79.11,0.409,22.87,0.47,3.509,31.56,5693.6,2.69,0.0262,15.73,183.9,11.74,14.634,119.6,1
76.04,1.176,19.95,0.07,3.502,28.13,5916.6,2.72,0.0154,15.82,166.6,11.02,14.685,121.5,0
77.86,1.31,22.23,0.77,3.458,30.84,6073.0,3.3,0.0142,15.1,195.4,12.09,14.81,118.6,0
74.99,0.653,21.99,0.03,3.481,30.54,5617.0,3.02,0.0746,15.64,171.9,11.38,15.014,113.2,0
81.41,1.416,22.1,0.27,3.509,30.27,5789.3,2.62,0.0004,14.4,175.4,12.04,15.222,118.5,1
75.86,1.088,22.35,2.58,3.433,31.46,5967.6,2.17,0.023,14.44,175.9,12.63,15.095,122.2,1
77.55,0.917,21.92,0.24,3.528,27.42,6045.3,3.73,0.0601,14.04,190.3,13.04,15.413,122.5,1
75.81,1.7,21.65,0.5,3.501,29.78,5951.9,2.41,0.0106,15.24,179.3,12.89,15.234,118.8,0
77.93,1.916,21.52,0.03,3.541,31.03,5998.7,1.45,0.0079,14.87,185.2,11.03,15.138,118.9,0
76.53,1.973,21.1,1.24,3.41,28.29,6108.7,1.39,0.0715,15.59,187.5,11.56,14.979,127.9,0
74.9,1.449,22.31,0.2,3.563,29.37,5724.4,0.74,0.0096,15.43,170.7,12.17,15.237,121.6,1
79.08,0.894,23.38,0.68,3.477,23.95,6262.5,3.64,0.0765,16.05,196.1,12.72,16.273,120.5,1
78.72,0.883,22.09,0.94,3.561,29.67,5703.0,2.04,0.0771,14.25,185.2,11.5,14.877,117.5,0
76.71,0.015,20.91,1.18,3.656,28.31,6041.5,3.22,0.0906,14.45,160.8,10.36,14.776,132.1,0
78.67,0.697,22.47,0.37,3.547,29.12,5969.5,4.07,0.0326,15.17,178.2,12.44,14.726,118.0,0
76.83,1.327,21.6,0.21,3.492,27.32,6055.9,1.55,0.0157,14.95,171.6,11.2,14.759,117.5,0
79.34,1.5,22.44,0.05,3.507,29.17,6091.0,3.28,0.0272,14.94,185.5,11.63,14.831,116.4,0
77.61,0.536,22.22,0.46,3.461,31.06,5634.8,3.76,0.0494,15.0,185.7,11.24,14.525,121.0,1
79.09,1.469,21.52,0.61,3.511,29.49,6044.0,1.83,0.0724,14.77,178.8,12.49,14.91,121.1,1
80.0,1.32,23.06,0.64,3.444,30.94,6031.9,1.27,0.0869,14.95,183.6,11.46,15.21,128.0,0
78.03,0.481,22.47,0.2,3.448,30.85,6088.4,2.73,0.0512,15.15,168.6,11.64,15.137,124.1,0
75.94,0.829,20.42,4.29,3.618,31.75,6231.6,2.07,0.0569,13.87,183.0,9.85,14.768,136.4,1
78.06,1.524,22.21,0.68,3.411,32.1,5604.2,1.83,0.0377,15.12,170.3,12.84,14.768,119.7,0
78.73,1.535,22.81,0.03,3.513,26.83,5850.3,3.65,0.0548,14.61,178.6,12.32,14.959,125.7,1
78.04,1.019,21.99,0.19,3.495,28.49,6053.4,2.1,0.0084,14.96,183.8,11.45,14.799,119.4,0
74.18,0.073,21.39,0.73,3.517,30.61,5894.6,2.75,0.0047,15.5,175.6,10.92,15.288,119.3,0
78.03,0.879,21.8,0.44,3.454,31.72,6085.9,2.84,0.0187,14.41,188.8,13.32,15.345,118.2,1
78.13,1.743,22.81,0.62,3.438,32.15,6294.8,1.72,0.029,14.78,163.6,11.54,14.92,119.7,0
75.65,1.5,22.97,0.22,3.56,29.9,5938.3,1.66,0.0121,15.44,184.1,10.87,14.776,120.9,0
76.45,1.122,22.43,2.02,3.509,33.07,5983.2,2.42,0.0933,14.46,168.1,11.38,15.291,123.2,1
80.48,0.605,19.89,0.38,3.456,31.28,6305.8,2.85,0.0475,14.26,166.7,10.93,14.451,117.6,1
79.57,0.127,23.02,1.07,3.483,29.62,6025.7,2.45,0.1042,16.1,190.0,12.53,14.654,116.0,1
78.73,1.273,21.6,0.22,3.523,29.63,6143.0,3.11,0.0585,14.7,174.3,10.52,14.906,119.8,0
80.75,1.787,21.93,0.13,3.531,32.03,5939.0,1.67,0.0113,14.58,178.0,11.17,15.49,115.2,0
78.65,1.588,22.3,0.88,3.489,28.93,5937.7,2.41,0.0416,16.01,187.2,13.1,14.854,124.6,0
78.3,0.636,22.06,0.23,3.539,30.46,5942.9,2.48,0.0369,14.56,194.9,13.11,15.012,119.9,0
81.67,0.879,21.1,0.14,3.533,29.89,6417.2,3.37,0.0633,14.97,179.8,11.1,14.775,118.0,1
78.05,1.75,21.01,0.8,3.502,30.08,5984.7,3.6,0.0765,14.6,161.6,11.62,15.417,114.7,0
79.55,0.74,21.47,0.04,3.471,27.19,5925.2,2.86,0.0589,14.63,181.5,11.72,15.14,123.5,1
78.22,1.162,22.86,0.93,3.583,30.29,6066.3,2.31,0.017,14.35,183.2,11.55,15.162,111.7,0
77.0,1.148,22.14,1.07,3.472,29.44,5874.4,2.58,0.0064,15.51,171.0,11.65,15.104,115.4,0
76.35,1.213,22.08,0.11,3.46,30.23,6196.4,1.7,0.0657,15.03,169.6,12.09,14.816,120.9,1
78.11,1.455,21.39,0.25,3.433,32.05,6029.7,1.13,0.1011,15.44,176.7,12.57,15.104,120.9,0
79.8,0.455,20.96,0.07,3.468,29.45,6255.8,2.01,0.0104,15.36,186.1,13.03,14.689,111.4,0
78.12,1.591,23.26,0.38,3.618,29.93,5914.5,1.74,0.0104,15.2,169.0,11.3,15.094,112.1,0
78.13,0.979,20.9,0.93,3.47,31.46,5785.3,2.53,0.0051,15.58,184.3,11.97,14.777,121.4,0
79.78,1.277,20.9,0.01,3.601,28.34,6028.3,1.96,0.0589,14.9,186.8,11.39,15.035,116.5,0
79.19,2.293,23.21,1.46,3.471,27.54,6160.1,2.92,0.06,15.53,165.7,12.05,15.196,117.4,0
75.79,1.007,22.14,0.5,3.428,31.09,6024.3,2.45,0.0328,15.04,160.9,11.82,15.112,120.0,0
80.17,0.209,22.27,0.05,3.465,25.33,6132.8,0.37,0.0398,15.03,164.2,11.26,14.825,120.4,0
80.08,1.392,21.86,0.44,3.568,28.49,5744.6,4.12,0.0325,14.94,182.5,13.44,15.305,117.3,0
78.64,0.725,22.24,0.21,3.454,30.78,5888.7,2.44,0.0747,14.64,166.1,12.2,15.011,116.6,0
76.23,0.516,21.77,0.48,3.547,31.19,5852.7,1.72,0.0118,15.58,178.0,10.33,15.107,117.4,0
77.31,1.538,21.65,0.92,3.454,26.24,5922.0,3.63,0.0772,14.91,179.2,11.51,15.065,126.0,0
75.85,1.178,22.05,0.44,3.476,29.81,5886.6,1.66,0.0093,14.36,181.7,11.92,15.165,120.6,0
79.08,0.628,21.05,0.77,3.484,30.3,5773.7,2.15,0.1074,14.4,180.7,13.67,14.93,110.0,0
73.9,0.726,20.96,1.88,3.642,30.87,5997.4,2.06,0.0072,14.84,166.8,10.56,15.004,121.3,0
77.59,1.1,21.73,0.17,3.535,31.78,5745.1,4.26,0.0888,14.45,181.3,12.86,15.217,114.1,0
79.23,2.047,20.85,0.64,3.465,29.47,6106.6,2.03,0.1732,14.34,171.3,11.63,15.112,114.7,1
77.06,0.858,21.74,0.37,3.546,28.47,5847.1,1.07,0.0281,15.27,182.0,11.88,14.989,126.0,0
79.87,0.629,22.92,0.36,3.399,26.17,6143.3,1.08,0.0451,15.67,171.1,12.53,15.309,113.2,1
78.63,0.968,22.34,0.62,3.511,29.2,5941.2,3.93,0.0553,15.62,192.2,10.14,15.269,116.6,0
77.87,1.212,22.01,0.48,3.538,31.27,5985.4,2.05,0.0714,15.02,186.9,12.42,14.803,122.2,0
78.23,0.774,21.14,0.29,3.505,28.58,5916.4,2.99,0.0224,15.23,174.6,12.96,14.895,121.0,0
76.4,1.438,21.66,0.03,3.413,30.21,6200.0,1.75,0.0982,14.5,184.2,12.23,15.125,122.0,0
79.81,1.476,21.22,1.41,3.541,30.45,5742.9,2.42,0.0438,15.31,171.7,11.76,14.771,124.8,0
79.79,0.434,21.63,0.4,3.417,32.69,6010.0,1.85,0.0044,15.16,193.0,12.63,15.228,124.9,0
78.17,0.431,22.4,0.84,3.51,30.56,5994.4,1.46,0.0023,14.86,178.0,12.51,15.097,124.6,0
77.95,0.537,21.79,0.35,3.465,29.92,6234.4,3.54,0.0282,14.93,193.6,12.29,15.041,125.2,0
78.57,0.988,22.73,1.03,3.476,29.53,6158.9,1.56,0.0208,14.86,165.6,11.74,15.06,117.0,0
78.72,1.328,21.9,1.24,3.486,31.62,6095.3,3.02,0.0552,15.01,176.4,13.07,14.974,115.9,0
77.61,1.403,22.88,0.97,3.582,30.8,5922.6,2.88,0.0075,14.62,168.7,12.09,15.39,125.6,0
78.01,0.551,21.67,0.17,3.467,31.42,6181.3,1.77,0.0384,15.83,175.9,12.29,15.357,122.1,0
77.99,0.153,21.4,0.28,3.504,31.3,5783.8,3.98,0.0035,15.43,189.6,12.16,14.791,124.7,0
81.09,0.913,21.92,0.56,3.466,30.49,5847.4,2.27,0.0132,15.19,188.0,12.12,15.004,114.7,0
76.86,1.438,22.11,1.21,3.478,29.27,5867.9,1.84,0.0988,15.41,178.4,12.34,14.95,121.0,0
77.47,0.723,21.79,0.16,3.488,31.19,6041.5,3.02,0.1035,15.57,184.8,11.97,14.912,115.0,0
80.08,1.484,22.19,0.25,3.594,28.64,6029.7,2.41,0.0425,15.09,162.5,12.01,14.731,116.1,1
79.69,0.919,22.04,1.73,3.588,26.89,5745.9,2.42,0.0963,14.55,189.9,11.65,15.315,121.3,1
76.45,1.169,20.97,0.03,3.523,28.98,5917.5,3.03,0.0346,14.76,190.6,11.78,14.736,119.3,0
79.96,1.191,23.27,3.69,3.498,29.65,6107.3,1.27,0.0197,16.75,163.1,11.81,15.037,121.0,1
78.05,1.55,21.5,0.24,3.4,29.31,5725.9,3.58,0.0559,15.03,176.5,12.6,14.881,123.0,0
74.81,1.684,20.56,1.61,3.526,30.5,6027.3,1.95,0.0183,15.5,165.9,12.17,15.154,114.3,0
78.0,1.547,21.3,0.28,3.496,30.69,6246.4,1.85,0.0957,15.14,191.8,11.98,15.166,118.8,0
77.37,0.365,22.07,0.04,3.477,30.79,6077.2,3.31,0.0191,15.28,181.4,12.46,14.981,128.2,0
77.78,1.4,20.93,1.4,3.515,30.8,6061.1,2.3,0.0368,15.4,182.2,11.29,14.636,125.3,0
77.8,0.661,22.09,0.04,3.496,28.95,5984.3,2.85,0.025,14.96,181.3,11.55,15.21,117.0,0
80.13,2.041,20.65,0.34,3.484,27.22,5942.2,1.93,0.0514,15.07,173.0,11.35,14.92,125.4,0
77.03,1.21,22.16,0.86,3.477,28.26,6221.0,3.71,0.0126,15.33,172.3,11.14,15.206,120.1,0
76.94,0.874,21.97,0.81,3.436,29.83,6184.0,0.98,0.0657,14.8,174.0,12.01,14.741,121.8,0
77.38,1.222,23.28,0.35,3.422,30.28,6174.0,1.24,0.0001,15.25,196.5,12.67,15.114,122.3,1
77.51,1.029,20.74,0.92,3.553,30.78,6160.9,0.27,0.0872,14.85,160.1,11.91,15.106,123.9,0
79.9,0.927,21.57,0.66,3.424,28.83,5977.2,2.64,0.0425,15.23,178.5,11.8,15.046,118.5,0
79.25,1.166,21.65,0.33,3.491,31.03,6168.5,2.2,0.0328,15.13,176.6,12.44,15.094,116.7,0
80.91,1.035,20.9,0.11,3.33,38.17,6249.4,0.43,0.0931,16.01,198.2,11.58,14.517,116.0,0
76.07,0.851,21.58,0.52,3.515,27.9,6262.9,4.54,0.1394,15.61,174.4,12.06,15.663,114.7,1
76.98,2.245,21.56,1.44,3.416,34.56,5612.0,1.62,0.0291,15.65,186.8,9.86,15.388,125.4,0
78.1,0.928,21.28,0.67,3.559,30.15,5987.1,2.97,0.016,14.19,180.5,11.39,15.195,123.0,1
78.48,0.582,21.59,0.56,3.523,30.37,5768.9,2.05,0.0814,14.88,168.3,11.85,15.243,122.5,0
76.55,0.469,22.07,0.22,3.425,30.4,5800.6,2.32,0.0956,15.05,175.6,11.92,14.872,121.3,1
77.49,0.772,21.5,0.41,3.506,29.56,6249.0,0.92,0.0157,15.64,171.2,10.69,14.73,123.9,0
77.35,1.749,22.62,0.97,3.391,30.2,5830.6,2.56,0.0726,14.95,173.4,13.19,14.805,116.7,0
75.92,0.659,22.48,0.01,3.556,34.44,6333.7,2.2,0.0079,15.33,175.4,12.35,14.797,114.3,0
78.53,1.501,21.43,0.8,3.487,30.09,5592.4,3.65,0.0357,15.51,183.0,12.46,14.951,119.0,0
76.43,0.87,21.61,0.11,3.528,30.75,5598.7,2.97,0.0031,15.01,170.3,12.64,15.181,128.0,1
79.06,1.745,21.63,0.59,3.514,31.36,6013.0,2.56,0.081,14.65,183.9,13.01,15.25,125.1,0
78.92,0.894,23.04,0.01,3.557,29.29,6143.2,2.32,0.0176,15.35,181.4,11.24,15.087,113.1,1
77.05,0.874,21.07,0.08,3.498,30.76,5639.6,3.23,0.0114,15.64,175.7,12.2,14.928,124.5,0
77.71,1.848,21.17,0.13,3.479,28.28,6047.0,2.4,0.0018,14.45,193.5,12.01,14.725,119.0,0
76.3,1.715,20.79,1.8,3.594,28.91,6128.5,2.67,0.0978,13.28,176.9,12.82,14.965,126.1,1
76.8,1.109,22.2,0.26,3.4,32.06,5992.6,2.94,0.2627,13.36,166.4,13.82,14.978,115.9,1
80.06,0.767,21.97,0.39,3.503,31.11,6186.9,2.69,0.0183,15.54,174.7,11.85,15.179,120.9,0
75.68,1.356,22.58,0.21,3.543,28.9,5948.8,1.44,0.0204,15.0,186.2,11.86,14.7,118.0,0
81.0,1.142,22.39,0.41,3.537,29.79,6009.6,2.39,0.1032,15.68,190.9,12.63,15.188,114.5,0
80.35,0.04,21.58,1.59,3.556,29.66,6124.7,0.14,0.0016,15.13,193.1,12.53,15.054,117.4,0
77.88,1.484,22.56,0.02,3.448,31.19,6349.8,2.77,0.0468,15.34,178.7,11.4,15.073,123.1,0
78.05,1.273,23.14,0.03,3.56,30.4,5976.6,3.13,0.0657,14.61,180.7,12.0,14.877,123.6,0
79.35,0.827,22.2,1.16,3.516,30.92,6178.5,2.49,0.0152,14.24,178.7,11.78,15.162,116.3,1
80.25,1.87,22.14,2.78,3.489,27.26,5893.0,2.2,0.0849,15.36,178.4,12.67,14.805,116.1,0
78.27,1.117,20.82,1.35,3.462,28.09,5770.6,1.64,0.0137,15.01,175.1,11.95,14.898,119.2,1
77.2,0.498,22.05,1.23,3.468,28.37,6065.9,2.87,0.0293,14.18,180.5,11.24,15.052,119.1,1
76.57,0.793,22.38,0.08,3.508,31.31,6157.5,1.03,0.02,14.46,172.0,12.45,14.921,118.8,0
80.07,0.776,22.29,1.09,3.443,30.06,5870.0,1.91,0.0065,15.44,186.1,11.59,14.847,121.7,0
77.15,1.617,21.79,0.1,3.495,29.46,6221.1,1.82,0.0215,14.03,184.1,11.78,14.968,121.8,0
80.12,0.541,19.8,0.32,3.616,29.96,6162.7,3.46,0.0114,15.08,172.2,11.68,15.095,119.3,1
79.0,0.603,21.76,0.03,3.486,31.56,5900.0,3.59,0.0285,14.93,175.9,12.22,14.704,121.6,1
77.28,1.616,22.6,0.48,3.623,30.85,5841.6,3.99,0.2094,14.43,176.3,14.23,15.441,127.3,0
76.0,0.612,23.86,0.09,3.53,28.01,5772.1,2.01,0.0321,15.01,181.2,11.6,15.019,111.8,0
80.88,1.729,21.34,1.74,3.529,29.47,5944.7,1.69,0.0609,15.49,184.8,10.77,15.482,122.8,1
78.0,1.325,22.14,0.56,3.509,30.85,6124.2,2.82,0.068,14.89,173.7,11.48,15.043,121.2,0
74.95,1.105,22.15,0.8,3.554,28.02,5852.1,3.01,0.0087,15.18,172.0,12.03,15.081,123.0,0
78.42,1.121,22.61,0.46,3.457,30.97,6226.7,3.25,0.0187,15.26,189.4,11.04,15.454,118.3,1
76.59,0.915,21.63,0.51,3.609,29.16,6170.7,0.01,0.0314,15.17,177.2,13.46,15.219,120.4,1
78.59,1.511,22.83,4.47,3.483,33.11,5983.5,4.3,0.0103,15.54,182.9,11.84,14.949,123.3,1
78.77,0.566,20.23,1.37,3.484,33.06,5867.2,3.47,0.0257,14.51,175.0,12.59,15.364,128.8,0
77.92,2.205,21.66,1.08,3.532,30.59,6192.2,2.49,0.0764,14.9,180.8,11.96,15.028,118.7,0
76.77,1.611,21.74,0.17,3.532,29.87,5846.1,2.91,0.0785,15.55,180.5,10.95,14.997,114.3,0
77.33,0.735,22.03,0.05,3.53,30.53,5933.3,1.09,0.0104,14.67,171.1,11.3,15.137,124.3,0
74.99,0.461,21.83,0.72,3.533,29.12,5778.1,1.32,0.0152,15.01,171.5,11.74,14.921,124.2,1
78.46,0.195,22.0,0.08,3.544,28.08,5969.1,3.94,0.0288,14.86,178.9,12.18,14.837,119.0,0
76.09,1.327,20.89,0.24,3.48,30.48,5813.1,3.03,0.0376,15.5,171.5,11.47,14.691,121.1,0
80.61,1.176,21.26,0.63,3.534,27.2,5860.0,1.26,0.0331,14.47,163.6,11.96,14.908,122.1,0
79.71,1.135,21.57,0.58,3.462,33.9,5922.0,4.38,0.0442,14.65,190.2,12.88,14.946,121.5,0
77.62,0.916,21.24,0.21,3.472,30.3,6195.2,3.22,0.1009,14.98,194.7,12.35,15.073,115.4,0
77.88,0.63,21.64,0.31,3.534,31.27,5753.3,2.11,0.0688,14.93,184.2,11.79,14.905,120.7,0
79.29,2.219,21.21,1.39,3.545,28.52,5924.9,2.91,0.0477,14.45,172.8,12.09,15.411,115.1,0
77.35,0.98,21.26,0.07,3.413,29.94,5845.3,2.66,0.0286,15.08,189.6,11.05,14.926,117.9,1
79.96,1.654,23.15,0.11,3.526,29.01,6089.0,2.94,0.0078,14.4,167.7,10.38,14.87,117.7,0
76.11,0.56,21.26,0.21,3.496,31.21,5821.7,2.46,0.0077,15.72,169.2,11.37,14.742,117.7,0
81.43,1.182,22.41,0.1,3.412,31.06,6118.0,3.88,0.0118,14.58,172.3,11.74,14.922,123.5,1
82.19,0.91,21.14,0.12,3.52,27.24,6206.2,3.42,0.0602,14.09,170.7,11.67,15.002,124.4,0
78.3,0.995,21.66,0.02,3.47,29.08,5769.1,1.5,0.0745,15.98,185.6,11.52,14.913,120.8,0
79.6,1.573,22.87,0.47,3.45,28.28,5976.1,3.51,0.0334,15.33,180.9,11.82,14.922,118.1,0
77.54,1.921,22.49,0.94,3.57,26.04,5780.4,4.52,0.0166,14.89,184.4,14.49,14.448,117.9,1
79.49,0.282,22.21,0.28,3.409,30.66,6118.5,2.74,0.0001,15.0,172.9,12.62,15.036,117.7,0
78.62,1.545,22.49,0.58,3.482,28.55,5817.1,4.06,0.0648,14.95,186.3,12.17,14.912,117.3,0
77.52,1.2,22.58,0.88,3.523,29.86,5837.7,4.2,0.022,14.78,188.9,11.29,15.138,109.9,0
78.63,0.782,21.89,1.31,3.599,27.65,6185.5,1.73,0.0067,15.17,169.6,12.4,14.735,114.1,1
79.67,1.217,21.64,0.67,3.572,30.77,5965.2,2.42,0.014,14.55,190.7,12.46,15.076,127.0,0
78.51,0.811,21.89,0.96,3.382,31.73,5984.4,2.11,0.0119,15.07,190.3,12.6,15.182,127.3,1
78.63,0.909,22.71,0.01,3.516,31.51,5748.4,1.92,0.0111,15.29,168.0,12.3,15.138,116.9,0
78.93,0.958,21.76,1.28,3.581,31.32,6035.3,2.12,0.0489,15.29,189.8,12.93,14.786,124.4,0
78.37,1.526,20.91,1.94,3.444,31.06,5978.1,2.73,0.1316,14.34,187.7,11.97,15.01,114.2,0
77.43,1.401,21.42,0.27,3.479,28.9,5913.2,2.3,0.0363,14.6,179.9,12.46,15.087,115.2,0
79.53,0.864,21.44,0.3,3.518,29.05,5770.8,1.66,0.0026,14.72,180.0,11.76,15.096,115.8,0
75.46,1.122,21.9,4.27,3.563,29.12,6080.7,2.54,0.0368,15.19,168.9,12.62,15.268,122.3,0
75.1,0.546,20.11,0.66,3.536,30.39,5994.7,2.63,0.0356,14.48,176.6,11.13,14.704,133.1,0
79.0,1.783,23.31,1.1,3.561,30.78,5797.2,4.42,0.0484,15.29,172.5,12.76,15.045,116.2,0
77.79,0.893,22.25,0.8,3.544,32.49,6003.0,2.5,0.0536,14.89,179.9,11.0,15.258,117.2,0
79.57,0.719,22.15,0.4,3.443,33.31,6119.0,0.03,0.0081,14.81,180.4,11.02,14.827,124.3,1
77.63,0.146,22.3,1.32,3.535,28.58,6262.9,2.33,0.0092,16.1,176.8,12.09,15.121,120.1,0
79.41,0.515,20.86,0.42,3.528,33.12,5897.5,3.79,0.0098,15.14,178.2,12.52,14.877,116.0,0
77.4,0.326,21.38,0.83,3.551,29.35,6079.7,2.43,0.0252,14.95,180.6,10.86,15.193,121.1,0
82.19,0.53,21.62,0.25,3.453,27.85,5649.3,2.94,0.0006,15.54,172.4,10.28,14.667,124.3,0
78.93,0.942,22.65,0.01,3.521,28.62,6206.7,2.55,0.1063,15.21,184.1,10.8,15.012,120.9,0
80.02,0.941,20.57,0.99,3.522,31.39,6188.5,1.74,0.0038,14.67,180.7,12.47,14.925,119.4,0
77.25,0.851,22.84,0.0,3.448,27.72,5601.0,0.89,0.0514,14.91,166.1,11.95,15.04,116.3,0
75.41,1.112,23.3,1.55,3.493,30.69,5477.0,0.34,0.0252,15.78,181.8,11.18,15.274,114.3,0
80.87,0.699,23.16,1.54,3.473,33.02,5894.9,2.88,0.0636,15.33,178.4,11.29,15.01,111.8,0
79.49,2.273,22.19,1.08,3.498,30.72,6258.4,4.02,0.0849,15.43,173.7,12.42,14.886,115.7,0
79.86,1.276,22.02,0.48,3.436,28.93,6380.0,3.19,0.0558,14.99,183.3,12.34,15.193,121.5,1
77.51,0.769,22.08,0.76,3.384,31.82,5868.7,3.07,0.0065,15.36,187.2,11.26,15.115,110.5,1
78.33,1.086,21.48,0.13,3.531,30.41,5956.7,2.69,0.0565,14.57,164.6,11.22,15.042,121.0,0
78.73,1.529,22.77,0.05,3.428,28.72,6263.5,0.76,0.0121,14.63,184.6,12.07,14.633,123.0,0
78.46,1.514,22.86,0.11,3.423,28.64,5984.5,6.09,0.0229,16.66,166.8,15.23,15.02,127.5,1
77.24,0.85,21.6,0.57,3.489,27.59,6009.2,3.25,0.0039,14.84,169.4,11.77,15.076,122.5,0
79.26,2.028,22.34,0.97,3.485,28.5,5987.6,0.92,0.0047,14.83,171.6,11.38,14.799,118.0,0
77.86,0.973,22.13,0.04,3.549,30.71,5960.1,2.75,0.0076,15.53,180.1,11.52,14.919,117.9,1
75.41,0.813,22.24,1.79,3.427,29.64,6154.7,2.95,0.0404,15.76,183.6,12.14,14.803,114.5,1
77.69,1.495,22.22,0.94,3.443,27.67,6079.4,1.17,0.1079,14.19,173.6,12.68,14.393,122.4,0
72.67,1.953,21.17,0.02,3.445,28.94,6212.4,3.83,0.0682,14.86,202.1,11.89,15.119,126.2,0
78.96,1.615,22.14,1.0,3.574,29.64,5823.3,3.62,0.0297,15.34,175.9,13.35,14.897,112.9,1
77.6,1.285,22.28,0.25,3.513,31.24,5880.4,3.97,0.0211,14.73,178.2,10.41,15.044,123.7,1
77.42,1.718,23.06,0.24,3.53,31.08,6485.6,2.26,0.1034,15.2,187.2,12.22,15.714,115.6,0
76.0,1.584,23.24,0.05,3.486,29.96,5870.5,2.16,0.0079,14.35,174.2,11.71,15.015,121.5,0
77.75,1.715,22.61,0.55,3.56,29.91,6114.9,2.21,0.067,14.17,167.2,11.93,14.517,126.2,0
77.65,1.132,22.66,3.48,3.541,26.77,5496.9,3.94,0.0015,16.26,168.1,11.96,14.807,124.4,0
75.46,0.864,22.09,0.33,3.482,30.02,5960.9,3.61,0.0183,16.24,167.6,10.41,14.302,117.4,0
80.25,1.618,21.68,0.63,3.4,30.54,5701.9,1.67,0.0317,14.79,190.0,13.1,15.271,127.6,1
78.25,0.576,22.55,0.66,3.532,27.8,6087.9,3.69,0.0011,14.61,175.0,11.58,14.801,119.8,0
82.09,1.501,20.73,0.29,3.466,31.61,6017.1,4.24,0.0622,13.61,175.1,11.4,14.784,122.4,1
77.98,1.419,21.66,1.01,3.457,29.14,6252.2,3.32,0.0182,15.5,170.8,12.8,15.072,119.4,0
76.37,1.141,22.07,0.07,3.5,30.25,6122.7,3.8,0.0209,14.6,186.1,11.16,15.503,120.7,0
81.33,0.082,21.16,0.32,3.458,29.14,6009.6,2.73,0.007,14.27,183.3,11.32,14.767,113.1,0
77.6,0.593,23.23,0.37,3.471,29.87,5785.2,0.89,0.068,14.52,165.9,10.63,14.753,117.3,0
77.03,0.601,22.77,1.0,3.552,30.35,5715.3,3.29,0.0002,15.31,189.7,11.63,14.971,118.8,0
80.08,1.119,21.63,0.68,3.531,29.66,6082.1,2.13,0.0578,15.36,177.0,10.39,14.852,120.2,0
79.91,0.591,22.78,0.01,3.552,32.01,6021.8,2.28,0.0238,15.42,174.0,13.1,14.715,125.1,1
79.61,0.02,21.81,1.89,3.426,30.43,5764.6,2.11,0.0595,14.87,179.5,12.18,14.96,117.7,0
79.13,1.087,22.89,0.07,3.469,29.95,5556.2,1.47,0.0506,15.2,175.4,11.87,14.362,119.8,0
77.4,1.517,21.31,0.55,3.459,29.22,5988.0,1.48,0.0264,15.32,180.9,12.4,14.842,117.9,0
77.47,0.193,21.78,0.96,3.481,31.28,6402.4,2.02,0.0142,15.62,174.2,13.23,15.044,116.9,0
79.17,1.673,23.0,1.27,3.435,29.5,6104.6,3.08,0.0271,15.1,183.2,12.35,14.599,130.1,0
78.84,0.485,21.5,0.78,3.583,30.32,5999.0,4.24,0.0605,14.65,183.4,11.8,14.869,122.0,1
75.87,0.832,22.19,0.28,3.436,30.6,6223.8,2.05,0.0111,15.0,184.0,12.03,15.168,111.0,0
78.23,0.363,21.89,0.84,3.568,30.95,5899.7,0.01,0.0868,14.84,163.1,11.29,14.847,118.7,0
79.81,1.763,22.23,0.91,3.446,30.06,6316.9,2.95,0.0675,15.06,169.6,11.81,15.015,120.7,0
77.92,1.389,21.91,0.04,3.614,30.28,6151.3,4.51,0.0119,15.62,184.6,13.01,15.034,117.5,0
76.41,1.755,20.86,0.27,3.557,28.5,6052.4,2.06,0.047,14.4,186.9,12.08,14.746,124.5,0
81.02,1.523,20.81,0.8,3.553,28.76,5988.1,3.34,0.0267,15.01,194.6,11.96,15.066,127.9,1
77.51,1.514,21.12,0.13,3.474,28.42,6071.4,2.65,0.0376,14.76,189.0,11.57,14.826,117.3,0
75.61,0.358,22.67,0.19,3.512,32.06,5875.3,3.6,0.0429,15.99,182.1,12.35,14.913,120.2,0
76.01,1.488,22.23,0.11,3.517,31.13,5918.5,1.89,0.1115,13.64,193.7,12.68,14.98,117.1,0
78.77,1.863,22.08,0.22,3.574,29.98,6063.7,5.3,0.0351,15.41,167.8,12.42,15.417,136.0,0
76.22,0.509,20.87,0.2,3.467,27.83,6038.6,2.7,0.0172,15.15,172.4,11.95,15.028,118.6,1
80.64,1.284,21.61,0.06,3.568,26.78,6069.9,2.87,0.0114,15.21,171.8,10.72,14.991,114.5,1
78.94,0.949,20.86,0.73,3.545,31.28,5937.1,2.11,0.0086,14.59,187.6,11.44,15.441,128.1,0
78.57,0.871,23.63,0.48,3.484,30.39,5973.2,2.14,0.0272,14.45,180.7,12.38,15.157,122.0,0
78.0,1.304,20.91,0.43,3.528,30.53,5935.3,2.01,0.0091,15.18,174.2,11.29,14.965,118.3,0
76.75,1.474,22.43,0.01,3.578,31.85,5993.4,0.43,0.0401,15.3,182.1,11.47,15.197,123.3,0
77.38,2.042,21.2,1.8,3.451,27.15,5906.2,2.3,0.0381,15.07,167.7,13.5,14.967,119.1,1
76.11,1.341,23.3,0.1,3.474,28.04,6063.8,3.66,0.0546,15.56,179.1,11.74,15.215,120.0,0
78.61,1.445,21.38,1.99,3.646,32.12,5615.8,2.97,0.0386,14.68,179.7,12.17,15.033,124.6,0
76.99,0.993,21.4,0.5,3.487,30.12,5984.3,2.35,0.0877,14.68,159.0,11.89,15.21,113.5,0
75.32,1.33,21.85,0.91,3.444,29.53,6038.5,2.56,0.023,15.16,192.8,10.74,14.781,119.5,0
75.86,1.282,22.45,0.37,3.438,29.78,6027.2,2.52,0.032,15.56,176.1,11.72,14.931,120.5,0
81.71,0.511,24.2,1.33,3.528,28.75,6241.8,3.77,0.0774,14.94,180.5,13.07,15.288,119.9,0
78.22,0.618,22.33,0.29,3.507,30.57,6092.8,2.44,0.0015,14.87,177.8,12.29,14.886,117.2,0
77.89,1.507,22.26,0.2,3.463,31.4,5858.9,3.36,0.0327,15.06,180.4,12.88,14.971,120.8,0
75.83,0.479,20.69,0.69,3.475,27.66,6087.7,0.87,0.0484,15.05,177.0,12.54,14.885,118.3,0
78.8,0.729,20.83,1.15,3.421,28.62,6085.0,2.21,0.0232,14.98,175.6,11.57,14.789,120.0,0
77.2,1.577,21.29,0.21,3.515,32.3,5901.1,2.03,0.0052,14.93,193.8,11.74,15.218,119.3,0
78.55,0.244,21.66,0.3,3.506,29.9,5974.4,1.76,0.0365,14.4,177.5,12.31,15.3,125.5,0
79.28,1.277,22.32,4.17,3.388,33.33,6164.9,1.08,0.0685,14.44,180.8,12.39,14.702,107.7,0
76.24,1.525,22.43,0.25,3.378,30.98,5578.1,5.05,0.0289,15.53,179.0,12.38,15.662,114.1,0
84.09,1.698,23.36,1.64,3.548,27.54,6361.0,5.1,0.0516,14.45,193.6,12.86,15.32,103.5,0
75.59,1.431,21.54,0.01,3.512,31.49,5895.3,3.38,0.0207,15.07,165.0,12.68,14.774,121.1,0
81.56,0.115,20.34,0.19,3.487,31.89,6237.1,1.78,0.0227,15.52,185.2,13.04,15.374,120.0,0
79.71,1.165,23.13,0.3,3.523,29.73,6438.1,1.83,0.0532,14.8,180.4,11.78,15.082,127.1,0
77.03,1.034,21.73,0.45,3.521,28.34,6181.0,1.97,0.0425,14.63,173.6,11.36,14.832,122.6,0
76.43,1.562,22.03,1.56,3.561,27.65,5893.2,4.06,0.0892,15.14,183.9,11.67,15.083,122.9,0
79.42,2.012,21.11,0.07,3.456,30.37,5997.9,1.69,0.0454,15.2,182.7,12.0,15.297,116.5,1
79.63,1.048,20.53,0.49,3.442,31.05,5673.7,3.57,0.044,15.11,171.9,12.92,15.216,119.7,1
77.53,1.548,22.68,0.65,3.521,30.64,6143.2,1.59,0.0034,16.03,179.3,11.59,14.898,115.1,1
77.04,0.539,22.37,0.55,3.573,31.08,6174.1,1.87,0.0452,14.42,192.5,12.51,15.113,127.4,1
79.59,1.546,22.73,0.5,3.434,30.21,6179.0,0.62,0.0107,14.82,181.1,11.54,14.599,118.2,0
78.56,1.646,21.97,0.54,3.442,31.0,6341.0,3.27,0.064,15.05,188.2,11.56,14.857,123.4,0
78.18,1.259,20.96,0.05,3.467,30.84,5689.2,0.6,0.0632,15.45,174.6,12.35,14.874,119.6,0
75.85,1.333,21.78,0.33,3.556,30.21,6318.1,2.56,0.034,15.05,186.9,11.36,14.942,115.7,0
74.05,1.569,23.53,0.24,3.375,30.97,5660.8,2.05,0.056,15.7,182.3,13.53,15.023,108.7,0
76.7,1.401,21.43,0.17,3.492,27.4,6015.9,2.77,0.0469,15.47,176.9,12.54,15.029,114.6,0
77.63,0.422,22.95,0.39,3.483,30.22,6208.5,3.43,0.0342,15.2,167.1,12.45,15.016,122.2,0
76.28,0.653,21.79,0.32,3.5,31.56,5891.5,1.85,0.0065,14.44,183.2,12.11,14.846,114.0,0
77.96,0.786,21.74,0.16,3.532,32.22,5992.4,3.04,0.0306,15.33,180.7,11.62,15.126,118.0,0
78.72,0.652,22.27,0.08,3.448,28.68,6052.4,1.35,0.021,15.07,179.9,12.61,15.048,117.0,0
77.33,0.175,22.92,0.06,3.63,30.74,5867.4,1.14,0.079,14.75,176.6,12.78,15.847,109.6,0
79.79,0.792,22.01,0.75,3.582,32.1,6210.8,1.43,0.0363,15.18,194.2,12.14,15.354,123.8,0
77.05,1.044,22.14,1.22,3.447,30.03,5972.2,3.2,0.062,14.94,159.5,13.1,15.017,121.0,0
78.95,0.403,21.96,0.6,3.499,28.95,5898.1,4.52,0.0563,16.02,182.5,12.15,14.717,122.6,0
78.22,0.868,22.48,0.23,3.447,29.47,6047.2,4.95,0.0053,13.75,165.7,13.06,15.215,119.2,0
77.67,1.566,22.14,0.35,3.504,31.76,5792.3,2.84,0.0553,14.21,178.8,12.88,14.852,124.4,0
78.39,1.719,21.21,0.91,3.498,32.03,5840.2,3.44,0.0709,14.77,181.4,12.22,14.951,129.1,1
76.46,1.232,20.96,0.17,3.439,29.88,6096.1,2.52,0.0036,14.47,190.5,12.29,15.035,115.1,0
78.0,0.753,20.78,1.57,3.507,27.92,6019.9,1.17,0.0154,15.01,180.4,11.27,14.621,121.0,0
75.96,0.876,19.79,1.99,3.352,27.39,5711.7,0.82,0.0269,16.25,179.0,11.88,14.972,115.4,0
79.42,2.922,23.57,0.36,3.453,29.98,6211.8,0.12,0.0852,15.31,183.8,11.97,14.66,112.9,1
78.61,0.085,21.85,0.42,3.499,30.15,5856.8,2.76,0.0306,15.58,176.8,11.86,14.956,116.4,0
77.58,0.861,20.4,0.05,3.605,28.6,5729.1,3.79,0.0257,15.11,166.8,12.01,14.778,121.3,0
78.79,0.235,22.71,0.24,3.515,30.95,6074.2,4.45,0.0318,15.68,190.4,11.41,14.851,116.6,0
79.61,0.65,22.47,1.19,3.427,31.1,6019.2,3.02,0.0553,15.38,178.6,11.44,14.919,119.4,0
77.08,1.889,20.86,0.74,3.566,31.47,6252.0,3.1,0.0835,14.93,170.1,12.1,15.292,127.0,0
76.6,1.529,21.54,0.02,3.493,29.87,6073.1,3.15,0.0084,14.93,152.2,12.85,15.16,124.4,0
80.62,0.628,22.04,0.35,3.496,29.43,5868.1,2.85,0.0547,15.45,187.7,10.95,14.934,120.5,0
73.3,0.019,22.59,0.33,3.537,31.0,6258.7,2.25,0.0485,14.68,167.3,10.49,14.741,119.6,0
77.47,1.178,22.45,0.66,3.516,26.61,5980.2,2.26,0.0469,15.5,185.4,11.03,15.117,118.0,0
77.03,0.728,24.0,0.59,3.437,35.24,6384.4,1.52,0.0877,17.02,171.9,14.68,14.778,133.4,0
80.13,1.894,21.33,0.47,3.455,33.07,5728.1,3.43,0.1574,15.82,188.1,12.0,14.866,118.3,0
76.34,0.988,21.59,0.09,3.534,27.03,5842.0,1.19,0.0546,14.93,178.2,12.48,14.942,119.5,0
80.63,1.072,23.05,0.07,3.522,29.81,5717.4,2.72,0.1053,15.51,176.0,10.84,15.064,117.6,0
79.95,0.754,22.88,0.31,3.521,30.11,6089.1,2.65,0.0331,16.44,168.8,12.99,15.258,122.2,1
78.67,1.105,22.79,0.1,3.477,29.42,6054.3,2.48,0.0422,15.24,173.7,12.6,14.792,114.9,0
81.1,0.856,22.09,0.02,3.594,28.1,6367.1,1.44,0.0348,14.67,185.2,11.92,14.77,119.8,0
75.64,0.985,22.74,0.09,3.583,31.89,6367.2,3.45,0.0655,14.35,191.9,10.67,14.873,121.7,1
76.62,0.496,21.99,0.18,3.521,27.88,5861.5,3.4,0.045,15.42,174.9,12.21,15.066,124.4,1
78.5,1.738,22.6,1.9,3.552,28.5,6050.3,2.52,0.0912,15.11,179.2,11.77,14.857,118.7,0
78.59,0.185,21.21,0.13,3.495,30.05,5799.5,2.21,0.0178,14.93,189.7,11.91,15.028,121.9,0
76.87,1.081,22.58,0.23,3.586,29.76,6120.9,2.04,0.0442,14.51,186.3,12.01,15.341,128.6,0
76.55,2.931,21.67,0.09,3.475,30.63,6011.2,3.08,0.1689,14.84,180.6,12.45,15.313,124.5,0
78.36,0.586,21.99,2.09,3.539,30.96,6059.2,3.52,0.0191,14.54,183.3,12.75,15.06,123.0,0
81.15,0.947,21.22,1.32,3.538,28.65,6101.7,3.17,0.0181,14.83,169.7,11.88,14.975,117.1,1
78.7,0.331,21.88,0.13,3.53,31.99,5854.9,2.71,0.0161,14.04,172.2,12.12,14.84,126.7,1
75.36,0.688,22.63,4.15,3.575,28.77,6044.7,2.09,0.1449,15.21,191.2,13.48,14.221,111.2,1
75.06,0.343,22.18,0.43,3.423,31.26,5980.4,0.89,0.0015,14.99,191.4,10.32,15.001,116.1,0
78.04,0.417,22.19,0.11,3.406,32.15,5833.7,2.04,0.0397,15.13,176.5,13.96,14.98,117.6,0
75.68,0.684,23.84,1.64,3.469,30.54,6056.6,2.2,0.0278,15.19,169.1,13.36,14.618,127.5,0
75.67,0.224,21.94,0.19,3.593,29.92,5482.0,2.99,0.0082,14.86,185.7,13.7,14.957,126.7,0
79.67,1.324,21.67,0.05,3.496,30.08,5963.6,1.48,0.0242,14.82,178.6,11.96,14.845,114.7,0
82.2,1.788,21.92,0.13,3.396,28.15,5901.1,2.84,0.0847,14.63,181.9,11.23,15.831,117.7,1
78.88,0.626,21.6,0.04,3.552,29.34,6002.9,2.95,0.0336,14.71,185.5,11.99,14.785,118.4,0
78.8,1.17,20.81,0.26,3.528,28.95,6069.2,2.47,0.0255,15.8,175.6,11.05,15.193,124.0,0
78.02,0.693,21.69,0.06,3.525,28.33,5906.6,2.33,0.0957,14.67,189.8,11.96,14.7,127.8,0
76.32,0.052,20.24,0.07,3.352,31.79,5747.9,4.43,0.1849,14.41,193.1,12.76,14.798,118.6,0
78.54,1.067,22.34,0.01,3.493,30.72,5861.0,2.91,0.0505,15.95,180.7,13.04,14.871,118.4,0
80.17,0.24,20.01,0.75,3.534,33.21,5939.5,1.73,0.0344,15.84,176.2,11.52,15.279,114.8,1
77.35,0.982,21.34,0.87,3.576,31.35,5756.2,2.81,0.0198,14.74,174.2,12.1,15.024,124.6,1
78.94,1.149,21.66,0.03,3.52,30.27,5746.8,0.9,0.0326,14.81,186.0,12.05,14.585,118.7,0
76.34,1.119,22.31,0.45,3.498,27.78,6044.1,1.62,0.1009,14.63,182.6,12.15,14.736,121.9,0
78.49,1.772,22.39,0.63,3.578,31.05,5804.2,2.76,0.1084,15.19,176.9,11.73,14.819,110.5,0
78.34,1.74,22.89,0.73,3.446,32.42,6086.7,2.9,0.0877,14.98,182.8,11.89,14.774,119.4,0
78.48,0.587,21.77,0.37,3.478,32.99,5674.4,2.58,0.0142,15.11,179.4,12.29,15.13,122.4,0
79.03,1.002,21.77,0.37,3.429,29.22,5927.3,3.81,0.0305,15.49,183.4,11.34,15.346,113.3,0
76.71,0.895,21.86,0.09,3.504,30.82,5971.5,1.16,0.0069,15.01,182.0,10.86,15.237,113.7,0
79.93,0.166,23.22,1.34,3.641,29.61,5865.1,1.2,0.0373,15.67,188.3,12.52,14.891,120.7,0
78.56,1.585,21.98,0.09,3.518,29.66,6191.8,1.11,0.0115,15.09,187.6,13.23,15.0,125.4,0
79.41,1.345,22.66,0.2,3.525,28.6,6281.3,2.7,0.0624,14.71,163.9,11.44,15.197,117.9,1
79.06,0.575,22.14,0.76,3.482,31.75,5977.1,4.78,0.0055,15.67,177.2,13.22,15.112,123.8,0
77.62,1.542,21.82,0.61,3.513,32.8,6014.6,3.24,0.0193,14.4,178.9,12.26,15.383,115.7,0
76.8,0.211,22.22,0.06,3.45,31.62,6281.0,2.15,0.0718,15.65,183.8,12.05,15.142,122.1,0
75.4,0.417,22.77,0.84,3.42,26.3,5806.8,0.73,0.029,14.59,183.1,11.65,15.613,124.5,0
79.15,1.066,21.77,0.57,3.575,27.15,5971.1,2.33,0.04,14.99,176.3,10.93,15.469,120.2,0
76.22,1.908,20.99,1.0,3.488,26.34,5617.7,2.23,0.0658,15.19,177.7,11.92,14.883,116.5,1
78.0,0.49,22.48,1.18,3.354,30.12,6064.0,3.38,0.0454,14.5,193.3,12.23,14.939,122.2,0
79.11,0.612,23.06,0.32,3.459,30.6,5992.1,3.3,0.0021,14.87,181.6,12.45,14.605,122.5,0
79.69,1.663,20.72,0.24,3.511,31.63,5866.4,3.93,0.006,14.96,179.6,12.88,15.097,118.5,0
78.18,0.834,20.8,0.06,3.489,30.71,6099.2,2.28,0.1047,15.11,182.1,10.95,14.703,117.2,0
79.23,0.506,22.33,1.79,3.505,30.17,6287.7,2.76,0.0411,15.09,187.8,11.73,15.084,115.2,0
80.02,1.139,22.82,0.05,3.591,30.14,5959.3,2.26,0.0265,15.01,186.3,11.99,14.621,122.0,1
76.55,0.889,21.15,0.3,3.44,29.92,5777.5,2.31,0.0109,14.64,171.6,12.16,15.084,120.2,0
77.66,1.437,22.24,0.34,3.448,29.22,6059.1,1.58,0.0786,14.82,184.6,11.69,15.224,121.7,0
79.55,2.484,22.9,0.72,3.443,25.85,5392.1,0.34,0.0795,15.29,189.1,12.63,14.486,124.2,1
78.01,0.99,21.75,0.25,3.474,29.9,6418.6,2.63,0.0204,15.68,167.5,12.86,15.002,120.3,0
75.53,0.266,21.83,0.12,3.488,34.51,5479.7,4.32,0.0087,14.54,185.5,10.92,14.817,115.5,1
76.2,0.652,22.25,0.12,3.596,28.37,6002.5,2.03,0.0805,14.71,177.2,12.4,14.669,121.8,0
79.66,0.082,22.69,0.32,3.5,31.45,5725.0,0.81,0.075,14.59,182.4,12.94,14.746,117.2,0
78.02,1.35,20.94,0.2,3.407,29.05,5635.9,3.38,0.0419,15.21,188.9,10.6,15.051,117.8,0
77.65,0.723,21.6,2.29,3.463,29.82,5750.9,1.65,0.0854,15.26,168.3,11.99,14.665,122.9,1
77.45,1.165,21.87,1.49,3.566,30.35,6025.4,3.45,0.0922,14.89,177.4,12.94,14.804,117.1,1
79.69,1.199,22.54,0.33,3.561,29.41,5823.1,4.21,0.0111,15.83,173.9,12.22,15.135,124.0,0
77.6,0.511,21.79,0.06,3.606,32.03,5729.0,1.58,0.0088,15.37,173.9,11.32,14.879,118.7,0
78.05,1.353,22.93,1.55,3.609,29.34,5976.7,1.76,0.1141,14.84,181.1,12.17,15.061,130.5,0
78.58,1.092,22.3,0.39,3.454,28.99,5866.3,3.08,0.0089,15.19,173.6,11.45,15.015,121.6,0
77.52,0.33,21.99,0.13,3.51,26.01,5930.5,3.44,0.0576,15.33,200.5,10.96,15.4,123.5,1
79.6,0.848,21.27,0.75,3.451,28.91,5987.0,3.22,0.0741,15.37,172.0,12.52,15.334,120.2,1
78.16,0.646,22.42,0.17,3.475,31.11,5655.3,0.95,0.0617,14.96,180.3,11.24,15.368,118.8,1
78.77,1.813,22.19,0.2,3.471,30.28,6481.1,4.21,0.0126,14.95,189.3,10.73,15.045,133.6,0
79.2,1.14,21.67,0.06,3.518,30.78,5877.4,1.27,0.0475,15.26,164.3,12.08,15.018,118.8,0
78.64,1.525,21.44,0.12,3.565,29.49,5678.9,4.02,0.0214,14.77,165.1,13.24,14.863,118.2,1
78.67,1.312,21.67,0.33,3.465,29.99,6004.7,3.29,0.0057,15.65,196.3,12.4,14.943,117.4,0
78.6,0.343,20.64,1.48,3.458,29.78,5944.1,4.63,0.0148,14.69,168.8,11.06,15.11,113.7,0
78.99,0.764,20.63,0.14,3.55,29.06,5948.6,3.94,0.0205,15.38,181.9,13.08,14.893,120.1,0
79.7,1.089,22.71,0.13,3.427,29.33,6092.2,1.48,0.0326,14.73,173.5,12.22,15.384,124.3,0
77.28,0.97,21.57,3.24,3.548,29.0,6019.0,3.08,0.0289,14.88,182.9,14.12,14.996,123.2,0
77.91,0.487,21.15,0.1,3.483,29.86,6099.7,2.4,0.0159,14.89,186.0,11.67,15.022,122.0,0
77.3,0.675,21.57,0.17,3.465,30.39,6235.9,3.5,0.0464,15.31,187.5,12.39,15.266,116.6,0
79.6,1.114,21.43,0.06,3.472,31.42,6213.2,3.48,0.0087,14.69,179.8,12.26,15.014,122.5,0
76.03,1.148,22.24,1.72,3.513,32.91,6386.5,2.48,0.0622,14.33,196.1,12.35,14.674,118.4,0
76.51,1.099,23.19,0.01,3.464,28.96,5902.7,4.91,0.029,15.19,170.4,11.44,15.115,117.1,0
76.16,1.088,20.14,4.11,3.516,30.28,5679.5,0.93,0.0565,14.68,189.3,11.04,15.128,114.3,0
79.41,0.377,21.26,0.57,3.523,31.75,6167.2,3.4,0.0266,15.15,181.1,11.96,14.871,121.9,0
75.36,2.352,20.78,0.05,3.563,31.34,5655.3,4.22,0.0155,13.3,161.8,14.5,14.614,126.6,0
77.02,0.822,21.79,0.39,3.515,27.29,5840.7,1.92,0.0071,15.03,179.4,11.99,14.885,120.6,0
78.12,1.069,21.27,0.79,3.453,27.75,6202.6,3.1,0.0049,15.44,190.8,12.85,15.171,120.5,0
77.1,1.055,20.95,0.0,3.558,28.24,6204.9,4.25,0.0155,14.66,171.8,12.38,15.004,119.1,0
81.35,0.384,21.64,0.12,3.483,29.9,6183.9,1.08,0.0175,15.12,177.6,12.25,15.486,114.4,0
76.9,0.895,22.02,1.38,3.454,28.35,5774.9,1.82,0.0832,14.74,165.4,12.85,14.926,117.4,0
77.68,1.606,22.48,0.68,3.491,29.01,6073.5,2.94,0.0359,15.68,181.5,12.22,15.168,117.3,0
79.48,0.784,22.31,0.15,3.563,31.95,6159.5,1.96,0.0363,14.8,173.2,13.51,14.99,123.2,0
75.06,0.794,23.33,1.62,3.509,29.99,6259.5,2.41,0.076,15.32,199.9,11.4,14.947,115.8,1
78.19,1.341,21.56,0.27,3.497,31.15,6025.1,3.0,0.0108,14.79,182.6,12.9,14.899,119.3,0
78.72,1.382,23.1,1.72,3.518,34.81,6319.3,0.69,0.0303,15.5,186.1,14.28,15.083,122.0,0
79.46,1.289,22.22,0.78,3.534,29.69,6179.1,1.75,0.0492,14.0,180.4,10.95,15.488,120.8,1
78.6,0.978,22.64,0.07,3.465,29.72,5737.0,1.23,0.0944,14.57,176.4,11.08,15.001,122.0,0
78.83,1.031,21.53,1.13,3.455,27.7,5663.9,2.78,0.0438,15.64,194.4,12.93,14.457,125.5,0
79.21,1.21,21.06,1.16,3.538,29.89,5934.5,1.6,0.0681,15.34,164.2,11.43,14.802,124.2,0
77.72,1.31,21.28,0.21,3.435,28.3,6242.5,2.45,0.0211,15.37,176.6,12.7,14.883,127.9,0
78.25,0.332,22.06,0.24,3.621,28.18,6410.7,2.09,0.0491,14.93,186.4,12.58,15.067,118.7,0
80.8,1.367,22.85,0.5,3.583,29.69,6042.5,2.06,0.0143,14.51,164.0,11.55,15.023,118.8,0
78.21,1.741,22.35,0.29,3.538,28.22,5943.1,2.15,0.0352,15.22,182.0,12.47,14.932,119.6,0
81.27,0.701,22.21,0.08,3.539,31.15,6233.4,3.09,0.0201,15.9,189.1,12.28,15.192,117.0,0
75.76,1.799,21.72,2.4,3.489,28.57,5929.2,2.78,0.0486,14.99,194.6,10.64,15.155,115.3,0
78.43,0.794,22.36,0.27,3.567,29.24,5943.6,2.51,0.0549,15.09,171.0,13.2,15.259,121.8,1
78.18,1.28,23.52,0.07,3.516,31.31,5917.0,3.95,0.0435,16.18,180.6,12.24,14.98,120.3,0
79.57,0.93,21.89,0.11,3.503,31.2,6020.9,2.29,0.064,15.41,175.3,11.5,14.766,121.5,0
78.19,0.572,23.08,0.74,3.465,29.39,6515.1,2.16,0.009,15.78,191.5,12.45,15.267,123.1,0
76.67,1.458,22.97,0.09,3.445,33.26,5836.4,2.81,0.0134,14.26,179.4,12.75,14.682,113.1,0
78.42,1.049,22.65,0.01,3.442,27.77,5550.2,4.73,0.0655,14.59,197.2,13.45,15.136,117.0,1
76.38,0.962,22.48,0.1,3.502,28.94,5982.4,3.38,0.0465,14.97,174.5,11.72,15.308,116.2,0
78.4,1.69,21.85,0.25,3.428,30.46,6217.9,2.63,0.018,14.66,190.7,12.62,15.473,111.9,1
76.18,1.265,21.95,0.31,3.511,30.14,5925.1,1.37,0.014,15.24,189.7,11.5,14.975,118.5,0
78.3,1.101,21.66,1.97,3.644,30.5,6694.2,2.94,0.0688,13.55,152.4,9.76,15.014,111.1,0
75.99,0.891,22.1,0.32,3.476,30.53,5900.3,2.72,0.0604,15.37,196.7,12.61,15.391,123.4,0
77.31,1.744,21.26,0.96,3.482,33.36,6165.4,0.39,0.0311,14.49,172.3,12.58,14.935,121.9,0
75.65,0.185,21.69,0.21,3.409,32.7,5779.5,0.25,0.0406,14.12,165.9,10.35,14.54,122.9,0
78.68,1.236,22.29,0.02,3.558,29.73,6197.3,2.05,0.1561,15.7,191.5,11.72,14.976,117.5,0
80.27,1.383,21.97,0.14,3.553,30.28,5981.0,1.97,0.0502,15.82,193.8,13.23,14.866,115.8,0
77.58,1.363,21.83,0.09,3.503,30.53,6099.1,1.95,0.024,14.47,168.1,12.32,15.069,117.3,0
77.11,0.195,21.92,0.16,3.522,27.48,6092.8,3.46,0.1005,15.23,163.0,11.17,14.846,127.5,0
79.89,1.911,21.35,0.66,3.439,29.23,5850.9,0.24,0.0027,15.21,168.8,12.39,15.539,125.8,0
79.57,1.055,22.0,0.1,3.511,29.41,5802.2,2.07,0.0379,14.65,187.3,10.95,14.879,119.3,0
78.23,1.251,22.71,0.01,3.509,28.34,6340.6,2.9,0.0014,15.28,165.6,11.86,14.811,120.9,0
78.25,0.03,21.97,0.56,3.553,30.19,6221.7,1.61,0.0279,14.54,184.9,11.62,15.525,118.4,1
76.37,0.521,22.44,0.92,3.465,30.38,5810.0,1.65,0.051,15.91,174.0,10.93,14.834,116.6,0
77.6,0.855,23.18,0.11,3.541,28.67,5782.4,1.89,0.0063,16.18,189.6,11.21,14.98,122.4,0
76.34,0.37,22.19,0.26,3.48,30.37,5813.8,2.27,0.0005,14.8,190.3,12.11,15.368,122.8,0
77.3,0.728,22.85,0.7,3.545,28.91,6141.1,2.43,0.0063,15.11,179.0,12.92,14.668,118.1,1
78.06,1.908,20.41,1.87,3.476,28.97,5617.9,2.79,0.0527,15.96,180.7,11.8,15.223,118.4,0
75.86,1.959,22.72,0.02,3.448,28.9,6158.6,4.15,0.1319,14.77,183.9,11.22,15.089,119.5,0
79.14,0.498,21.91,1.0,3.584,31.49,6049.7,2.67,0.0288,14.33,185.8,11.24,14.718,119.6,0
81.11,0.721,22.86,0.29,3.373,33.12,5807.0,1.53,0.0704,13.66,179.3,11.67,15.128,126.3,0
75.65,0.483,23.16,0.67,3.464,29.88,5904.3,1.09,0.0237,14.08,182.0,11.32,15.092,118.2,0
78.7,1.234,21.43,0.18,3.508,28.54,5879.6,3.23,0.0033,15.18,184.8,12.12,14.789,122.6,0
81.52,0.427,22.14,0.04,3.364,29.4,6087.0,3.42,0.0165,15.18,174.8,12.3,14.782,116.5,1
78.11,0.934,21.47,0.42,3.517,28.87,6079.0,2.0,0.0217,14.88,182.1,11.46,14.848,125.3,0
75.62,1.062,22.13,0.86,3.545,33.27,5966.2,0.64,0.0042,14.77,189.2,11.27,14.946,125.1,1
78.37,1.888,22.41,0.6,3.478,29.68,5858.1,1.26,0.0147,14.91,177.8,11.91,14.765,121.7,0
77.12,1.248,21.82,0.15,3.487,30.41,6244.2,2.55,0.0593,14.49,169.6,12.28,15.068,122.7,1
76.92,1.247,20.72,0.67,3.507,28.15,6325.0,4.68,0.0178,16.23,173.8,12.21,15.528,120.1,1
75.35,0.717,21.85,0.86,3.482,28.87,5945.4,2.28,0.0259,14.26,169.8,11.93,15.166,115.4,0
81.46,1.49,21.67,4.2,3.367,29.68,6046.5,3.16,0.0542,14.43,178.8,11.23,14.612,116.9,1
77.44,1.047,22.43,1.08,3.555,31.37,6059.4,2.36,0.0243,15.13,195.1,10.76,14.957,114.8,1
79.48,1.577,21.84,1.8,3.453,30.53,5819.7,2.68,0.0229,13.65,187.7,10.65,15.236,123.7,0
76.41,0.922,21.91,0.81,3.462,29.57,5967.5,1.98,0.021,15.07,168.7,13.18,14.674,120.3,0
80.18,2.52,23.31,0.13,3.515,30.1,6116.6,1.84,0.0,15.27,183.7,12.59,14.643,111.3,0
77.18,0.462,22.23,0.81,3.522,27.98,6040.1,3.38,0.0395,14.98,183.6,11.01,14.943,116.3,0
77.64,1.438,21.88,0.03,3.519,31.08,6102.4,2.87,0.0476,15.21,170.7,12.52,14.953,119.5,0
77.83,1.219,22.0,0.03,3.497,29.34,6029.1,2.12,0.0315,14.7,179.2,11.9,15.168,115.1,0
78.45,0.989,23.01,0.1,3.515,29.26,5799.3,2.58,0.0473,15.31,180.7,11.91,14.933,124.0,0
78.07,0.954,21.19,0.31,3.5,30.22,5969.9,3.74,0.051,14.31,176.5,12.08,14.941,116.4,0
76.83,2.883,21.0,0.65,3.56,24.2,6162.7,3.62,0.0524,14.98,200.0,11.83,15.35,123.6,0
78.82,1.134,21.57,0.23,3.576,31.27,5946.4,1.47,0.0716,14.98,184.6,12.18,14.934,114.8,0
79.75,1.242,20.81,2.28,3.433,30.98,5539.7,3.01,0.0493,15.74,192.1,9.6,15.185,125.8,0
78.17,1.194,22.32,0.48,3.441,30.16,5985.4,3.2,0.0477,14.99,175.0,10.68,14.725,123.6,0
78.33,0.77,21.0,0.02,3.482,31.21,6154.4,2.34,0.0152,14.43,166.2,12.94,14.942,113.1,0
78.69,1.456,21.92,0.29,3.487,29.71,5819.5,1.04,0.0621,15.06,188.5,12.28,14.843,124.9,0
77.58,1.317,21.23,0.06,3.514,30.76,5940.5,3.15,0.0042,14.44,184.4,13.45,14.995,119.5,0
76.27,1.288,21.77,0.02,3.539,29.16,6262.4,2.06,0.0954,14.35,178.2,11.28,15.035,119.0,0
78.57,1.509,22.21,0.26,3.497,28.17,6098.1,2.3,0.0683,14.89,177.7,12.43,14.942,112.8,0
79.18,0.576,21.05,0.18,3.535,29.19,5844.9,2.54,0.0134,15.36,180.2,13.04,15.063,122.7,0
80.85,0.96,21.72,0.2,3.517,31.42,5997.2,2.07,0.0831,15.0,181.7,11.79,14.764,114.4,1
77.55,0.278,22.58,0.39,3.481,30.31,6015.7,3.14,0.0134,14.35,189.5,11.33,15.066,119.9,0
78.43,1.357,21.81,0.52,3.535,29.48,5937.6,3.55,0.0577,14.13,189.3,11.53,15.074,118.0,0
76.36,1.292,21.96,0.1,3.449,29.92,6136.3,2.55,0.0195,15.51,187.5,12.31,14.977,121.5,0
78.1,1.218,21.81,0.65,3.504,27.82,5890.0,3.8,0.0141,14.84,180.8,12.16,15.017,121.6,1
77.19,1.145,21.05,0.22,3.532,29.68,6345.0,4.58,0.0716,15.67,168.6,12.58,15.065,119.6,0
79.51,1.074,20.35,0.93,3.533,30.02,5635.2,1.89,0.0985,15.45,176.9,10.81,15.239,120.8,1
79.26,0.515,22.78,0.51,3.411,30.62,5704.1,3.06,0.0089,14.88,194.8,12.43,15.143,123.2,0
79.84,2.494,22.3,0.71,3.488,28.63,5855.0,1.74,0.0409,15.38,200.5,10.29,14.961,106.4,0
81.96,1.488,21.19,1.28,3.472,29.67,6047.2,2.94,0.0059,15.78,190.8,11.67,14.824,119.9,0
77.19,1.885,21.68,0.93,3.516,26.06,5616.0,3.21,0.1054,14.54,169.5,13.3,14.513,120.7,0
76.84,1.986,21.6,0.88,3.491,29.73,6211.2,1.98,0.0142,14.5,177.3,11.03,14.738,123.2,0
74.92,0.858,21.75,0.27,3.49,30.62,6018.4,2.43,0.07,15.02,187.9,11.08,15.091,121.7,1
76.72,0.871,22.17,0.77,3.42,30.51,5915.7,2.65,0.0736,15.87,157.1,13.72,15.139,126.6,0
82.22,0.171,20.88,1.52,3.383,30.98,5709.5,1.06,0.1107,14.96,174.7,11.75,14.897,106.6,1
74.19,0.926,22.14,0.18,3.582,32.57,6211.0,0.71,0.0637,15.71,179.6,11.69,15.449,126.1,1
78.2,1.15,21.68,0.24,3.54,29.38,5879.1,1.86,0.0563,14.2,179.3,12.02,15.079,119.4,0
72.76,2.504,22.11,3.15,3.417,27.83,6150.2,3.98,0.0935,14.94,206.0,13.98,13.962,126.8,1
77.06,1.103,21.59,0.05,3.511,33.07,5823.8,3.93,0.0465,14.53,161.8,11.66,15.464,117.9,0
80.05,0.897,22.71,0.31,3.448,31.1,5874.9,3.59,0.0482,14.41,183.5,12.69,15.146,129.8,0
83.96,1.223,22.18,0.39,3.466,31.31,6213.6,3.34,0.069,14.72,184.6,11.39,15.113,135.4,0
76.1,0.729,22.43,0.08,3.539,28.5,5838.0,2.74,0.0114,13.55,180.3,13.04,15.285,121.3,0
80.83,1.584,22.43,0.08,3.478,30.9,6148.6,2.18,0.0268,14.02,196.6,11.5,15.109,121.6,0
76.86,1.39,20.74,1.4,3.436,31.06,5764.0,2.54,0.0515,14.42,175.3,12.46,15.184,120.5,0
76.3,1.038,21.54,0.46,3.527,30.59,5905.5,1.56,0.0489,15.62,178.0,12.51,15.233,118.5,0
79.06,1.199,23.12,0.03,3.529,30.16,6163.5,3.77,0.0376,15.0,183.4,12.32,15.154,118.4,0
79.5,1.254,22.29,0.12,3.522,30.99,6053.9,2.84,0.0518,15.26,181.0,11.99,14.976,121.4,0
79.48,0.695,21.17,1.14,3.577,29.76,6136.9,1.87,0.0911,14.88,181.4,10.66,15.218,117.2,0
72.78,2.058,20.27,0.03,3.399,28.35,6052.9,4.29,0.0025,14.75,174.1,12.1,14.888,122.4,0
75.36,1.317,21.89,0.63,3.532,30.4,5956.3,1.94,0.0843,15.54,182.2,12.3,15.07,117.4,0
78.47,0.712,23.13,0.67,3.576,27.66,6046.1,3.87,0.0156,15.59,166.7,10.35,14.869,118.5,0
80.3,0.567,22.1,0.12,3.444,27.95,6149.2,2.83,0.0031,15.88,186.2,12.51,14.92,126.7,1
79.55,0.681,22.55,0.46,3.464,31.73,6343.7,3.8,0.0442,14.49,185.5,11.71,14.971,125.0,0
77.02,1.444,21.25,0.14,3.43,28.3,6260.0,3.57,0.0058,14.81,191.8,11.0,15.056,117.7,0
80.34,1.024,21.7,1.12,3.508,26.72,6131.0,1.93,0.0117,15.15,182.1,11.31,15.048,118.5,1
76.39,1.145,21.5,0.06,3.389,31.39,6145.2,3.45,0.0175,15.0,164.6,12.48,15.017,113.8,0
78.52,0.536,22.88,0.03,3.526,26.33,6171.3,0.14,0.1339,15.5,171.9,12.45,15.107,119.4,0
77.63,1.522,23.02,0.64,3.605,28.64,5796.1,3.46,0.0297,14.85,176.7,11.39,14.721,126.6,0
78.15,0.452,21.69,0.47,3.514,31.73,5809.1,1.75,0.0454,14.27,191.6,12.37,14.715,120.8,1
77.81,0.642,21.54,0.08,3.596,29.71,5975.6,2.7,0.025,15.02,195.5,12.32,14.949,124.5,0
78.66,1.278,22.43,0.19,3.429,28.08,5645.9,2.56,0.0546,14.98,175.1,11.32,14.893,134.3,0
78.34,0.172,22.71,0.76,3.586,27.43,6096.9,1.36,0.0555,13.76,185.6,11.01,15.258,121.3,0
77.01,0.997,22.85,0.3,3.535,30.22,6238.7,2.43,0.0209,15.27,175.1,11.49,15.326,115.2,0
78.69,1.237,22.5,0.43,3.507,31.92,6310.4,3.32,0.085,15.14,189.9,11.62,14.609,116.4,1
79.94,1.735,22.04,0.48,3.623,29.51,5997.1,1.02,0.0039,15.1,173.5,11.6,14.932,111.8,1
77.64,1.263,22.42,0.54,3.487,29.72,6168.5,4.49,0.0137,15.19,173.1,13.23,15.007,117.6,0
78.22,0.89,20.43,0.03,3.561,33.58,5521.2,2.92,0.0384,14.9,183.3,11.74,14.704,112.7,0
78.24,0.813,21.0,0.39,3.455,32.0,5537.6,3.68,0.0114,15.69,190.2,12.12,14.802,116.4,1
77.26,1.557,21.62,1.61,3.633,30.16,6275.9,2.88,0.0141,14.38,191.7,11.68,14.959,119.9,0
76.89,1.214,21.54,0.51,3.531,29.18,5806.0,2.05,0.0028,15.09,179.7,13.39,14.78,118.7,0
82.6,3.066,23.25,0.66,3.486,28.93,5415.1,3.48,0.0019,15.43,154.5,13.12,14.807,128.0,0
79.85,0.781,22.21,0.02,3.473,29.19,5866.3,1.63,0.0032,14.56,183.4,11.58,15.211,117.1,0
78.56,1.359,22.16,0.09,3.519,28.81,5933.0,2.52,0.0397,14.36,189.0,12.72,14.939,121.5,1
81.05,1.072,22.02,0.3,3.556,28.16,6459.1,1.81,0.0714,14.06,184.1,11.54,14.797,111.3,1
74.46,1.162,22.85,1.09,3.506,31.76,6104.2,1.63,0.0052,15.81,177.7,13.2,15.257,123.7,0
76.72,0.443,20.68,0.11,3.537,32.82,5774.9,0.26,0.0081,14.84,177.0,10.93,14.843,113.6,0
78.43,2.133,20.85,1.11,3.372,35.32,6469.6,2.39,0.0083,14.78,167.9,12.27,14.647,121.5,0
76.3,1.0,22.41,0.18,3.481,30.59,6188.3,3.81,0.0104,14.81,169.7,12.13,15.175,122.8,0
77.6,0.715,22.5,0.24,3.543,30.17,6107.5,2.76,0.0209,15.2,175.8,12.86,15.109,120.9,0
79.61,1.8,20.81,0.55,3.475,30.63,5907.4,3.31,0.0606,15.02,179.9,12.22,15.1,122.0,0
77.91,0.732,22.26,0.27,3.479,29.37,5820.5,2.43,0.029,14.27,181.6,11.62,15.054,126.1,0
77.79,1.515,22.12,0.72,3.51,31.0,6143.7,3.51,0.0133,15.06,184.0,12.91,14.636,120.0,0
80.0,0.824,22.36,0.53,3.419,27.75,6175.0,1.57,0.0065,15.06,183.4,12.22,14.41,115.8,0
77.12,2.496,21.98,0.06,3.525,30.8,5649.2,1.31,0.1095,15.03,201.0,12.57,14.914,109.3,0
79.3,0.334,22.19,0.14,3.466,29.51,5857.6,2.82,0.0328,14.78,186.6,11.1,14.816,124.0,0
80.13,0.242,22.09,0.09,3.473,31.41,5787.6,1.92,0.0034,15.37,179.2,12.98,14.894,121.8,0
79.7,0.976,21.97,0.56,3.479,27.87,6070.0,3.08,0.0231,15.66,178.4,12.06,14.974,122.4,1
78.46,1.066,21.08,0.03,3.45,27.69,6135.1,2.39,0.019,15.67,177.9,12.82,14.927,122.2,0
76.12,1.812,21.29,0.37,3.388,30.52,5889.3,1.98,0.0025,14.22,183.5,10.29,15.271,123.9,0
77.24,0.234,22.32,0.16,3.508,30.14,6230.7,1.93,0.0298,15.39,181.8,12.65,15.333,118.7,0
79.21,0.329,19.68,0.77,3.568,31.36,5901.0,1.09,0.0783,16.11,201.2,11.35,16.014,125.0,0
78.57,1.128,21.5,1.58,3.571,28.0,5919.6,1.31,0.0709,14.78,180.6,11.71,14.805,118.0,0
77.24,1.083,22.25,0.25,3.447,30.96,6135.7,3.7,0.0069,15.58,180.0,12.24,15.115,121.0,1
79.23,1.443,22.25,1.03,3.489,30.25,6230.1,2.23,0.0028,14.75,193.6,13.16,14.919,128.7,0
76.5,0.995,22.12,0.03,3.539,31.5,6131.5,1.95,0.0402,15.17,182.6,11.4,14.653,112.6,0
77.34,1.507,23.24,0.0,3.535,28.87,5930.2,3.28,0.0144,14.94,179.1,11.87,15.054,116.7,0
77.83,0.463,20.7,0.38,3.558,28.8,6039.8,3.44,0.0183,14.74,185.7,12.86,14.998,129.7,0
77.94,0.993,21.74,0.27,3.384,30.29,5830.8,0.25,0.0571,14.83,174.6,11.71,15.081,126.3,0
77.08,0.213,20.78,0.36,3.491,29.29,5943.9,2.38,0.0112,15.55,180.4,10.57,14.752,118.3,0
74.98,1.335,22.33,0.09,3.475,28.96,6015.6,3.28,0.1079,15.8,190.3,12.3,15.331,127.8,0
80.52,0.87,20.59,0.91,3.434,26.47,5724.1,1.99,0.0143,16.46,183.7,13.23,14.625,120.6,1
78.82,0.476,21.75,0.71,3.458,29.24,5929.3,1.53,0.0326,14.99,178.9,11.99,15.153,118.9,0
79.23,1.567,20.76,0.33,3.548,30.49,5841.4,3.19,0.0104,15.59,195.1,12.51,14.697,118.9,0
75.63,1.498,22.61,0.55,3.413,27.25,6137.4,5.73,0.1925,15.56,166.4,11.43,15.399,120.9,1
78.19,1.507,21.95,0.01,3.497,30.68,6233.8,1.55,0.0446,14.7,182.1,11.23,15.256,116.1,0
78.26,0.95,20.17,1.41,3.545,32.3,6132.3,2.03,0.017,14.98,174.6,11.8,15.054,121.1,0
77.88,1.181,21.83,0.34,3.578,27.36,6377.8,2.68,0.0834,15.46,167.3,14.25,15.105,123.2,0
74.35,0.704,21.48,0.85,3.491,28.13,5731.2,2.42,0.0917,14.07,171.9,12.96,14.924,123.8,0
76.35,0.303,20.73,0.17,3.491,29.38,6345.8,3.1,0.0924,14.47,181.1,12.84,14.657,128.3,0
78.49,0.176,23.05,1.29,3.559,27.18,5966.7,0.93,0.0625,15.68,176.6,11.81,15.342,113.0,0
78.28,1.679,20.94,0.77,3.533,28.77,6221.0,3.91,0.1737,13.77,187.2,11.8,15.194,120.0,0
77.77,0.9,22.24,0.27,3.557,31.17,6123.0,3.44,0.0111,15.23,170.4,12.25,15.037,122.9,1
77.05,1.83,21.69,0.22,3.464,29.0,5947.1,3.21,0.0435,15.06,171.4,11.57,14.851,119.1,0
78.45,1.089,22.08,0.49,3.446,30.7,6223.3,2.81,0.0042,14.92,167.3,10.41,15.353,121.1,0
78.69,0.714,23.24,0.51,3.552,32.43,5685.4,2.88,0.0041,15.56,186.7,11.93,15.065,119.9,1
78.92,0.698,21.82,0.6,3.531,28.66,6200.4,1.67,0.0395,14.16,178.7,12.22,14.893,119.0,0
78.76,1.677,22.13,0.77,3.511,29.84,5721.4,2.6,0.031,14.83,177.2,12.29,14.823,109.0,0
78.11,0.982,21.55,0.47,3.468,30.03,5893.5,2.29,0.0001,15.09,179.2,12.74,14.921,118.5,0
78.18,1.078,21.83,0.63,3.61,29.92,6130.4,0.57,0.0497,14.95,183.5,12.79,14.948,113.2,0
78.03,1.565,22.1,1.51,3.398,29.41,5945.5,1.57,0.0353,15.13,163.6,12.94,14.801,126.8,0
77.51,1.273,21.63,0.43,3.59,31.22,6049.6,3.41,0.0816,15.53,171.9,11.91,15.287,126.1,1
78.24,1.115,21.14,1.06,3.491,30.77,6257.8,3.5,0.0165,16.35,199.4,10.68,15.19,116.6,0
80.48,0.496,21.97,0.21,3.487,31.06,6141.4,3.89,0.1124,14.19,183.2,11.28,15.036,129.2,0
77.01,0.996,22.39,0.34,3.584,30.48,5923.5,2.01,0.0002,15.21,176.3,12.03,15.016,117.8,0
80.07,1.068,23.08,1.02,3.532,30.05,5842.6,1.55,0.0333,15.39,168.0,11.78,15.083,114.5,0
78.32,1.27,22.48,0.57,3.575,30.44,5928.5,4.1,0.0144,14.63,171.1,11.56,14.726,120.1,0
79.25,1.219,22.86,0.28,3.562,29.04,6106.0,3.23,0.0653,16.11,185.2,11.43,15.146,116.5,0
75.71,1.112,23.0,0.32,3.493,26.29,6049.4,3.13,0.0702,14.54,174.5,11.36,15.219,116.2,1
77.56,0.603,22.1,0.59,3.482,27.7,5869.9,1.68,0.0101,15.01,196.1,11.34,15.064,122.4,0
77.51,1.464,22.38,0.56,3.423,30.13,6009.5,3.84,0.0091,15.84,169.1,10.29,14.666,109.7,0
76.63,0.915,22.24,0.37,3.479,29.56,5961.2,2.21,0.0127,15.02,186.4,12.32,14.981,120.5,0
79.67,1.347,22.08,0.45,3.48,28.36,5853.7,2.58,0.0261,15.99,196.4,12.2,14.86,120.4,1
79.62,0.749,22.29,0.61,3.503,28.57,6283.9,1.75,0.087,15.28,189.2,13.36,15.121,114.9,1
79.4,0.305,23.65,0.63,3.553,29.38,5816.1,3.55,0.0331,14.84,178.8,13.2,14.847,120.1,1
76.87,1.352,21.83,0.19,3.429,31.86,6033.4,1.38,0.0339,14.67,178.0,12.54,14.996,130.6,0
82.72,2.068,20.99,0.01,3.392,27.78,5296.9,2.73,0.2607,14.13,169.0,14.11,14.577,125.7,1
80.23,0.982,21.14,0.08,3.444,30.38,6636.3,2.98,0.0064,15.13,170.8,12.39,15.062,121.3,0
77.58,1.515,22.06,0.23,3.45,30.12,5845.1,3.14,0.0721,14.9,175.7,13.16,14.917,115.7,0
78.63,0.373,22.71,0.28,3.474,28.53,6163.9,1.88,0.0525,16.15,192.0,10.37,15.266,119.5,0
74.02,0.994,22.58,0.25,3.518,28.56,6257.2,1.99,0.048,15.83,180.0,10.96,14.941,118.0,0
80.42,1.73,21.73,0.09,3.486,29.27,6042.1,3.06,0.0033,14.93,177.3,11.16,14.671,121.2,0
76.48,1.764,22.4,0.42,3.436,31.67,6260.2,4.59,0.0259,15.83,197.4,13.21,15.058,128.3,1
76.78,1.127,21.73,1.06,3.546,32.8,6315.8,3.25,0.0624,15.1,160.7,12.14,14.855,119.2,0
76.31,1.859,21.8,0.13,3.425,33.43,5597.2,1.25,0.054,15.08,181.4,11.87,14.852,119.6,1
78.56,0.751,21.35,0.59,3.458,30.15,6053.3,1.33,0.1169,15.98,178.7,12.43,14.784,119.6,0
78.89,0.818,22.81,2.78,3.554,30.98,5706.4,2.92,0.0016,15.74,179.3,12.67,14.945,122.8,0
76.41,0.738,21.87,0.66,3.557,30.64,5939.9,1.77,0.0141,14.9,190.8,12.01,14.637,122.1,0
81.61,1.781,22.43,0.59,3.471,29.73,7195.9,1.22,0.0286,13.81,199.6,11.83,15.075,123.8,0
79.35,1.06,22.02,0.11,3.524,30.55,6004.0,1.13,0.0521,15.61,181.7,11.98,15.064,116.7,0
79.66,1.985,21.55,0.06,3.531,29.76,5622.2,1.92,0.0165,14.58,170.8,12.32,15.24,120.9,0
77.55,0.382,21.75,0.36,3.471,27.04,5873.6,3.5,0.005,15.44,184.8,12.41,14.928,118.9,0
79.77,0.742,21.78,0.37,3.456,28.77,5858.7,3.35,0.0105,14.4,186.9,11.49,15.096,126.0,0
79.31,2.259,22.39,0.24,3.47,27.81,5843.6,3.04,0.0387,15.36,201.9,10.57,14.869,116.9,0
79.38,2.149,20.08,0.03,3.683,31.84,5779.0,0.88,0.0143,14.56,179.5,10.77,14.791,131.4,1
78.47,0.662,23.04,0.16,3.449,30.23,6185.6,2.63,0.0224,15.32,188.9,13.46,15.015,128.0,0
79.96,0.184,22.52,0.02,3.624,34.79,6080.0,2.3,0.0448,14.18,164.8,10.83,15.113,119.6,0
77.45,0.803,22.57,0.02,3.463,31.1,6007.4,3.0,0.0169,15.2,164.2,12.08,14.867,121.9,0
78.73,1.565,21.95,0.07,3.526,30.49,6057.8,2.04,0.0303,15.07,163.0,13.14,14.668,120.5,0
74.58,0.466,21.63,0.11,3.587,29.78,6235.5,2.62,0.0291,14.93,177.7,12.77,15.0,121.9,0
78.92,0.702,18.86,1.16,3.683,29.23,6146.9,0.82,0.0512,14.44,188.1,12.75,15.106,126.9,0
79.98,1.253,22.07,0.1,3.444,30.29,6106.1,1.43,0.0056,14.94,186.9,10.37,15.022,117.7,0
80.85,0.784,22.27,0.46,3.506,30.6,5862.3,2.03,0.0479,14.48,195.5,11.02,14.948,121.4,0
80.6,0.677,20.95,0.41,3.412,33.75,6032.1,1.33,0.0103,14.58,190.7,13.01,15.093,129.5,0
74.89,1.71,22.82,0.7,3.481,32.17,6163.2,2.55,0.0336,14.33,165.4,11.33,15.202,144.2,1
76.76,1.037,21.89,0.11,3.44,29.68,5863.5,1.47,0.0089,15.5,171.0,13.34,15.432,123.5,0
80.65,1.721,21.57,0.05,3.529,29.17,5695.6,3.55,0.0781,15.72,172.3,12.59,15.244,126.1,0
79.04,1.159,22.51,0.02,3.45,30.66,5960.3,1.5,0.0888,15.1,189.6,11.55,14.813,118.9,0
78.46,1.159,21.53,2.42,3.572,31.61,6260.3,2.64,0.065,14.44,192.7,12.89,14.921,118.8,0
76.08,1.114,20.79,0.15,3.494,29.22,5970.1,2.32,0.0496,15.31,186.0,11.88,14.737,126.3,0
80.32,0.001,20.57,0.97,3.461,26.14,5777.8,3.7,0.0937,14.55,178.9,12.07,15.206,120.4,0
78.25,1.736,22.9,0.04,3.449,29.35,6209.9,2.52,0.0191,14.37,182.7,12.42,14.829,121.9,0
75.56,0.787,22.38,0.67,3.489,27.32,6034.5,2.19,0.0393,14.4,180.9,12.77,15.14,126.3,0
79.85,0.514,21.28,0.22,3.547,28.85,5780.9,5.49,0.0541,15.34,165.0,12.67,14.627,126.9,1
77.13,0.447,21.67,0.45,3.497,31.74,5798.1,1.97,0.0384,14.89,173.7,10.54,15.252,125.0,0
77.9,1.063,21.94,0.67,3.519,30.91,5770.6,5.48,0.01,14.9,188.2,11.85,15.327,121.6,0
76.29,1.296,22.09,0.3,3.495,29.56,5883.6,2.59,0.0159,15.36,179.7,12.0,14.788,117.5,0
75.79,1.183,22.13,0.08,3.516,30.67,6224.7,1.9,0.0116,14.34,165.0,11.84,15.301,123.5,0
76.04,1.019,21.27,2.47,3.626,26.33,6359.9,1.44,0.027,14.32,195.5,11.77,15.437,125.5,0
77.15,0.967,20.53,0.69,3.525,28.46,6274.9,2.6,0.0031,15.82,177.9,11.75,15.215,118.1,1
78.78,1.646,21.27,0.85,3.517,32.61,6008.7,2.85,0.0077,14.82,174.3,12.47,15.326,121.6,1
77.82,1.512,22.29,0.29,3.455,30.29,5931.5,1.69,0.1,15.54,197.3,11.96,15.383,122.8,0
78.68,2.309,20.94,0.22,3.493,30.75,6080.1,1.25,0.0305,15.57,193.6,11.86,15.143,110.0,0
75.64,0.382,22.42,0.67,3.481,29.59,5969.1,3.82,0.0098,14.67,173.4,11.58,14.946,116.8,1
82.46,0.464,23.08,0.19,3.496,33.6,6265.6,5.89,0.028,14.91,168.0,12.07,14.991,129.9,0
76.88,1.009,20.97,0.42,3.525,31.63,5819.5,2.77,0.0364,15.06,175.9,11.43,15.04,118.8,1
78.83,0.248,20.33,0.07,3.461,27.26,5744.8,3.11,0.0311,14.35,189.7,11.64,15.406,117.5,1
76.68,0.46,21.51,1.39,3.491,30.67,5943.6,3.84,0.0001,15.34,182.6,13.26,15.216,115.4,0
78.1,1.497,21.71,0.22,3.476,28.35,5922.4,1.51,0.0278,14.47,185.7,11.76,14.503,110.6,0
78.4,1.275,21.49,0.15,3.528,29.52,6039.8,2.11,0.0544,15.51,173.2,13.13,15.095,119.6,0
79.08,0.574,21.61,0.54,3.571,30.83,6081.9,3.44,0.0144,15.78,184.0,11.69,14.953,118.6,0
77.88,0.435,21.63,0.42,3.486,30.64,5625.6,3.19,0.0146,14.5,186.5,12.04,14.98,124.4,0
76.77,0.488,21.7,0.14,3.487,28.03,6069.2,1.58,0.0604,15.64,179.0,10.97,15.023,124.1,0
78.26,0.707,21.88,0.05,3.454,27.84,5887.7,2.27,0.0037,14.11,180.1,12.15,14.648,116.9,0
77.7,0.318,22.41,0.13,3.611,28.5,5946.9,0.87,0.0875,14.78,172.3,12.39,15.142,118.7,0
79.08,1.146,23.07,0.64,3.475,32.55,6035.3,2.01,0.0586,15.07,176.2,11.61,14.708,120.8,0
78.47,1.109,22.09,0.31,3.544,27.69,5627.0,1.91,0.0713,14.66,182.3,12.85,14.977,121.4,0
77.34,1.424,21.58,0.78,3.578,30.54,5896.8,1.95,0.0454,14.89,171.3,12.73,14.916,116.8,1
79.13,2.137,23.04,0.02,3.539,32.79,6041.2,2.12,0.0034,15.3,179.5,13.0,14.451,122.9,0
79.41,1.062,21.49,0.38,3.526,28.94,5765.6,1.8,0.0574,15.36,174.3,11.92,14.795,112.1,0
79.15,1.333,22.36,0.5,3.507,28.81,5974.6,3.18,0.0786,14.9,180.0,12.45,14.902,121.8,0
73.34,1.396,23.01,4.6,3.636,28.14,5733.3,1.71,0.0508,15.14,169.3,11.81,15.241,130.0,1
77.65,1.32,22.58,0.05,3.566,30.69,6211.5,1.29,0.0268,15.23,179.9,11.7,15.357,117.0,0
79.92,1.133,21.75,0.1,3.57,34.6,5820.0,1.41,0.0266,15.66,179.7,12.37,14.819,115.7,0
79.1,0.954,21.42,0.05,3.433,29.6,6053.8,2.42,0.0123,15.25,181.6,12.57,15.023,117.7,0
77.38,0.724,22.26,1.68,3.578,33.42,5634.2,1.87,0.0119,15.39,178.7,10.88,15.008,119.3,0
78.76,1.44,21.39,0.06,3.48,28.22,6114.6,1.67,0.0155,15.34,171.9,13.01,14.988,116.9,1
77.88,0.995,22.11,0.64,3.555,29.69,6132.0,3.57,0.0818,15.14,175.0,11.81,15.1,122.7,0
76.46,0.643,21.86,0.04,3.476,30.28,5988.4,2.7,0.0699,15.26,171.4,11.21,14.714,122.0,0
79.26,1.463,21.71,1.13,3.544,28.65,5773.1,3.56,0.001,14.61,178.0,11.92,15.146,119.3,0
79.22,0.813,21.48,0.48,3.549,28.58,5946.8,2.91,0.0264,14.38,181.7,12.15,15.528,118.1,0
75.64,0.781,21.64,0.05,3.557,28.8,5918.4,3.47,0.0427,15.4,179.4,10.66,15.214,120.7,1
77.32,1.203,21.67,1.01,3.493,30.06,5818.2,3.12,0.0209,15.59,154.1,11.84,15.335,120.5,0
77.86,0.098,22.63,0.13,3.561,28.04,6340.0,0.78,0.0385,14.81,171.1,11.77,15.155,119.5,0
75.81,1.228,22.56,0.67,3.392,28.9,5370.4,2.41,0.0573,13.89,188.2,11.1,15.185,110.5,0
76.56,1.126,21.11,0.25,3.453,29.47,5654.2,2.69,0.0641,15.42,183.6,12.15,15.058,119.4,0
77.58,0.807,21.54,1.3,3.504,29.14,6308.7,2.81,0.0277,15.48,180.3,11.93,15.084,119.4,0
77.58,0.488,21.67,0.15,3.493,28.51,5933.0,2.54,0.0299,15.14,190.5,10.0,15.161,119.9,0
79.02,1.185,21.92,0.13,3.439,29.48,5860.1,2.78,0.0955,15.01,198.0,12.14,15.136,127.0,0
78.22,0.166,22.83,0.56,3.521,30.52,6306.2,2.05,0.0804,14.68,173.8,9.98,15.17,121.1,0
77.98,0.693,22.45,0.12,3.495,31.44,5876.0,1.65,0.0809,14.99,173.2,11.73,14.713,118.7,0
77.85,0.657,20.05,0.48,3.465,31.13,6147.5,1.06,0.0395,14.45,182.6,11.8,15.151,119.3,0
76.8,0.607,21.47,0.17,3.59,32.53,5898.2,1.15,0.0454,15.98,191.7,12.2,15.211,117.4,1
78.28,1.507,19.77,0.25,3.506,30.81,6262.3,4.5,0.0868,15.42,173.0,13.1,14.959,117.0,0
76.26,1.289,22.48,1.25,3.479,30.9,5791.6,1.46,0.0741,15.25,178.1,11.6,15.194,120.8,0
77.51,1.602,21.8,0.85,3.529,31.83,5970.5,1.16,0.0339,15.31,179.5,11.92,14.911,121.0,0
81.34,0.8,22.22,0.27,3.535,29.37,5825.7,3.57,0.0222,14.34,203.1,12.72,14.962,118.6,0
79.19,1.048,21.03,1.05,3.477,29.16,5944.0,2.63,0.0255,14.12,187.7,11.17,15.479,114.7,0
75.64,0.681,22.02,2.02,3.503,32.33,6034.4,2.44,0.0405,14.15,167.5,12.0,15.262,129.1,0
78.16,0.648,21.17,0.06,3.476,31.31,6137.1,2.7,0.022,15.03,183.0,12.77,14.978,119.3,0
76.96,1.256,22.15,0.02,3.485,27.0,6142.4,2.21,0.0118,14.83,162.8,11.59,14.631,116.1,1
79.69,0.973,22.48,0.21,3.453,27.64,6032.9,3.06,0.0526,14.57,182.7,12.93,15.107,121.2,0
79.21,0.81,21.67,0.53,3.512,31.79,6006.2,2.97,0.0451,15.02,166.1,11.35,15.127,114.9,0
81.2,1.055,21.91,0.59,3.474,29.93,6315.6,2.83,0.0701,14.55,194.7,12.11,14.772,118.3,0
82.35,1.265,23.18,0.14,3.504,32.62,5822.9,2.74,0.0973,15.28,174.8,11.07,15.076,119.5,0
76.98,1.247,23.55,0.33,3.448,30.83,6117.0,5.85,0.0278,14.87,199.8,11.35,14.567,126.5,0
76.65,0.713,23.78,0.83,3.356,31.38,5607.1,3.78,0.0697,15.94,188.4,12.06,14.709,112.2,0
78.42,1.472,21.64,0.57,3.573,32.35,6156.9,3.45,0.033,15.05,179.5,12.13,14.767,117.2,1
78.03,1.074,23.37,0.96,3.584,29.74,6063.3,1.2,0.1108,15.63,156.2,11.23,14.841,116.6,0
76.32,1.817,22.79,0.04,3.51,29.7,6137.7,3.67,0.0093,14.58,182.5,12.41,15.046,123.6,1
75.17,1.016,22.19,0.03,3.571,30.7,6078.7,3.22,0.0112,15.0,183.7,12.34,15.189,120.0,0
78.05,0.743,22.12,0.01,3.486,28.83,5905.7,2.9,0.0495,14.96,175.5,12.16,15.149,113.4,0
79.04,1.034,21.93,0.14,3.469,31.23,6177.8,2.15,0.0795,15.07,189.9,11.94,15.046,110.2,0
78.31,0.517,22.29,2.2,3.496,31.99,6030.0,3.87,0.0162,16.06,181.3,12.92,15.053,113.7,0
80.73,1.344,22.1,0.39,3.44,30.33,6130.1,3.62,0.0047,15.83,178.3,11.21,14.715,119.5,0
77.71,1.215,20.81,0.46,3.518,26.75,5800.6,3.68,0.0338,15.0,171.9,11.8,15.366,123.3,1
78.56,0.199,21.57,0.2,3.579,31.57,5806.8,3.88,0.0072,15.98,182.3,11.63,15.234,112.4,0
76.23,0.896,20.96,1.31,3.457,29.6,6076.8,0.9,0.0285,15.33,191.6,13.13,14.734,123.2,1
78.5,0.501,22.62,1.57,3.515,29.45,5932.3,1.67,0.0183,15.41,177.5,12.25,14.858,115.3,1
80.04,1.756,20.46,0.07,3.486,32.1,5884.0,4.56,0.0217,14.52,188.2,11.41,14.958,128.3,0
79.0,1.694,22.38,0.17,3.481,32.23,6284.0,2.53,0.0046,15.0,179.2,10.93,14.908,121.6,0
78.83,1.73,21.33,0.07,3.461,30.55,6306.9,3.07,0.0047,14.72,170.7,13.0,14.745,123.7,0
78.21,0.248,21.74,0.04,3.451,29.76,5882.1,2.02,0.0331,14.87,182.4,12.1,14.951,125.5,0
77.97,1.019,21.72,0.76,3.531,32.02,5900.5,2.59,0.0058,14.61,182.0,12.22,14.81,122.3,0
76.98,0.564,22.07,0.26,3.486,28.41,5921.2,1.53,0.0085,15.52,184.8,11.18,14.854,123.9,0
77.47,0.011,21.79,0.6,3.489,31.67,6215.8,3.5,0.0497,15.06,182.3,12.97,15.087,117.3,0
76.48,1.213,23.3,0.7,3.538,30.93,5865.6,3.68,0.0357,14.68,192.1,12.32,15.22,124.8,0
77.24,1.056,21.84,0.2,3.648,29.86,5887.2,3.74,0.04,15.87,185.5,12.3,15.035,116.5,0
76.93,1.167,21.46,0.62,3.498,30.6,5938.4,2.94,0.022,14.7,182.3,10.82,14.957,118.0,0
77.52,1.911,22.51,0.21,3.457,27.58,5624.6,1.26,0.0087,15.12,179.9,13.11,14.896,122.4,0
77.32,1.321,21.97,0.48,3.522,30.92,6245.9,0.17,0.0534,14.92,171.7,12.4,14.804,115.0,0
78.51,0.445,22.64,0.39,3.508,29.6,6019.5,1.97,0.0169,15.32,188.9,12.36,14.828,115.1,0
75.66,1.215,21.91,0.03,3.474,30.87,6112.4,1.77,0.0152,14.85,180.3,10.62,14.596,120.9,0
77.57,1.101,21.05,0.41,3.506,30.55,6035.7,2.85,0.0224,14.21,173.3,11.47,14.758,120.8,0
76.01,0.941,21.75,0.21,3.456,30.7,5642.4,3.91,0.0446,15.39,176.6,11.61,14.894,124.1,1
77.67,0.741,22.53,0.8,3.452,28.43,6097.1,1.4,0.075,14.71,160.6,11.7,14.921,120.3,0
80.02,1.08,23.15,0.1,3.525,30.68,6192.2,3.43,0.0202,14.52,191.9,12.35,14.961,123.3,0
76.87,0.473,21.62,0.73,3.49,31.55,5949.2,2.28,0.0045,15.65,181.2,12.67,14.858,117.7,0
78.02,0.894,22.12,0.22,3.499,30.13,6009.2,2.69,0.0012,14.54,170.1,12.43,15.394,124.6,0
78.28,0.865,22.93,0.13,3.54,29.91,6089.5,1.43,0.0125,14.8,177.4,12.58,15.161,119.2,0
76.5,0.359,20.7,1.25,3.477,30.91,6023.7,3.41,0.0231,14.95,191.7,10.59,14.577,120.2,0
77.25,0.652,20.59,0.01,3.501,30.1,6225.6,2.05,0.0167,14.61,172.2,12.17,14.99,125.9,0
79.17,0.615,21.6,0.63,3.529,29.97,6044.2,2.81,0.0109,14.92,177.4,11.79,14.821,117.4,1
76.74,0.168,21.12,2.71,3.526,28.76,5775.0,1.34,0.0221,14.64,158.8,13.6,15.304,115.9,0
79.11,1.857,22.29,0.31,3.54,31.77,6180.1,3.78,0.0612,14.79,182.9,12.55,14.841,120.8,0
76.74,1.482,22.79,0.02,3.558,30.74,6307.4,1.52,0.0145,15.05,173.9,11.53,15.052,112.3,0
74.9,0.167,21.62,0.35,3.503,30.2,5758.5,1.19,0.0678,14.99,193.2,13.22,14.816,122.9,1
77.89,0.572,22.63,0.45,3.514,27.19,6209.6,2.32,0.0489,14.37,176.7,12.13,14.873,112.3,0
78.56,0.925,21.41,0.03,3.517,31.75,6166.3,2.51,0.0125,15.43,181.0,11.95,14.831,123.9,0
76.78,1.325,21.61,0.11,3.491,30.5,6358.0,1.38,0.0541,14.99,173.9,11.93,15.391,118.0,0
77.27,1.238,22.85,0.9,3.467,29.93,5898.9,0.83,0.0363,13.97,173.3,11.26,14.967,129.2,0
76.49,0.951,23.13,0.21,3.509,29.88,5984.8,1.06,0.0044,14.83,197.1,11.32,15.097,113.5,0
76.27,0.798,23.15,0.18,3.605,29.67,5808.4,3.7,0.0201,14.62,184.8,12.92,14.91,118.1,1
77.58,1.032,21.46,0.77,3.557,28.69,6276.1,4.84,0.0583,15.25,172.2,11.77,15.055,120.8,0
77.66,1.376,23.27,0.24,3.509,29.81,6013.3,1.68,0.0548,14.3,175.0,11.97,15.014,112.2,1
75.91,0.722,21.01,2.06,3.55,28.93,6260.4,0.49,0.0141,16.27,164.2,13.0,14.867,123.3,0
76.04,0.826,21.84,0.62,3.577,29.42,6076.3,1.88,0.0193,14.24,192.6,11.63,14.695,123.9,0
78.04,0.515,22.31,0.4,3.513,28.19,6032.4,3.07,0.0158,15.83,194.0,12.83,15.187,128.2,0
75.38,1.517,22.51,0.18,3.434,30.07,6107.0,2.56,0.0789,15.58,177.2,12.95,15.539,124.2,0
77.8,0.722,22.83,2.41,3.512,29.97,6210.7,4.19,0.0588,14.84,190.6,10.3,14.958,121.2,0
79.95,1.001,21.99,1.72,3.395,31.79,6133.7,1.33,0.0411,14.89,191.5,12.4,15.26,117.8,0
78.64,0.446,23.1,0.03,3.558,31.86,6253.1,2.47,0.0131,14.69,176.1,12.68,15.263,124.0,0
75.54,1.77,22.16,1.23,3.524,30.32,5983.8,2.69,0.0142,14.9,162.9,12.16,14.941,115.3,1
78.98,4.11,22.34,0.27,3.416,35.12,6844.3,3.78,0.0351,14.18,203.4,13.06,15.211,108.2,1
80.23,1.067,21.56,0.94,3.481,28.26,5822.5,2.59,0.0088,14.41,177.9,12.1,14.832,124.0,0
80.49,1.244,20.71,0.13,3.518,30.26,5982.8,1.71,0.0262,14.99,182.8,11.86,14.933,115.3,0
77.47,0.873,21.57,0.03,3.468,29.22,6005.6,2.63,0.0054,15.75,175.4,11.28,14.873,119.7,0
75.67,0.599,21.4,0.11,3.502,31.64,6212.9,1.4,0.0528,15.39,176.3,12.42,14.957,124.3,0
75.47,0.951,21.07,0.25,3.591,28.87,6109.0,2.73,0.0985,15.4,175.0,11.71,15.379,119.8,0
78.4,0.287,21.68,0.01,3.517,32.22,5858.7,2.45,0.0107,15.17,180.0,12.7,14.859,126.2,0
74.88,1.337,22.65,2.46,3.508,30.95,6160.4,3.29,0.0495,15.02,180.6,10.74,14.653,127.0,1
77.07,0.243,20.92,0.61,3.542,32.69,6174.9,2.46,0.0726,14.38,182.0,12.02,14.936,124.6,1
79.94,1.447,22.96,0.2,3.547,29.27,5892.6,3.22,0.0289,14.36,176.5,12.83,14.982,117.4,0
78.54,1.425,21.27,1.07,3.465,29.15,5868.7,1.46,0.0425,15.36,196.8,12.72,15.227,123.6,0
76.25,0.157,20.92,0.75,3.568,30.16,5865.4,2.26,0.0416,15.09,171.5,12.75,14.429,122.5,0
77.39,0.253,20.96,0.47,3.496,28.86,6070.0,0.59,0.0472,15.09,176.1,12.67,15.242,119.9,1
78.83,0.439,21.81,1.66,3.572,29.18,5808.9,0.73,0.0787,15.87,169.5,12.0,14.962,122.5,1
77.86,0.97,20.93,0.0,3.528,30.65,6085.2,2.29,0.038,15.41,180.2,11.68,15.117,118.5,0
76.71,0.68,21.97,1.14,3.553,30.76,5976.2,2.58,0.0769,15.12,185.2,12.37,15.143,120.9,0
79.48,0.852,22.21,1.54,3.486,28.79,6027.4,0.24,0.0086,15.27,191.6,10.37,14.426,126.8,0
80.73,0.841,22.29,0.14,3.521,30.1,5949.3,2.76,0.0117,15.04,181.4,11.52,14.742,122.1,0
80.95,1.416,22.03,0.66,3.489,30.4,6130.0,1.39,0.0229,14.78,184.6,11.83,15.034,118.6,0
81.05,2.537,22.1,1.13,3.477,29.71,5948.2,2.55,0.079,14.59,184.5,12.93,14.72,112.9,0
78.03,0.615,21.36,0.31,3.516,30.46,5696.4,3.02,0.0093,13.3,179.8,12.39,15.12,116.2,0
75.09,1.401,21.52,2.29,3.471,29.36,6077.9,2.33,0.0431,15.56,191.2,11.68,15.114,120.2,1
78.98,0.914,22.82,0.12,3.52,31.04,6029.5,2.04,0.0082,14.57,171.9,11.29,15.022,121.2,0
78.9,1.342,21.91,0.27,3.466,32.14,6095.4,2.73,0.0513,15.19,183.0,12.52,15.152,124.3,0
79.53,1.035,22.15,0.43,3.55,29.3,6077.2,2.89,0.0332,14.26,182.6,11.88,15.124,113.7,1
77.96,0.26,21.62,0.2,3.585,31.5,5669.8,2.03,0.0364,14.03,182.2,12.29,14.933,122.4,1
79.89,0.937,22.13,0.17,3.549,28.75,6170.4,1.32,0.0133,14.84,183.6,11.41,15.028,124.1,0
76.44,1.239,21.9,0.37,3.563,31.68,6120.4,1.85,0.0466,14.69,190.9,13.52,14.991,129.1,0
77.12,0.225,22.15,0.89,3.462,27.29,5781.5,3.36,0.0803,15.26,186.8,12.93,15.038,118.6,0
78.51,1.85,22.72,1.41,3.462,30.07,5910.6,4.37,0.0641,14.82,181.8,11.53,14.98,121.2,1
78.03,2.037,22.47,0.44,3.382,30.38,5869.4,1.77,0.0035,15.25,185.1,12.46,15.461,116.8,0
78.84,1.399,21.66,0.91,3.515,29.85,5593.8,4.02,0.0322,15.11,175.0,12.69,14.863,114.3,0
75.62,0.976,22.37,0.2,3.56,28.71,5995.8,1.41,0.0109,15.41,169.8,11.99,15.17,119.8,1
77.01,0.111,22.78,0.26,3.602,29.46,5946.1,2.93,0.0098,14.84,171.0,12.17,15.028,122.3,1
77.82,0.582,22.38,1.07,3.467,30.82,6228.1,2.22,0.0457,15.71,163.1,11.08,15.175,121.4,0
77.82,0.598,21.78,0.48,3.476,32.09,6058.0,3.19,0.0325,15.75,179.3,11.93,15.097,120.2,1
80.58,1.226,21.55,1.25,3.459,30.86,6180.3,3.19,0.0529,15.03,191.6,11.78,14.893,120.4,1
78.68,1.403,23.11,0.26,3.534,31.01,5906.6,1.97,0.0343,13.7,183.8,12.05,15.22,115.2,0
75.35,0.332,21.13,0.45,3.477,33.18,5868.5,2.32,0.0085,14.58,183.3,11.55,14.864,125.7,0
79.29,1.192,23.27,0.5,3.45,31.21,5927.2,2.28,0.0012,14.2,185.2,11.38,14.946,122.1,0
75.39,0.722,23.04,1.41,3.554,31.47,5961.6,3.29,0.0857,16.0,179.5,12.75,15.29,118.1,1
78.55,1.556,21.58,0.68,3.533,32.59,6174.5,1.56,0.0029,14.9,179.4,11.41,14.429,123.4,0
78.4,1.597,21.07,0.56,3.56,29.64,6667.0,2.3,0.0527,13.81,183.7,11.83,14.589,120.1,0
80.1,0.568,21.9,0.17,3.495,31.13,6126.9,2.08,0.0466,14.66,173.5,10.53,15.167,122.7,0
76.44,0.993,22.84,0.48,3.547,31.58,6205.0,1.86,0.0602,15.51,169.5,13.03,15.034,117.2,0
77.31,0.532,21.67,0.07,3.59,29.6,6060.4,2.29,0.0852,15.18,178.3,11.86,15.133,111.8,0
76.08,1.032,22.55,0.84,3.428,28.21,5886.8,0.94,0.0949,14.47,167.7,10.71,15.037,123.3,1
77.53,0.831,22.62,0.04,3.562,30.48,5925.5,2.81,0.0589,14.87,183.6,11.5,14.928,124.8,0
75.51,1.404,22.1,1.46,3.492,30.14,5774.0,2.59,0.0021,15.77,194.6,11.29,14.79,121.7,0
75.81,0.833,22.6,0.45,3.501,31.76,5768.8,2.47,0.0215,15.56,185.2,12.01,15.294,120.5,0
80.02,0.335,22.01,0.56,3.457,28.84,6168.6,3.5,0.0232,15.04,181.4,12.56,14.768,113.0,1
81.38,0.622,21.34,0.16,3.472,31.3,5848.5,1.8,0.034,15.34,183.1,11.9,14.933,118.4,0
77.0,1.326,22.51,1.39,3.601,31.88,5897.1,1.97,0.0189,15.15,188.3,13.0,14.931,122.2,0
78.82,1.096,22.54,0.46,3.444,28.05,5938.4,2.24,0.0527,14.92,177.2,12.32,15.002,119.7,0
76.53,0.854,22.17,0.42,3.462,29.44,6015.7,1.74,0.0007,14.94,189.1,12.55,15.07,123.0,0
78.59,0.734,23.23,0.23,3.451,30.47,6089.7,2.41,0.0007,15.18,180.4,12.05,14.663,120.5,0
75.99,0.652,23.07,0.14,3.537,30.47,5877.4,2.93,0.0317,14.03,173.8,14.16,15.011,125.7,0
76.99,0.789,20.46,0.34,3.625,31.23,5813.0,0.44,0.0048,15.53,187.8,10.22,15.051,119.2,0
77.58,0.359,22.3,0.42,3.514,32.85,5917.6,2.78,0.0699,14.94,158.3,10.98,14.965,113.0,1
79.72,1.362,22.36,0.08,3.492,28.93,6166.2,0.41,0.0228,14.61,186.1,12.17,14.905,117.9,0
75.24,0.787,22.86,1.8,3.565,29.28,5485.1,1.26,0.0486,15.29,179.4,11.34,15.403,122.8,0
79.04,0.094,22.45,2.91,3.564,28.75,5539.5,2.4,0.058,15.42,160.7,12.94,14.652,113.9,0
78.72,0.552,24.03,1.0,3.419,26.0,6067.4,3.33,0.0204,15.72,189.2,12.75,15.168,119.2,0
79.18,1.033,23.03,1.76,3.587,29.33,6011.7,2.93,0.0368,14.95,207.7,11.26,14.844,118.5,0
75.69,0.576,21.49,0.83,3.536,30.31,5889.9,2.63,0.0913,14.48,189.0,10.74,15.427,119.1,1
75.55,0.263,22.68,0.65,3.63,30.63,5910.3,1.06,0.0131,14.8,193.4,12.95,15.279,120.7,1
77.99,0.798,22.86,0.04,3.576,28.42,6089.2,3.36,0.0148,14.64,177.5,12.9,15.0,118.3,0
73.91,1.817,22.66,0.01,3.409,27.67,5979.2,0.31,0.0706,15.62,185.6,12.24,15.036,123.9,0
77.12,1.027,22.36,0.64,3.452,28.13,6069.4,3.86,0.0198,14.73,187.0,11.51,15.341,118.4,0
77.44,0.363,21.36,0.42,3.414,31.41,6130.8,3.7,0.042,14.73,179.9,11.54,14.687,118.3,0
79.81,1.001,21.68,2.01,3.594,34.76,6181.2,0.55,0.1159,15.07,197.4,10.95,14.658,113.0,0
78.41,1.497,22.97,1.35,3.486,30.96,5520.2,1.13,0.0141,15.47,179.2,11.21,14.991,123.4,0
76.61,2.113,22.01,0.11,3.534,29.66,5914.4,2.23,0.016,14.69,176.9,12.67,15.204,119.1,0
75.42,1.451,22.19,0.18,3.57,30.73,6019.4,1.8,0.1013,14.47,183.5,11.52,14.839,122.0,0
77.26,1.018,22.24,2.33,3.467,29.84,6062.0,1.23,0.06,14.08,179.2,12.62,14.654,132.6,1
77.27,0.553,21.39,1.16,3.579,30.3,6281.3,2.19,0.0175,16.54,180.8,12.0,15.241,119.8,0
78.23,1.23,24.11,0.37,3.494,33.73,5871.6,3.17,0.0322,14.95,197.3,11.45,14.583,115.4,0
76.49,0.087,22.12,1.81,3.416,28.59,5556.4,2.5,0.0962,14.1,183.2,12.66,15.289,125.6,0
80.48,0.936,21.82,0.69,3.458,30.34,6197.4,2.99,0.1681,14.68,194.8,12.29,14.909,124.8,1
78.81,0.656,20.93,0.18,3.534,27.83,6010.6,2.57,0.0126,14.72,190.3,11.86,14.953,118.9,0
76.46,0.337,22.13,0.61,3.518,28.24,6065.9,1.78,0.0608,15.23,182.7,11.03,14.913,122.0,0
78.77,1.155,21.79,1.21,3.489,31.4,6272.7,2.12,0.1182,14.85,189.2,13.38,14.697,114.9,1
79.69,0.624,21.18,0.87,3.496,29.45,5706.6,2.33,0.0593,15.4,186.0,12.65,14.956,120.1,0
76.21,0.889,22.63,0.71,3.546,30.76,6029.0,4.0,0.0025,14.84,183.9,12.48,14.892,120.8,1
81.22,1.431,20.11,0.31,3.476,32.85,5856.0,2.61,0.004,15.61,191.2,12.8,14.8,124.7,0
74.5,0.866,22.21,1.18,3.535,31.31,6374.5,1.79,0.0198,14.84,176.4,11.84,15.186,122.1,0
78.92,1.367,22.09,1.01,3.481,29.37,6077.5,2.67,0.0243,15.3,175.4,12.72,14.844,123.6,0
77.78,0.813,22.55,0.0,3.442,30.99,5977.6,2.92,0.0614,14.52,185.2,11.37,15.09,115.5,0
79.29,1.15,21.85,0.89,3.528,30.12,6013.1,0.61,0.0038,14.96,184.8,12.47,14.896,116.5,0
75.7,0.979,22.53,0.33,3.53,28.71,6049.0,1.5,0.0301,13.97,182.3,11.75,14.521,127.2,1
76.53,1.501,23.32,0.97,3.485,29.5,5931.6,1.58,0.0041,15.52,178.2,11.08,15.37,122.3,0
78.26,1.031,21.95,1.78,3.492,30.31,5734.5,2.87,0.1256,15.5,184.4,11.29,15.105,116.1,0
76.21,0.978,21.73,0.25,3.565,29.2,6167.6,3.81,0.0173,15.32,175.1,12.43,14.811,114.9,0
81.89,0.826,20.78,2.07,3.595,30.98,5979.3,3.84,0.1138,15.73,174.5,13.11,15.089,113.9,0
80.3,0.567,21.08,0.5,3.529,31.57,5895.4,2.15,0.0701,14.87,170.9,11.59,15.277,124.1,0
78.44,0.781,22.7,0.17,3.524,29.51,5966.7,3.23,0.0381,15.47,181.9,11.74,14.862,119.8,0
79.12,2.151,21.77,0.03,3.483,29.32,5788.9,2.95,0.0141,14.83,169.1,12.41,14.802,118.6,1
78.34,0.903,22.19,0.69,3.497,30.52,6026.3,2.48,0.0189,14.61,194.7,11.07,14.71,123.2,0
77.29,1.16,21.64,0.2,3.546,30.19,6286.0,2.8,0.0355,15.5,187.2,11.78,14.87,121.7,0
79.63,0.99,22.13,0.73,3.508,29.19,5920.2,2.17,0.0018,15.47,181.8,11.62,14.458,121.9,0
76.0,1.434,20.58,0.04,3.478,30.43,5823.5,3.44,0.0167,15.94,178.0,13.11,15.338,114.3,0
78.18,0.926,22.38,0.11,3.531,29.21,6212.4,1.44,0.0352,15.46,185.5,12.52,14.865,126.9,0
78.72,0.084,22.19,1.0,3.475,29.54,6058.7,2.81,0.0482,14.98,173.6,13.04,14.619,126.3,0
75.83,1.386,22.69,0.27,3.474,27.44,5958.1,2.48,0.034,14.98,186.4,11.24,14.962,120.6,0
79.76,0.484,22.01,1.22,3.416,29.22,6149.0,1.83,0.0658,15.13,183.3,13.4,14.844,111.7,0
83.47,1.55,21.43,2.81,3.519,31.53,5953.3,5.0,0.0039,17.72,188.3,11.04,15.523,121.2,1
78.98,0.901,21.98,0.21,3.492,32.45,5940.5,1.97,0.0048,14.99,181.9,11.29,15.007,114.5,0
74.81,0.767,21.12,0.71,3.374,32.8,5868.7,3.38,0.0663,15.88,184.8,12.14,14.806,119.3,1
77.44,1.52,21.17,0.01,3.466,26.93,5934.9,3.23,0.0361,15.23,174.1,12.86,15.069,117.8,0
82.46,0.388,24.12,0.2,3.407,26.72,6221.3,4.25,0.0884,14.92,207.4,12.5,15.746,117.7,0
75.79,0.917,20.82,0.07,3.484,31.31,5792.4,0.2,0.0388,14.47,194.8,12.28,14.838,110.3,0
76.61,0.903,22.54,0.19,3.459,31.28,5954.3,3.44,0.0488,15.56,175.9,12.79,14.994,125.5,0
78.49,0.937,22.09,0.06,3.44,29.79,5847.0,2.84,0.0657,15.02,178.1,11.91,14.823,118.1,0
79.2,1.128,20.94,0.2,3.509,32.32,5690.2,1.35,0.0554,14.93,187.6,12.43,15.056,117.2,0
73.89,0.68,21.81,1.43,3.459,28.29,5907.6,1.92,0.0441,14.32,184.0,11.3,15.101,105.7,0
78.54,1.883,22.7,0.22,3.498,29.17,6071.6,2.56,0.0167,15.58,188.4,11.55,14.674,121.4,0
78.51,1.253,21.76,0.1,3.522,30.39,6030.4,3.3,0.0272,14.45,174.7,11.4,15.224,121.4,0
77.01,1.02,21.49,0.17,3.49,28.77,6185.4,2.6,0.0932,15.07,180.0,11.99,14.785,124.8,0
76.53,1.193,21.83,0.28,3.498,28.39,5960.6,1.73,0.0688,15.5,176.5,12.38,14.875,117.6,0
76.93,0.669,21.53,0.05,3.463,27.22,6067.9,2.16,0.0634,14.89,175.6,11.06,14.908,118.3,0
79.07,1.515,22.07,0.12,3.537,29.63,5704.2,2.14,0.0128,14.33,187.4,12.01,15.025,119.2,0
78.49,0.919,21.4,1.83,3.502,30.39,6078.8,1.42,0.0084,15.21,184.1,12.52,14.801,113.5,0
81.58,0.691,21.62,0.81,3.476,29.88,5942.8,2.4,0.0962,14.89,176.8,12.37,15.1,119.7,0
78.31,1.412,21.88,0.83,3.466,30.41,6002.2,1.71,0.0231,14.53,177.1,11.61,15.007,116.6,0
77.58,1.963,20.77,1.17,3.5,29.08,6356.2,2.21,0.0891,15.42,181.2,12.14,15.115,125.6,0
78.15,1.358,22.4,0.05,3.533,28.13,5809.9,1.74,0.0194,15.12,170.3,11.42,15.331,114.0,1
78.12,1.009,21.53,1.74,3.536,28.27,6167.3,2.9,0.1027,16.23,172.0,12.5,14.679,118.5,0
76.66,0.941,21.39,0.0,3.573,29.58,5909.9,0.76,0.0152,14.19,184.4,11.83,15.27,120.6,1
78.48,1.157,21.55,0.89,3.463,33.2,5662.4,2.72,0.019,15.44,177.0,12.93,15.178,118.1,1
74.84,0.93,21.91,0.09,3.523,31.29,6358.8,2.01,0.1474,15.12,192.1,12.78,14.797,121.3,0
77.52,1.465,21.18,0.33,3.578,30.01,6198.4,0.73,0.103,14.3,163.5,12.35,14.938,119.2,0
81.06,1.065,20.96,0.13,3.543,30.36,6273.5,1.53,0.0699,14.56,186.2,10.91,15.028,111.3,0
78.14,0.945,21.41,0.24,3.484,29.37,5890.6,3.72,0.0337,14.84,183.4,12.52,15.072,118.8,0
81.27,0.639,21.95,0.37,3.545,29.7,5927.3,2.71,0.0278,14.72,190.1,12.61,14.93,122.6,0
79.31,2.205,21.64,1.36,3.563,29.18,5900.6,1.9,0.0301,15.79,174.3,11.65,14.807,119.4,1
79.59,0.538,21.76,0.05,3.521,28.83,6175.9,2.86,0.0489,15.22,178.7,12.13,14.973,120.6,0
75.43,0.961,22.19,0.33,3.553,27.52,6502.3,4.0,0.0154,15.34,179.3,10.63,15.037,121.9,1
77.14,0.464,22.05,0.07,3.511,30.47,5962.4,1.5,0.0427,15.12,190.1,11.05,14.683,119.7,0
77.54,0.555,21.4,0.62,3.552,32.1,5378.3,3.31,0.096,14.99,186.1,10.32,15.039,125.3,0
76.76,0.606,22.38,0.04,3.468,30.73,5962.6,2.23,0.0344,15.21,181.8,13.88,15.306,114.7,0
76.39,0.073,23.08,0.06,3.539,29.7,5917.4,1.48,0.044,15.06,179.0,11.87,14.764,119.8,1
73.85,0.662,22.51,4.08,3.593,30.78,5806.1,2.78,0.1555,14.34,177.1,8.84,14.732,118.5,0
78.11,1.111,21.21,0.03,3.551,30.67,5910.4,3.07,0.0133,15.1,176.8,12.92,15.107,117.9,0
76.89,1.205,22.98,0.61,3.502,29.32,5991.3,2.54,0.0274,14.61,183.5,12.19,14.843,121.8,1
77.11,0.344,22.71,0.0,3.477,29.57,5951.8,2.4,0.0017,15.35,173.6,12.87,15.096,124.6,0
78.67,0.832,21.86,0.2,3.497,28.54,6206.8,2.4,0.0241,15.15,184.1,11.4,15.279,119.3,0
76.73,1.147,21.98,0.95,3.47,29.16,5882.2,2.32,0.0686,15.35,168.1,10.83,14.933,118.9,1
75.34,0.717,22.8,0.85,3.494,30.91,6058.6,2.13,0.0399,15.63,188.9,11.1,14.648,118.3,1
80.79,0.214,22.24,0.25,3.618,28.98,6023.4,2.98,0.0373,15.78,168.4,10.56,15.196,130.0,0
77.08,1.504,22.3,1.89,3.444,27.94,5815.4,4.28,0.0337,14.46,176.0,11.09,14.956,126.8,0
78.84,0.708,22.11,0.58,3.512,31.56,5828.7,3.45,0.0271,15.08,175.7,12.37,15.149,119.8,0
76.93,1.308,22.22,0.47,3.527,29.33,6103.2,2.88,0.0115,15.25,167.7,12.07,15.156,122.9,1
80.77,1.298,22.01,0.02,3.358,32.4,6113.4,3.68,0.0514,14.69,176.7,12.27,15.126,118.4,0
76.66,0.574,21.57,1.47,3.528,29.57,5794.5,2.29,0.102,15.24,176.8,11.02,15.211,117.9,0
75.66,1.359,21.09,0.18,3.516,29.56,6031.2,3.68,0.0367,14.28,180.3,10.93,15.099,114.8,0
79.49,1.257,21.76,0.05,3.511,30.57,6078.3,2.47,0.0632,15.18,185.9,10.88,14.79,118.9,1
80.12,1.282,21.36,1.16,3.473,26.73,6332.1,2.77,0.0164,15.49,195.8,10.89,15.095,115.5,0
76.53,0.815,22.74,0.01,3.439,30.22,5984.7,1.95,0.0305,16.01,179.0,12.93,14.788,118.8,0
78.32,0.677,22.38,0.65,3.471,31.68,6386.1,2.85,0.0653,15.92,171.6,13.02,14.675,123.6,0
77.51,0.894,21.38,0.3,3.481,29.38,5978.2,3.18,0.0809,15.18,187.8,11.45,14.601,119.4,0
77.18,1.008,22.32,0.14,3.479,26.7,5841.0,4.34,0.1007,14.52,182.9,12.16,15.114,118.4,0
78.44,0.981,21.05,0.22,3.509,29.84,5842.9,2.91,0.0296,15.51,168.3,11.52,15.459,131.7,1
79.41,0.028,23.21,0.41,3.454,31.43,6123.0,3.5,0.0139,14.84,177.1,11.25,14.914,112.6,1
78.0,1.157,22.21,0.02,3.465,30.0,6083.8,3.38,0.0664,14.62,174.4,12.84,15.258,121.4,0
76.72,0.124,22.47,0.5,3.482,31.18,6025.1,2.66,0.0466,14.75,182.2,12.19,14.538,120.1,0
79.27,1.109,23.46,1.78,3.567,31.28,5543.6,0.12,0.0672,15.23,185.8,12.68,15.13,124.7,0
76.09,0.399,22.14,0.15,3.536,28.63,6169.5,4.03,0.02,14.97,176.5,11.78,15.225,125.8,0
78.27,1.087,20.85,0.59,3.471,30.37,6181.1,4.49,0.1473,16.14,177.8,10.12,14.79,116.0,0
78.22,0.486,21.81,0.42,3.473,31.53,5858.5,3.08,0.021,15.31,185.9,11.64,15.251,117.6,0
79.5,0.734,22.1,0.35,3.462,29.5,5747.3,3.15,0.0197,15.35,187.5,12.28,14.831,123.9,0
77.89,0.695,21.69,0.07,3.421,29.37,6024.8,4.12,0.1452,14.96,180.1,12.53,14.59,119.4,0
77.11,0.628,21.0,0.39,3.521,30.53,5954.4,3.6,0.1018,15.58,169.6,12.45,14.871,124.7,0
79.79,0.559,22.21,0.7,3.472,32.54,6192.5,2.8,0.0278,15.38,186.1,11.85,15.451,119.8,0
78.47,0.073,21.23,0.03,3.547,30.44,6381.9,3.37,0.0054,14.94,180.1,11.77,15.303,120.3,0
77.86,0.28,23.06,0.45,3.573,31.25,5899.5,3.64,0.1526,15.26,186.0,13.37,15.148,117.9,0
81.54,2.887,23.36,0.61,3.421,30.9,6054.3,4.68,0.0547,13.85,184.1,12.22,14.26,119.4,0
78.33,1.329,22.86,0.04,3.434,28.17,5946.1,4.45,0.0068,15.05,194.1,11.56,15.119,112.5,1
78.14,1.126,22.01,0.38,3.563,32.69,5958.4,1.95,0.0226,14.93,168.6,11.26,15.133,115.5,0
76.66,1.095,21.53,0.1,3.435,31.27,5726.2,3.38,0.0274,15.38,193.1,12.26,15.058,112.6,0
78.99,0.812,21.8,0.09,3.56,29.52,6151.5,1.17,0.0813,15.13,195.6,11.05,15.127,117.4,0
76.82,0.21,21.93,0.09,3.505,29.7,6034.9,1.64,0.0131,14.68,186.3,12.32,15.077,118.7,0
77.47,0.448,20.78,0.59,3.548,28.9,6249.9,3.22,0.0492,14.35,166.8,12.61,14.79,120.2,0
76.88,1.092,21.8,0.68,3.448,27.23,5980.7,2.69,0.0319,15.19,180.9,11.92,14.993,120.7,1
75.78,0.677,21.71,1.14,3.411,29.54,6144.5,2.91,0.0719,14.25,169.6,11.26,15.396,121.8,1
76.23,0.827,20.46,0.23,3.542,32.27,5948.1,3.04,0.0395,15.47,175.7,11.68,15.124,115.8,0
76.97,0.939,22.48,0.32,3.554,30.12,5915.3,3.51,0.0276,14.6,184.2,11.2,15.105,113.3,0
75.61,1.964,21.91,0.98,3.401,21.78,6371.0,4.79,0.077,15.67,170.6,12.0,15.47,117.3,1
77.64,1.173,22.54,0.36,3.497,29.01,6024.2,3.16,0.0481,14.68,186.4,12.04,14.928,123.0,0
80.24,0.892,23.2,0.44,3.527,24.88,5538.3,1.41,0.1224,15.11,206.4,10.39,15.203,125.0,1
82.54,1.529,21.63,1.51,3.425,30.49,6390.6,3.46,0.0314,15.3,175.1,13.12,15.279,128.3,1
77.98,1.198,23.4,0.9,3.529,35.29,5876.6,1.55,0.0777,16.39,174.0,14.14,14.847,118.2,0
79.07,0.929,21.45,0.45,3.445,31.07,6060.6,2.56,0.0437,15.12,184.1,12.34,14.91,120.4,0
79.38,0.95,21.89,0.09,3.524,29.47,5840.8,1.17,0.1052,15.17,175.8,12.08,14.926,121.1,0
76.84,0.404,19.4,1.63,3.41,31.4,6329.8,2.92,0.0657,14.5,175.0,13.23,14.826,123.7,0
78.86,0.692,21.51,1.34,3.539,32.05,6187.4,2.7,0.0357,15.32,154.0,12.07,15.204,123.4,0
78.02,0.56,22.35,0.28,3.507,27.92,5808.9,2.2,0.0132,14.89,185.6,13.29,15.126,122.6,0
76.98,1.543,23.29,0.3,3.572,26.45,5821.9,3.34,0.0135,14.54,206.0,11.54,16.019,116.6,1
82.89,2.44,22.74,0.02,3.466,34.47,6142.2,1.15,0.0533,14.79,193.7,10.46,14.857,123.9,0
79.59,1.587,21.21,1.5,3.455,29.38,6280.5,1.62,0.0345,14.55,176.1,12.06,15.06,118.4,0
77.44,0.811,21.32,0.03,3.529,30.39,6000.1,2.11,0.0466,14.65,182.2,12.34,15.064,125.8,0
81.99,0.719,21.46,1.53,3.527,29.74,5743.3,3.25,0.1015,15.02,169.5,12.29,14.499,124.6,0
80.18,1.083,20.34,0.02,3.464,30.07,5827.8,1.3,0.0613,14.48,183.2,11.82,14.714,118.3,0
75.63,1.036,21.99,0.17,3.506,30.55,6088.2,2.85,0.0388,14.76,158.9,12.59,15.453,118.3,1
78.06,0.945,22.16,0.37,3.461,28.24,6011.9,3.06,0.005,15.3,179.5,12.1,14.608,118.3,0
79.86,0.925,23.16,1.03,3.57,27.51,5922.4,1.52,0.0472,14.87,179.8,12.47,14.959,122.4,1
78.14,1.019,22.04,0.38,3.459,28.38,6129.7,2.31,0.0739,14.7,172.3,12.19,15.124,115.2,0
77.12,1.095,22.24,0.32,3.423,30.68,6196.0,3.12,0.0618,14.56,201.4,11.68,15.112,123.6,0
77.79,1.41,21.39,0.11,3.559,29.91,6251.1,3.2,0.0444,14.76,186.4,10.81,14.937,118.9,0
77.72,1.21,22.53,0.8,3.482,30.67,5971.3,2.73,0.0362,14.35,187.8,11.47,14.926,120.6,0
81.39,0.536,21.87,0.64,3.645,28.95,5898.7,0.96,0.1243,15.33,192.2,12.65,15.308,116.5,0
77.47,0.888,20.39,0.16,3.464,31.16,5708.7,1.26,0.0472,14.44,184.3,11.64,15.05,118.3,0
76.47,0.029,23.27,0.16,3.498,30.58,5960.0,2.88,0.0304,15.26,196.1,11.23,14.947,118.5,0
80.19,1.688,22.73,0.04,3.446,29.96,5818.3,4.43,0.0255,15.66,178.6,10.83,15.536,112.0,1
76.12,0.082,22.11,0.39,3.514,30.64,5879.9,3.09,0.0167,14.87,175.6,12.32,14.856,118.8,0
76.82,0.133,21.72,0.02,3.547,27.7,6039.7,3.08,0.1333,14.32,171.6,12.35,14.435,117.5,0
77.62,0.398,24.47,1.36,3.724,32.0,5521.5,2.55,0.0108,16.56,177.3,10.95,14.896,113.6,0
78.64,0.674,22.0,1.26,3.517,28.81,6055.2,3.34,0.063,15.11,178.2,11.65,15.196,127.2,1
79.75,1.142,22.98,0.48,3.42,28.86,6007.9,1.29,0.1008,15.86,171.6,10.36,15.314,118.3,1
80.63,1.129,23.3,0.08,3.495,31.99,5789.7,1.1,0.0938,14.91,185.0,11.13,15.262,125.3,0
76.67,0.698,23.4,0.39,3.537,26.84,5892.1,2.65,0.0025,15.5,181.9,11.56,14.957,117.7,1
77.36,0.812,21.83,0.37,3.492,30.19,5727.1,2.27,0.0264,15.19,220.1,12.67,14.366,115.2,0
78.42,0.612,22.12,0.24,3.431,29.21,6077.9,3.36,0.0299,15.05,193.7,11.63,15.168,125.0,0
78.8,0.012,22.08,2.27,3.448,32.9,6036.4,3.83,0.0115,14.11,190.4,12.25,15.13,113.9,1
78.5,1.204,21.13,0.12,3.518,31.96,5822.4,1.93,0.1232,15.19,180.8,12.24,15.112,125.9,0
79.88,0.175,21.45,0.39,3.49,30.83,6089.6,1.47,0.0531,14.64,183.5,13.14,15.139,127.1,0
74.72,2.465,22.25,2.75,3.619,32.16,6030.9,5.02,0.2088,18.05,169.6,11.8,14.845,121.9,0
79.14,0.923,22.46,0.04,3.507,30.09,5914.4,2.49,0.0361,14.62,182.6,12.19,15.077,123.7,0
75.77,0.386,22.13,0.05,3.414,29.27,6165.6,2.45,0.0349,15.28,184.3,12.58,15.019,125.9,1
77.21,0.255,21.82,0.07,3.469,28.18,6161.7,1.82,0.0061,14.45,173.9,12.35,14.776,117.8,0
78.48,1.288,20.47,2.11,3.565,30.94,5879.9,1.37,0.0397,16.69,193.8,12.35,15.41,128.5,0
75.96,1.044,22.35,0.09,3.489,29.83,5519.8,3.4,0.0329,14.95,189.6,12.59,15.102,128.5,0
78.35,0.702,21.01,0.35,3.549,31.2,6020.2,3.13,0.0409,14.81,184.0,11.85,14.673,119.4,0
78.1,1.049,21.74,0.88,3.441,27.1,5855.5,1.99,0.102,16.05,172.0,11.84,15.023,133.2,0
80.51,1.24,22.59,0.4,3.634,28.85,6064.5,2.43,0.0631,15.72,177.8,11.79,14.705,124.5,0
78.43,0.249,22.73,0.64,3.502,31.06,6172.3,2.42,0.0249,14.75,172.0,11.34,14.848,115.5,0
78.05,1.422,22.08,0.68,3.639,31.27,6199.2,3.29,0.1047,15.35,173.8,12.74,14.885,121.8,0
76.95,0.471,22.51,2.53,3.534,28.13,5881.0,1.89,0.0131,16.21,181.9,11.64,14.931,118.7,0
79.53,0.465,22.79,0.17,3.548,28.46,6010.8,2.11,0.0012,15.37,184.4,12.09,15.071,128.2,0
79.36,0.251,22.85,1.55,3.575,27.59,6337.5,1.74,0.1171,14.63,202.5,12.85,14.509,106.0,0
78.61,1.366,21.68,0.65,3.512,30.58,5876.9,2.71,0.0602,15.13,167.0,12.42,15.002,111.9,0
74.75,1.465,22.29,0.21,3.586,29.95,5828.5,2.16,0.0742,15.29,179.5,12.5,14.957,125.0,0
78.7,1.45,21.49,0.0,3.441,29.99,5588.7,2.81,0.0835,15.07,168.7,13.05,14.892,119.2,1
78.7,1.309,21.71,0.19,3.579,26.75,6006.7,2.53,0.0088,15.17,176.9,11.89,15.455,121.4,0
77.19,1.643,21.57,1.04,3.427,28.47,5853.0,2.56,0.0412,15.23,157.3,11.16,15.109,131.8,0
77.21,0.906,21.61,0.08,3.546,30.07,6089.8,3.06,0.0394,15.04,177.6,11.96,14.694,124.3,0
76.9,0.759,21.07,0.54,3.563,29.58,6074.1,2.05,0.0616,15.44,166.2,11.33,15.2,111.8,1
81.34,1.929,21.14,1.11,3.462,23.67,6202.5,3.69,0.0376,14.2,189.6,13.31,14.817,126.3,1
79.62,0.968,22.46,0.21,3.374,28.97,6655.7,3.31,0.0604,14.61,178.0,12.63,15.619,120.7,0
77.83,1.541,21.94,0.68,3.397,29.37,6226.9,2.28,0.0822,15.68,194.8,11.77,14.926,124.1,0
78.66,1.143,21.66,0.31,3.518,29.78,6072.3,3.37,0.0196,16.16,181.4,10.9,15.302,122.7,0
77.72,0.73,21.64,0.59,3.499,32.08,5958.6,3.65,0.0225,15.09,178.1,11.63,14.872,116.6,0
75.76,1.006,22.99,0.4,3.454,30.21,5861.2,1.33,0.0299,14.75,194.5,12.33,15.315,115.6,1
76.46,0.405,22.6,0.88,3.48,29.65,5538.2,2.85,0.0432,15.0,185.1,12.08,15.017,120.8,0
75.28,1.049,22.03,0.02,3.435,28.8,6148.4,3.15,0.0931,15.31,186.1,10.86,15.346,125.7,1
75.97,0.486,22.09,0.18,3.469,33.57,5786.6,1.87,0.2016,17.23,191.8,8.81,15.255,116.6,0
79.92,0.197,23.34,0.44,3.559,30.56,5845.9,2.04,0.047,16.37,186.7,13.13,15.146,116.6,0
76.37,1.7,22.44,0.75,3.433,30.23,6075.0,0.96,0.0628,16.37,211.0,11.96,14.905,121.5,0
77.94,1.784,21.11,0.01,3.534,30.8,6017.6,2.04,0.0187,15.05,172.2,11.18,14.946,112.7,0
77.79,0.831,23.74,1.25,3.418,27.8,6277.0,2.79,0.0378,15.03,182.7,12.45,14.896,122.8,0
72.07,1.382,22.56,1.57,3.606,29.04,5914.3,1.95,0.051,15.3,179.0,11.19,14.961,111.7,1
76.98,0.834,21.87,0.17,3.559,28.63,6140.5,3.52,0.0257,15.22,184.3,11.37,15.075,121.1,0
77.13,0.716,22.33,0.5,3.469,28.44,5545.9,3.07,0.0511,14.49,170.6,11.6,15.114,123.1,0
76.69,0.642,23.14,0.26,3.492,29.43,6015.4,2.68,0.0619,14.26,167.7,12.86,15.279,113.3,1
79.59,0.047,21.45,0.25,3.541,28.62,6247.9,2.82,0.07,15.03,169.1,11.46,14.602,126.8,0
79.04,1.319,21.09,1.5,3.495,26.84,5832.4,2.38,0.0059,14.72,180.6,11.06,15.269,122.0,0
81.83,0.778,22.69,0.83,3.48,27.98,6045.3,3.8,0.0048,14.86,179.6,11.77,14.941,121.5,0
73.99,1.401,22.31,0.98,3.574,29.23,6191.2,4.87,0.0196,15.12,170.7,11.51,14.926,116.5,1
78.68,1.469,23.66,0.66,3.5,29.87,6226.1,3.6,0.0862,14.92,199.7,11.69,15.202,123.0,0
78.25,1.447,21.55,0.69,3.372,28.87,6417.2,4.53,0.0088,13.6,182.8,11.94,14.774,119.2,1
75.2,2.426,22.24,0.01,3.473,28.08,5901.4,2.57,0.0393,15.84,184.5,11.91,14.889,117.8,0
76.78,1.914,23.53,0.61,3.515,30.24,5846.3,2.96,0.105,15.49,175.6,12.16,14.929,115.5,0
78.98,1.363,21.57,2.0,3.497,28.47,5884.7,1.8,0.0706,16.4,166.3,11.24,14.814,126.5,0
78.47,1.466,22.14,0.55,3.447,32.64,5831.6,0.58,0.0033,15.84,180.7,11.28,15.116,132.3,0
79.31,0.404,20.78,0.02,3.501,28.99,6354.1,2.54,0.0449,15.43,179.9,10.86,14.622,117.7,0
77.44,0.398,21.95,0.45,3.534,29.36,6305.9,3.22,0.0613,15.85,182.7,11.14,15.124,120.8,0
77.41,1.671,23.02,0.86,3.503,30.27,6013.5,0.13,0.0061,14.9,176.6,11.71,14.914,124.3,0
79.9,0.784,21.88,0.06,3.471,31.44,6506.4,2.73,0.0145,15.34,179.1,12.4,15.168,117.3,0
78.36,1.174,22.55,0.11,3.54,30.91,6198.6,5.02,0.0865,14.39,175.4,12.8,14.856,127.6,1
74.64,0.195,21.69,0.11,3.447,29.48,5760.0,3.53,0.0511,14.38,177.5,11.89,15.503,121.7,1
78.29,0.015,22.9,0.4,3.531,29.17,6046.9,3.05,0.016,15.43,187.1,11.85,15.194,120.5,1
79.62,0.625,22.81,0.09,3.533,29.89,6160.0,3.1,0.0325,15.27,188.5,12.66,15.195,122.1,1
75.21,1.665,21.77,0.16,3.502,31.1,5741.7,3.47,0.0184,15.23,184.8,13.09,14.051,123.0,0
78.17,0.289,21.91,0.12,3.595,30.27,5910.2,3.72,0.0233,16.05,177.7,12.96,15.412,118.9,0
76.79,1.427,21.81,0.04,3.532,31.24,5773.4,2.38,0.092,14.9,184.4,12.17,14.772,123.0,0
74.39,0.187,22.98,0.48,3.56,32.24,6549.4,0.28,0.1575,15.38,206.7,9.88,15.2,122.9,0
80.01,0.978,22.14,1.34,3.492,29.9,6061.4,3.43,0.0958,15.35,182.8,11.47,14.98,127.1,0
79.31,0.938,20.65,0.41,3.44,30.54,5961.1,2.37,0.0363,15.78,175.5,11.78,14.815,121.8,0
72.93,1.822,21.83,0.15,3.425,30.43,5679.5,1.35,0.1043,14.6,177.2,12.28,15.038,124.9,0
79.3,0.243,22.23,0.2,3.566,29.21,6078.7,1.87,0.0453,14.94,182.0,12.0,14.861,121.0,0
77.21,0.875,22.36,0.02,3.397,28.3,5734.6,1.72,0.0662,14.95,173.5,10.52,14.852,114.9,0
79.42,1.02,22.72,1.72,3.492,28.98,6207.7,3.0,0.0606,15.2,179.7,12.0,14.698,120.9,0
77.66,1.408,22.6,0.03,3.473,30.05,6147.3,1.92,0.0594,15.12,190.0,12.53,14.851,120.2,0
74.92,1.527,21.64,0.73,3.454,29.56,5496.5,2.67,0.0748,14.91,180.7,11.71,15.136,113.4,0
79.3,0.178,21.53,0.51,3.514,29.46,5948.5,2.23,0.0174,14.97,171.9,13.35,14.758,123.9,1
77.57,1.267,21.18,0.09,3.478,29.96,5845.2,1.93,0.0047,15.31,177.3,12.23,14.849,114.9,0
77.74,0.99,21.34,0.02,3.516,30.53,5945.6,0.95,0.0318,14.32,172.3,12.37,15.348,125.9,0
77.53,1.205,22.91,0.8,3.498,29.61,5729.5,1.72,0.0461,15.21,184.7,11.27,15.025,122.4,0
80.7,0.67,22.81,0.32,3.42,28.95,5895.3,3.09,0.0284,15.54,180.5,11.29,15.288,126.9,1
77.38,0.047,23.06,0.37,3.534,30.64,6161.8,2.43,0.0448,15.23,173.5,10.65,14.953,118.8,0
76.94,0.77,21.61,0.5,3.487,32.19,6324.8,3.13,0.0366,15.34,184.0,11.26,15.09,123.4,0
76.51,1.091,23.0,1.5,3.478,30.62,5844.7,2.46,0.0548,15.35,184.1,12.07,14.987,115.4,0
78.11,0.805,20.27,0.48,3.451,31.46,5888.0,2.59,0.1075,14.23,162.8,12.08,14.369,110.0,0
79.19,1.214,22.77,0.32,3.433,31.98,6168.2,2.12,0.0193,15.04,187.4,11.16,14.888,121.0,0
80.33,0.834,21.79,0.46,3.567,29.89,5881.2,4.31,0.0089,16.66,182.1,10.38,14.996,121.5,0
79.08,0.891,22.38,1.02,3.441,28.63,5977.7,2.37,0.0084,15.09,202.6,12.68,14.766,121.2,0
77.19,0.042,21.73,2.14,3.655,27.75,6062.8,3.49,0.119,14.95,159.0,10.39,14.696,108.1,0
76.85,1.502,21.85,0.31,3.451,31.86,6073.9,3.5,0.0374,14.71,188.9,12.54,15.122,120.4,0
76.19,0.982,22.22,0.14,3.514,28.17,6095.1,2.71,0.0746,14.94,180.1,11.62,14.808,116.9,0
78.35,0.945,22.85,0.69,3.552,31.38,6196.3,2.59,0.064,15.41,188.2,11.3,14.776,118.7,0
77.3,1.716,22.98,0.37,3.436,30.2,5757.8,2.06,0.1394,15.29,202.1,13.2,14.833,135.2,0
80.91,0.652,21.55,0.4,3.582,30.99,6137.5,2.68,0.0458,15.05,185.9,12.57,15.248,119.6,0
77.66,0.543,22.25,0.26,3.473,29.31,5737.8,1.14,0.0591,14.63,173.7,12.57,14.792,124.2,0
79.98,0.748,21.08,0.4,3.433,29.19,5939.6,3.36,0.037,14.61,172.4,10.76,15.131,120.7,1
78.93,2.651,22.53,2.4,3.471,31.64,6190.9,1.45,0.152,15.61,196.5,12.06,14.42,104.5,0
78.63,0.284,22.49,0.82,3.538,31.55,6217.8,2.94,0.0137,14.44,192.3,11.46,14.845,118.4,1
80.08,1.132,23.18,0.03,3.511,30.98,6024.3,2.61,0.0119,15.19,175.7,12.09,15.169,113.1,0
78.82,0.057,22.7,0.27,3.475,27.03,6088.6,2.18,0.036,15.59,190.8,11.35,15.117,112.8,0
77.45,1.048,21.96,0.76,3.478,31.16,6232.0,1.98,0.0067,15.27,172.7,11.68,15.123,121.9,0
79.25,0.46,20.68,0.74,3.585,29.04,6020.2,1.97,0.0516,14.96,169.1,12.33,14.835,116.7,1
80.53,1.738,21.61,0.75,3.437,29.96,5952.6,2.42,0.0112,15.16,164.8,12.27,15.362,109.7,1
78.62,0.945,22.38,0.32,3.451,32.54,5932.9,2.39,0.0138,14.36,192.8,12.55,15.087,115.3,0
76.45,1.212,22.13,0.05,3.533,31.16,6100.8,2.04,0.0207,14.33,180.7,12.68,14.861,126.7,0
77.0,0.61,21.23,0.39,3.491,29.14,6236.9,2.33,0.0151,15.71,178.5,10.84,14.91,119.3,0
77.38,1.096,21.4,0.32,3.459,29.44,6040.5,2.25,0.0084,15.84,174.4,12.73,14.803,118.3,1
76.17,0.361,22.09,0.49,3.508,29.42,6081.4,1.47,0.0035,15.36,178.2,12.21,15.132,114.1,0
76.99,0.553,20.63,0.22,3.527,27.66,5953.1,1.68,0.0082,15.43,171.1,11.94,14.846,118.3,1
77.92,1.421,22.45,0.46,3.531,30.57,6051.6,1.35,0.0288,15.52,178.0,11.61,14.902,121.2,0
77.51,0.568,22.86,0.51,3.463,29.27,5883.8,2.78,0.0029,14.26,184.9,11.21,15.131,120.8,0
74.68,0.542,21.53,0.4,3.468,29.76,5931.0,2.78,0.1169,14.95,179.0,12.17,15.129,120.7,0
76.34,1.674,22.89,0.72,3.486,27.97,6264.6,2.65,0.0222,15.63,181.5,11.56,14.896,121.7,0
77.79,0.378,22.47,0.43,3.544,29.71,5573.6,2.33,0.0486,13.88,198.1,11.96,15.221,129.6,1
80.66,0.761,21.45,1.08,3.487,30.21,6009.3,1.61,0.0286,14.77,179.4,11.51,15.002,114.5,0
80.09,0.982,21.87,0.33,3.446,28.56,6124.8,2.29,0.0242,14.72,164.2,12.86,14.679,113.6,1
78.15,2.482,22.28,0.33,3.38,31.75,6531.0,2.12,0.0138,16.03,173.3,11.69,14.565,141.9,0
75.99,1.632,21.93,0.64,3.538,29.33,5738.6,2.56,0.008,15.15,200.3,11.43,15.126,122.0,0
77.23,0.552,22.84,0.23,3.463,27.84,6089.9,2.37,0.0295,15.5,196.1,12.22,15.409,117.6,0
78.49,0.74,23.73,3.5,3.548,29.45,6385.4,1.79,0.0659,13.95,169.3,11.58,14.29,105.0,0
80.07,0.124,20.39,0.66,3.519,26.6,5805.7,0.13,0.0135,15.09,170.9,11.54,14.423,113.0,1
78.51,1.072,21.87,0.07,3.483,30.42,5923.6,0.92,0.032,14.71,177.1,12.15,14.955,120.5,0
84.3,1.668,24.32,1.42,3.57,27.0,6365.1,4.01,0.0604,14.82,163.8,11.65,15.664,116.0,1
78.63,1.57,22.9,0.05,3.537,27.4,6132.8,0.42,0.0649,15.32,190.3,11.91,14.85,115.2,0
78.94,2.217,22.03,0.24,3.595,27.58,5686.6,3.37,0.0883,15.82,188.0,12.41,14.843,132.4,0
77.22,2.289,21.52,0.76,3.403,31.81,6055.2,1.3,0.0394,14.71,166.9,12.55,15.028,118.8,0
77.33,1.031,21.9,0.06,3.502,31.88,5953.0,1.55,0.0186,14.66,164.7,11.42,14.856,120.3,0
80.87,1.396,22.29,0.71,3.51,29.64,5973.1,2.46,0.0204,14.51,173.7,13.48,14.647,119.8,0
75.77,0.907,22.55,0.1,3.525,30.7,6331.2,3.0,0.0075,14.74,168.2,11.53,14.89,117.1,0
78.94,0.143,21.32,0.15,3.528,31.35,6284.9,3.26,0.086,14.41,178.3,11.4,14.758,114.3,0
77.41,2.132,21.32,0.21,3.478,28.78,5527.9,3.36,0.042,15.27,183.1,12.35,14.976,116.2,0
79.29,0.631,21.63,0.62,3.534,28.33,6021.0,2.31,0.0193,14.71,170.1,12.45,14.854,116.7,0
77.51,1.712,22.51,0.39,3.448,28.31,6037.8,2.63,0.0134,15.22,174.9,11.85,14.913,112.0,0
76.59,0.036,21.42,0.21,3.584,31.3,6055.1,2.65,0.0206,14.6,178.5,12.3,14.489,119.0,1
77.33,1.051,21.08,0.15,3.484,33.1,6169.1,2.04,0.0279,15.09,199.4,12.35,14.878,119.3,0
75.87,1.303,22.24,0.42,3.466,31.04,5869.5,3.0,0.0428,15.1,159.7,11.84,15.215,116.3,0
78.68,1.712,22.04,0.94,3.417,31.39,5993.6,3.8,0.0097,13.79,187.3,11.8,15.177,118.1,1
79.19,1.036,22.07,0.28,3.47,31.08,6141.2,3.08,0.0181,14.76,177.0,11.42,14.811,118.9,0
78.49,0.116,21.87,0.36,3.51,31.14,5999.3,2.92,0.0006,15.2,189.0,11.57,15.181,127.3,0
78.75,1.675,21.25,0.22,3.593,31.81,5989.9,3.16,0.0374,14.9,180.4,12.18,15.181,120.8,1
80.62,0.798,22.13,0.07,3.512,31.94,6437.6,3.55,0.139,14.74,186.2,10.95,14.73,120.9,0
78.69,0.475,21.42,1.02,3.59,31.63,5924.1,1.16,0.0126,15.4,182.5,12.86,14.791,125.9,0
77.46,0.844,22.3,0.08,3.491,29.22,6235.9,3.82,0.0159,14.85,159.6,12.11,15.09,120.3,1
80.15,1.497,21.01,0.37,3.475,28.96,5740.4,2.07,0.0015,15.84,189.1,12.69,14.725,117.4,0
78.9,0.73,22.31,0.63,3.453,31.23,5714.9,3.66,0.0772,14.52,189.3,12.05,14.628,114.0,0
78.0,1.038,21.97,0.87,3.467,26.76,5904.1,2.81,0.0316,14.93,180.9,11.31,14.842,124.5,0
78.84,0.933,23.01,0.08,3.532,30.39,5862.9,2.39,0.069,14.91,187.4,12.95,14.959,127.1,0
78.02,0.153,22.35,2.13,3.57,23.34,6594.6,1.68,0.0212,14.59,176.9,11.67,15.837,119.5,0
76.61,1.145,23.23,0.02,3.492,31.52,5761.6,4.41,0.0248,15.07,195.9,12.4,15.276,119.8,0
77.47,0.409,22.99,2.55,3.503,31.2,5947.9,2.77,0.1096,14.94,162.8,12.3,15.306,114.0,0
77.54,1.29,21.94,0.14,3.558,30.3,6002.4,1.15,0.0488,15.68,178.9,11.75,15.017,120.4,0
75.67,1.123,22.93,0.8,3.493,30.39,6026.9,1.37,0.0107,15.57,182.8,11.49,14.972,116.7,0
76.23,0.445,22.36,0.76,3.621,29.11,6093.5,3.75,0.0506,14.98,176.0,12.12,15.106,121.0,1
80.11,0.827,22.78,0.0,3.534,30.16,6028.0,3.21,0.0789,15.63,183.9,11.3,14.945,113.2,0
78.08,0.933,22.61,0.19,3.42,30.81,5954.3,4.98,0.0115,14.58,181.2,13.54,15.546,119.6,1
79.55,0.673,21.76,0.36,3.435,29.24,6142.8,2.31,0.0308,15.26,172.5,11.79,15.196,116.4,0
75.82,2.421,21.53,0.0,3.529,27.33,6042.0,2.0,0.0385,15.21,181.7,10.66,14.848,122.3,1
76.34,1.109,21.52,0.61,3.474,30.67,5863.7,3.99,0.0303,14.72,176.6,11.52,14.991,119.5,0
77.01,0.979,21.69,1.34,3.492,27.99,6244.7,3.61,0.0354,15.09,175.4,10.6,15.188,112.8,0
77.58,0.288,21.6,0.1,3.483,31.09,5913.7,1.96,0.0437,14.81,185.8,11.52,14.932,118.8,0
77.18,1.29,22.03,0.79,3.459,32.29,5979.5,0.95,0.0525,14.78,177.2,12.24,14.849,122.8,1
77.83,0.324,20.64,0.62,3.467,29.24,5826.5,3.47,0.0007,14.8,174.5,13.4,15.869,117.5,0
75.19,1.567,23.25,0.82,3.526,30.99,6363.1,2.69,0.0069,14.6,192.5,13.16,14.96,126.4,0
78.81,1.118,21.31,0.04,3.422,31.57,5923.0,3.81,0.0018,14.73,167.4,11.2,14.923,110.0,0
78.19,1.124,22.13,0.07,3.473,30.49,6102.0,1.86,0.0603,14.56,167.6,12.14,15.461,118.6,0
77.19,1.435,21.78,1.4,3.458,31.33,6083.8,1.92,0.0461,15.53,173.9,11.73,15.085,124.8,1
77.87,1.125,20.56,0.44,3.492,29.76,5914.5,4.86,0.0005,15.65,188.1,11.62,15.3,123.3,0
77.78,1.14,21.85,0.3,3.422,29.32,6177.4,2.51,0.0353,14.59,184.8,12.51,15.087,121.7,0
77.27,0.461,22.71,0.14,3.484,28.02,5711.4,1.89,0.0151,15.39,177.3,12.09,15.158,118.9,0
75.57,0.749,24.24,0.74,3.445,31.72,6046.9,2.71,0.076,13.58,187.1,12.64,14.921,118.0,1
78.19,1.521,21.77,1.28,3.558,28.87,5935.3,3.78,0.0651,15.0,175.7,12.88,15.049,119.7,1
78.79,1.235,22.21,0.83,3.509,30.32,5906.1,0.17,0.0441,15.47,181.3,11.02,15.394,113.5,0
79.53,1.572,21.41,0.63,3.548,30.1,6398.6,1.82,0.0113,14.81,181.7,11.92,15.294,120.3,0
77.72,0.557,20.89,0.86,3.534,29.03,5994.8,0.92,0.0527,14.83,175.7,13.15,14.718,116.5,1
76.21,1.481,22.34,0.89,3.494,28.4,5902.7,1.6,0.0574,15.46,183.9,12.76,14.808,113.5,0
77.69,0.558,21.18,0.2,3.493,29.34,5850.8,3.34,0.0355,14.99,168.3,12.79,15.177,118.5,0
79.72,0.917,22.45,0.02,3.478,30.97,6421.6,4.42,0.0109,15.32,183.9,11.67,14.812,113.4,0
77.65,1.191,22.73,1.35,3.481,31.0,6209.4,4.5,0.0177,14.89,184.7,11.82,15.112,133.1,0
77.57,1.927,22.26,0.62,3.544,30.13,6292.3,4.64,0.0365,14.51,176.8,11.42,14.843,115.8,1
77.89,0.242,21.72,0.09,3.603,29.78,6297.2,2.57,0.0241,15.17,191.4,12.81,15.13,124.5,0
79.54,0.375,22.64,0.05,3.604,31.91,6178.5,1.53,0.0323,15.03,182.4,12.18,15.613,118.0,1
79.4,1.078,21.65,0.36,3.51,29.19,6201.1,3.11,0.0225,14.37,169.1,11.12,14.861,119.8,1
78.21,0.879,21.64,0.95,3.398,28.18,5943.3,2.32,0.0023,15.01,174.1,11.96,14.713,113.7,1
79.68,1.587,20.29,0.05,3.487,29.46,6149.2,1.19,0.0223,15.28,190.7,11.97,15.01,121.6,0
81.31,1.124,21.76,0.37,3.459,31.15,5914.7,3.13,0.0184,15.52,194.8,12.65,14.571,117.3,0
78.07,1.969,23.43,0.23,3.532,35.53,5953.0,5.0,0.0305,14.1,145.5,10.52,15.291,122.0,0
77.79,0.723,21.21,0.72,3.437,30.91,5949.4,1.56,0.0538,14.52,183.6,11.61,14.943,122.4,1
77.59,1.965,21.02,0.04,3.538,27.87,6020.8,1.6,0.0594,14.95,184.9,11.11,14.804,119.0,0
78.39,0.86,21.79,0.1,3.525,32.88,5695.9,2.37,0.0062,15.51,175.0,12.93,14.721,120.3,0
79.22,1.179,22.01,0.21,3.484,30.67,6254.4,1.56,0.0602,14.33,186.9,11.76,14.918,114.2,1
76.2,1.147,21.97,0.37,3.512,28.29,6159.9,3.35,0.0662,15.49,170.0,11.54,14.971,120.0,0
78.8,1.092,22.74,0.4,3.553,31.17,6056.9,4.16,0.001,15.08,176.4,12.24,14.768,120.2,0
79.52,1.234,22.0,0.59,3.546,30.55,6000.7,3.22,0.0211,15.78,171.7,11.45,14.938,118.6,1
76.47,0.921,20.99,0.68,3.413,29.92,5954.7,4.36,0.0554,15.01,177.0,11.87,14.871,118.1,1
75.88,1.55,22.33,0.14,3.427,26.15,6093.8,0.55,0.0587,14.69,177.7,11.96,14.968,121.2,0
78.99,1.832,21.08,0.52,3.567,30.35,6332.6,3.88,0.0599,15.23,188.1,11.75,15.056,103.6,0
79.38,1.201,23.19,0.22,3.436,29.6,6159.8,3.36,0.0666,15.6,184.4,12.85,14.969,125.0,0
77.94,0.356,22.65,0.46,3.498,31.72,6047.0,3.96,0.0655,14.78,177.7,11.73,14.429,125.6,0
79.02,1.569,22.9,0.07,3.56,26.52,6129.8,2.59,0.1258,14.75,186.5,11.85,15.043,107.2,1
76.52,1.026,22.15,1.17,3.502,29.6,5849.6,3.53,0.0177,14.73,186.2,10.92,15.118,123.0,0
75.29,1.495,22.74,0.22,3.507,29.9,6118.2,2.36,0.0301,14.94,181.1,12.18,14.837,117.5,1
77.61,1.506,21.93,0.57,3.463,30.19,5770.0,3.27,0.0288,13.83,182.2,12.61,15.039,118.5,0
79.22,0.975,21.91,0.16,3.573,31.6,6036.3,1.19,0.0869,15.18,181.5,12.18,15.217,124.2,0
77.55,1.087,21.76,0.95,3.457,31.0,5780.9,1.32,0.019,15.45,172.0,10.92,14.947,112.7,0
78.22,0.346,20.97,0.19,3.451,27.05,6331.4,1.42,0.0405,15.22,180.3,11.48,14.687,123.5,0
77.05,0.85,20.91,0.26,3.615,32.62,6270.2,4.38,0.0177,15.38,167.9,11.55,15.047,125.2,0
75.66,1.796,20.28,2.11,3.59,29.55,6359.5,2.38,0.0169,13.6,218.4,12.49,15.312,117.0,0
77.93,0.841,21.79,0.13,3.557,32.4,6010.2,2.95,0.014,14.96,172.0,12.28,15.599,119.5,0
79.14,1.102,22.32,1.19,3.534,31.51,6183.2,1.99,0.0875,14.48,181.5,12.62,15.265,117.2,0
76.76,1.044,23.48,0.22,3.466,31.29,5708.9,2.43,0.0135,15.4,179.8,11.75,15.087,118.5,0
78.56,0.9,22.04,0.06,3.573,31.11,6100.2,1.33,0.0719,14.68,186.1,12.18,15.195,118.2,0
78.19,0.245,21.59,0.1,3.487,31.83,5788.3,3.54,0.0327,14.6,180.0,12.57,15.394,129.0,0
79.28,0.664,22.9,0.18,3.493,31.03,5841.7,1.91,0.0572,14.97,177.9,11.58,14.959,111.4,0
78.28,1.692,20.74,0.94,3.481,30.68,5940.4,1.52,0.0921,15.69,184.8,12.48,15.354,125.8,1
79.62,2.491,21.34,2.76,3.483,29.53,6015.8,1.28,0.0093,14.99,173.6,12.25,14.913,125.6,1
76.4,1.177,22.16,0.54,3.512,29.64,5927.5,3.42,0.071,15.51,174.9,11.94,14.853,112.9,1
75.87,0.26,24.38,0.32,3.472,30.13,5500.2,4.29,0.0441,14.74,151.2,11.91,14.953,112.9,1
76.81,0.03,22.26,0.09,3.495,31.36,5845.7,1.93,0.0195,14.25,173.3,12.03,14.948,121.7,0
75.83,1.322,21.55,0.14,3.448,28.78,5672.0,1.69,0.0254,14.67,191.4,11.47,14.944,117.1,0
77.87,0.695,20.69,0.23,3.522,26.32,6052.8,1.82,0.0289,14.77,171.5,11.2,15.025,113.7,0
78.07,0.564,21.86,0.41,3.457,31.28,5876.6,3.39,0.0064,15.17,170.6,12.03,15.23,115.2,0
83.58,1.891,20.34,0.1,3.327,29.01,5948.3,1.18,0.0189,16.68,171.5,9.42,15.325,134.7,1
77.96,0.773,22.47,0.49,3.446,30.06,6390.9,3.33,0.0519,14.89,179.0,11.29,15.224,120.8,0
77.1,1.478,20.8,0.3,3.421,29.05,5837.4,3.52,0.0713,15.55,176.8,11.71,15.062,119.8,0
75.74,1.017,21.14,0.86,3.511,29.7,5864.8,4.29,0.0621,15.19,206.1,12.48,14.691,117.1,0
78.25,1.43,22.89,0.23,3.438,29.61,6280.9,1.24,0.0043,15.05,200.5,12.53,15.052,114.5,0
79.41,0.964,20.5,0.42,3.482,32.98,5817.6,3.93,0.0146,15.35,180.8,11.92,15.381,119.7,1
78.77,0.235,22.57,0.16,3.601,28.57,6223.8,3.77,0.0724,15.87,195.5,12.72,14.579,111.7,0
77.27,0.707,21.83,0.21,3.529,27.33,6177.7,0.06,0.0205,14.87,188.6,13.66,14.783,120.4,0
79.19,0.868,21.47,0.0,3.442,27.34,6073.8,3.52,0.0315,14.85,179.8,10.62,14.848,121.6,0
79.6,1.181,21.04,0.29,3.512,32.3,5846.4,0.74,0.0654,15.2,177.2,12.03,15.032,120.6,0
75.43,0.505,21.85,1.32,3.488,27.82,6326.5,2.85,0.0912,16.49,184.8,11.71,15.174,121.9,1
80.19,1.197,21.93,0.06,3.489,30.32,6198.1,3.57,0.0074,14.5,180.7,11.89,15.021,115.3,0
77.05,0.763,21.08,0.66,3.538,30.22,5955.0,2.65,0.061,15.16,173.8,12.43,15.09,119.6,0
80.42,1.024,22.07,0.2,3.455,29.92,5946.9,2.15,0.0024,14.82,174.6,11.92,15.059,125.5,0
78.15,1.487,22.56,0.58,3.46,28.45,5859.4,0.48,0.0129,14.57,181.4,14.04,14.809,116.5,0
80.28,0.233,22.78,0.41,3.485,29.86,5986.4,2.87,0.064,14.87,183.5,11.42,15.415,118.2,0
78.52,1.267,21.62,0.54,3.478,34.16,5757.3,1.15,0.0595,14.86,181.7,10.52,15.192,122.1,0
76.86,1.133,21.79,0.05,3.554,31.53,5866.5,2.09,0.0626,14.48,164.3,11.7,15.09,121.4,0
74.5,0.417,21.68,0.51,3.423,29.45,5622.0,2.51,0.0119,15.01,173.2,11.76,15.443,134.9,1
74.52,1.759,23.34,0.3,3.527,31.14,6086.1,1.6,0.0669,15.64,193.1,11.8,15.374,127.3,0
79.44,0.72,21.96,0.46,3.413,28.24,5811.1,2.52,0.0031,15.15,144.3,12.39,15.273,110.4,0
76.73,1.275,21.29,0.14,3.491,31.49,5906.5,0.15,0.0415,15.28,191.3,11.72,15.12,122.2,0
74.4,0.326,21.08,0.12,3.492,27.96,5997.5,0.71,0.0939,14.8,188.1,12.18,15.211,117.6,1
77.13,0.561,21.86,0.41,3.454,27.69,6260.2,2.81,0.0736,14.36,167.6,11.24,14.972,126.6,0
82.64,0.496,22.04,0.67,3.473,30.61,5525.4,3.98,0.0002,13.96,206.9,14.45,14.434,121.6,1
79.58,0.156,21.83,0.78,3.515,29.65,5931.6,1.67,0.0103,15.41,197.4,10.85,15.09,120.4,0
78.05,0.642,22.44,0.18,3.473,30.23,5934.2,3.69,0.0142,13.47,167.5,9.5,14.927,116.2,0
81.0,0.673,21.96,1.52,3.376,30.97,5885.1,0.83,0.1073,14.36,165.4,12.19,15.027,110.1,0
78.47,1.483,21.86,0.3,3.558,31.13,5719.8,1.86,0.0128,16.03,178.8,12.55,14.903,122.7,0
78.99,1.124,21.8,0.61,3.568,30.78,5845.3,3.68,0.0065,14.25,179.1,12.41,15.146,119.1,1
79.46,1.506,21.52,0.74,3.472,29.37,5892.7,3.77,0.0681,15.42,170.8,12.99,15.159,119.4,0
78.1,0.265,20.93,0.2,3.392,30.44,5765.5,3.47,0.0324,14.46,190.8,12.02,15.197,119.4,1
79.22,0.554,21.95,0.11,3.518,30.11,6032.8,1.05,0.0582,15.09,184.6,11.97,15.18,117.5,0
77.66,1.195,22.34,0.43,3.573,31.52,6366.4,2.8,0.0641,16.0,186.5,12.26,15.101,129.2,0
78.38,1.231,21.81,0.22,3.424,30.03,5873.8,2.58,0.0632,15.19,184.2,12.11,14.711,114.5,0
78.81,2.107,21.9,0.24,3.574,29.12,5887.9,2.36,0.0172,14.87,174.9,11.52,14.763,115.2,0
78.23,0.318,23.03,0.91,3.537,30.76,5880.1,3.15,0.087,14.9,188.9,12.12,15.567,119.5,0
79.43,0.654,22.27,0.06,3.537,27.1,5952.7,3.78,0.0588,15.78,172.4,12.15,15.009,127.7,0
76.07,0.982,22.06,0.2,3.476,29.56,6151.6,5.07,0.0034,14.61,168.4,12.55,15.104,122.0,0
82.73,1.275,24.68,1.55,3.293,25.82,5827.4,3.9,0.0299,14.32,177.4,12.41,14.975,100.3,1
80.88,1.224,20.8,0.88,3.496,28.99,6298.3,0.76,0.0086,14.97,164.3,12.26,15.358,123.1,0
78.55,1.646,22.83,1.01,3.618,29.16,5677.3,1.15,0.092,15.37,166.0,11.99,14.945,125.7,0
80.94,1.455,20.83,1.71,3.567,26.86,6395.6,0.65,0.1095,14.66,191.7,14.16,14.843,126.7,0
76.02,1.022,22.39,3.35,3.529,28.45,5638.9,1.21,0.0877,16.76,183.3,11.58,15.427,111.2,1
75.91,0.139,20.39,0.3,3.566,32.48,6119.1,3.32,0.0201,15.13,179.1,12.53,14.929,117.8,0
76.67,1.112,22.94,0.39,3.58,30.64,5853.8,3.6,0.0671,14.84,178.7,12.47,15.2,127.4,0
76.42,0.603,23.53,0.09,3.482,29.59,5945.8,1.65,0.0056,14.34,191.1,12.33,14.969,124.6,0
78.83,0.382,22.42,2.54,3.485,28.09,5807.5,1.7,0.0166,15.27,172.2,12.3,14.883,122.5,0
76.91,0.669,23.09,1.03,3.501,30.41,6234.5,3.51,0.0349,15.16,182.6,12.05,14.986,114.1,0
79.53,0.993,22.46,0.1,3.502,28.29,6110.2,2.34,0.0078,14.87,176.4,12.51,15.059,123.1,0
78.24,1.192,22.8,0.21,3.481,31.37,6179.8,0.85,0.0189,15.09,185.3,12.86,14.798,114.7,1
78.62,1.342,21.87,0.05,3.581,29.38,6078.4,1.85,0.0306,15.43,177.8,11.63,14.809,118.7,0
77.95,1.2,22.64,0.25,3.561,29.66,5579.0,1.72,0.0295,15.52,188.2,11.24,14.878,120.7,0
79.48,0.451,21.86,1.13,3.541,30.49,6109.0,0.84,0.0806,16.02,183.1,12.11,15.27,118.2,0
80.42,1.33,21.62,0.1,3.493,30.59,6157.7,3.45,0.0612,14.91,174.4,11.93,15.057,118.1,0
79.09,0.981,21.62,0.57,3.52,29.61,6424.7,2.22,0.002,15.27,173.7,12.88,15.343,117.1,0
76.93,0.409,21.36,0.16,3.499,30.49,5938.8,3.02,0.0456,14.18,173.2,11.36,15.177,121.3,0
78.39,1.157,22.5,0.07,3.429,28.92,5961.4,3.06,0.0609,14.8,175.8,11.96,15.11,126.5,0
78.47,0.73,21.31,0.95,3.505,29.09,6030.3,2.73,0.0699,14.98,192.9,11.89,14.858,122.7,0
78.69,0.406,22.24,0.7,3.538,29.6,6073.3,1.1,0.0263,15.77,183.1,12.11,15.068,117.3,0
78.13,1.629,22.33,0.1,3.464,28.17,5661.7,0.87,0.0073,14.62,175.4,12.43,15.025,123.2,0
77.13,2.177,21.41,0.46,3.446,29.63,6354.3,4.47,0.0344,15.01,183.3,12.69,15.045,115.4,0
77.81,0.479,22.71,0.01,3.504,30.67,5840.4,2.73,0.0163,14.85,176.7,12.6,15.159,116.6,0
77.6,1.165,22.27,0.67,3.549,29.55,5777.9,3.17,0.027,15.04,180.4,12.26,15.197,123.1,0
74.43,2.233,20.54,0.1,3.588,26.28,6019.7,2.15,0.0155,15.55,189.2,11.66,14.742,119.6,0
78.11,1.654,22.19,0.03,3.393,28.09,5817.8,1.11,0.1147,15.08,160.4,10.27,14.829,123.8,1
79.57,0.273,21.62,0.85,3.657,26.65,6255.0,3.13,0.0081,15.11,199.0,13.06,15.059,132.6,0
77.87,0.037,21.58,0.13,3.438,30.12,6030.9,1.5,0.0264,14.39,170.1,11.23,15.174,121.6,0
79.13,0.88,22.81,0.35,3.443,29.77,5878.1,2.62,0.0207,15.48,184.2,11.65,14.774,118.9,0
81.05,1.02,21.45,0.19,3.589,29.66,6105.2,2.22,0.0614,14.7,184.3,10.09,14.535,119.9,1
77.24,0.687,22.54,0.33,3.473,30.25,5834.9,3.36,0.0266,15.06,175.8,11.85,15.031,115.3,0
76.08,0.907,21.92,0.05,3.494,26.56,6037.9,3.8,0.0337,15.03,191.7,11.73,15.272,116.0,0
78.81,0.169,22.44,0.8,3.467,31.55,5907.7,0.91,0.0001,14.86,184.4,13.2,15.044,121.3,0
76.44,1.095,21.8,0.77,3.519,28.03,6231.6,0.31,0.0,14.76,170.5,12.72,14.693,126.7,0
76.05,1.109,22.2,2.72,3.537,32.75,5917.0,1.86,0.0308,14.89,167.3,11.7,14.965,117.9,0
78.74,2.132,21.17,0.22,3.49,28.84,5821.0,2.2,0.0433,14.25,181.5,10.78,14.811,124.4,0
80.41,0.939,22.48,0.47,3.467,30.14,5816.1,2.7,0.0543,15.3,182.9,12.37,15.148,124.2,0
79.07,1.476,22.28,0.85,3.571,33.07,5976.3,2.54,0.0042,14.45,173.0,12.32,15.265,118.2,1
77.61,1.616,22.74,0.17,3.579,30.67,5909.3,2.69,0.0464,15.29,190.6,11.6,15.156,122.6,1
76.33,2.508,21.93,0.2,3.548,30.71,6078.5,1.46,0.1165,14.84,182.8,12.27,14.971,118.3,0
78.19,1.501,22.34,1.35,3.42,30.35,6143.2,1.56,0.0585,14.02,169.5,12.82,15.067,113.5,1
76.62,0.936,21.42,0.18,3.493,30.94,6180.5,2.02,0.0269,15.37,178.3,12.55,15.121,111.4,0
77.79,1.353,21.79,0.05,3.49,31.23,5953.6,4.22,0.0523,14.39,172.9,12.05,15.035,116.3,0
77.57,1.476,21.86,0.43,3.47,31.08,5932.2,2.83,0.0937,14.26,174.9,12.17,15.18,120.1,0
80.19,1.067,19.2,0.79,3.293,30.9,6075.2,0.89,0.0918,15.07,196.2,10.88,15.843,112.4,0
80.17,0.659,21.05,0.15,3.459,29.3,5723.9,2.64,0.0806,15.33,179.5,10.72,15.507,112.0,0
75.73,0.265,23.82,0.6,3.527,27.67,5751.9,3.22,0.0116,14.48,169.4,12.06,14.733,118.3,1
78.71,0.476,22.45,0.12,3.492,29.74,6057.9,4.62,0.0305,15.26,182.9,12.07,15.417,117.4,0
78.95,1.589,23.01,0.75,3.458,33.28,6037.5,2.53,0.0803,15.16,178.6,12.34,15.09,122.4,1
75.72,0.933,21.85,0.76,3.531,30.39,6023.8,2.91,0.0637,15.47,185.9,12.96,14.717,124.4,0
80.14,1.018,22.04,1.28,3.371,29.2,5805.8,2.86,0.0713,14.47,198.1,11.65,15.212,108.5,1
77.18,0.302,22.29,0.17,3.501,29.6,6138.0,2.95,0.0196,15.95,163.5,11.94,14.591,119.7,1
75.57,0.834,21.61,0.33,3.463,32.13,6215.6,1.72,0.0085,15.5,177.9,11.92,15.201,119.9,0
78.52,0.785,22.51,0.07,3.438,30.41,5828.1,2.38,0.0633,15.13,183.4,11.7,15.387,118.8,0
77.14,0.016,21.71,0.53,3.602,28.96,5755.4,2.84,0.0579,14.67,187.7,11.56,15.317,117.3,0
76.47,1.092,23.1,0.42,3.485,27.93,6098.0,1.24,0.0098,14.67,185.9,12.41,15.335,121.9,0
77.9,1.239,21.09,0.48,3.501,31.36,5881.1,2.06,0.0216,15.03,174.5,11.95,14.91,120.9,0
77.27,0.913,21.68,0.84,3.502,31.14,5972.0,2.17,0.066,15.04,183.6,11.5,14.816,118.4,0
78.57,0.788,21.91,0.2,3.465,32.23,6250.5,0.57,0.0992,14.65,166.8,11.62,15.021,108.0,0
77.41,1.702,22.36,1.03,3.49,29.69,6120.7,2.38,0.018,14.92,176.3,11.29,15.288,121.3,0
78.94,1.073,22.96,1.33,3.592,31.65,5637.2,4.54,0.0137,15.35,170.7,14.47,15.204,114.0,1
78.89,1.434,22.49,1.65,3.478,28.3,6384.7,1.57,0.0679,14.56,165.3,12.69,14.906,127.9,1
74.74,1.631,23.1,0.46,3.531,31.61,5908.2,4.27,0.0136,15.34,195.2,10.68,14.762,115.4,1
77.51,1.382,21.83,1.23,3.559,30.36,6355.5,1.8,0.0002,14.84,180.1,11.93,14.82,120.6,0
77.75,1.132,21.96,0.61,3.566,31.58,6170.3,1.27,0.0012,14.72,162.4,11.79,15.2,121.2,0
76.63,0.67,21.26,0.55,3.448,29.12,6218.5,2.1,0.0675,15.04,171.1,11.33,15.018,119.1,0
79.31,1.324,21.77,0.03,3.529,31.37,5870.1,1.71,0.0306,14.17,176.5,12.35,14.908,116.7,0
77.08,1.182,21.59,0.06,3.437,31.95,5974.9,2.11,0.0347,15.38,169.5,12.6,14.95,117.0,0
78.4,1.092,22.56,1.17,3.495,30.47,6027.5,3.13,0.0139,15.13,180.9,12.59,15.227,123.1,0
78.27,1.207,21.92,0.09,3.47,28.78,5797.6,2.79,0.0349,15.26,188.6,13.23,15.012,119.6,0
76.88,0.121,22.89,0.3,3.54,29.41,6124.0,3.52,0.0828,15.17,187.1,12.7,15.255,122.2,0
77.72,1.114,23.38,3.28,3.505,29.76,6091.9,3.82,0.004,14.74,182.6,11.68,14.706,121.9,1
77.03,0.584,22.62,0.62,3.544,28.41,6275.5,6.55,0.1686,14.64,193.2,11.5,14.276,119.4,1
78.13,1.591,21.82,0.35,3.527,29.0,6072.8,3.36,0.0491,14.63,170.4,11.91,15.029,117.6,1
79.29,1.173,22.31,0.28,3.329,29.27,6119.8,2.32,0.0051,15.21,196.5,11.94,15.205,107.5,0
72.3,0.55,19.55,2.99,3.574,32.6,6763.3,1.75,0.0197,13.26,180.9,11.1,14.915,113.9,1
77.83,1.683,21.33,0.38,3.506,29.37,6195.6,2.93,0.0172,14.22,181.1,12.27,15.115,118.1,0
78.86,0.778,22.16,0.55,3.477,30.2,6128.0,2.19,0.0571,14.09,170.7,12.83,15.09,118.5,0
76.78,0.538,21.64,0.08,3.506,30.48,6040.6,3.98,0.0065,15.21,186.5,11.83,14.81,128.2,0
78.14,1.527,22.53,0.61,3.43,30.26,6248.2,2.62,0.0108,17.55,169.3,12.85,15.036,114.8,1
75.94,1.414,22.32,0.44,3.399,33.49,6105.9,1.46,0.0129,15.14,186.2,11.13,15.413,121.5,0
78.5,0.981,22.55,0.45,3.477,28.97,6164.0,2.22,0.0581,15.35,180.6,10.82,14.651,115.0,0
78.45,1.198,21.99,0.03,3.535,32.33,6239.0,1.72,0.0151,14.87,173.0,11.83,15.032,119.9,0
75.04,0.792,22.14,0.06,3.521,30.56,5686.6,1.57,0.04,15.11,168.1,10.81,15.009,122.2,0
77.07,1.198,21.3,0.06,3.457,29.35,6083.2,4.05,0.0131,15.03,168.9,12.43,15.306,118.9,1
77.84,1.148,21.33,0.19,3.44,29.65,6158.8,2.19,0.0615,14.65,183.2,11.87,14.62,123.1,0
78.94,0.444,21.61,0.32,3.432,28.01,6064.4,2.85,0.065,15.11,190.9,12.07,14.95,117.7,0
81.7,0.751,22.6,0.2,3.467,29.39,5998.2,2.71,0.0338,14.84,182.0,11.68,14.625,122.4,1
81.92,1.31,20.43,0.35,3.541,31.04,6163.2,3.61,0.0853,14.5,188.2,11.4,15.125,112.6,0
77.85,1.429,21.97,0.93,3.557,29.35,6107.5,2.01,0.0644,15.6,174.7,12.43,14.865,123.4,0
77.22,1.015,21.87,0.03,3.521,32.22,5975.5,4.52,0.1404,14.22,180.5,11.9,15.282,110.3,0
80.66,1.089,21.62,1.73,3.524,29.62,6012.9,2.47,0.0169,16.06,166.7,12.27,15.031,117.8,0
78.03,0.618,20.98,0.3,3.485,29.53,5976.6,1.16,0.1076,15.05,170.4,12.82,15.297,129.5,0
78.59,0.671,23.7,0.09,3.536,30.89,5487.8,0.7,0.0344,15.04,178.7,11.84,15.261,122.5,0
79.88,2.008,21.54,0.58,3.44,29.81,5371.3,2.17,0.0401,15.17,185.9,12.67,15.579,119.4,1
77.46,0.86,21.49,0.18,3.594,27.66,6285.1,2.57,0.0121,15.49,173.5,11.27,14.667,120.1,1
76.93,2.09,21.99,0.68,3.554,29.68,5980.5,3.26,0.0433,15.47,165.1,12.7,15.327,115.9,0
77.86,2.239,21.66,0.44,3.537,29.9,5716.7,4.04,0.0098,14.55,190.1,9.93,15.169,126.4,0
80.48,1.091,22.2,0.33,3.475,30.49,6045.3,4.13,0.0271,14.63,186.6,12.83,15.073,120.4,1
79.81,0.077,23.14,1.32,3.438,28.03,6156.5,3.33,0.0824,14.12,172.8,11.31,14.975,113.5,0
76.74,1.454,21.62,0.5,3.514,27.19,6001.1,0.02,0.0575,15.07,182.5,10.37,15.009,122.5,0
78.31,0.741,22.77,0.3,3.419,28.69,6108.9,2.16,0.0134,14.96,181.5,11.75,14.628,114.6,1
77.1,1.114,21.33,0.6,3.482,32.42,5903.2,1.69,0.01,14.76,183.2,10.83,15.172,120.9,0
80.26,0.492,22.74,0.48,3.516,29.66,5984.8,1.21,0.009,14.53,179.5,11.3,15.055,115.6,0
76.93,1.009,22.82,0.61,3.52,30.62,6115.5,3.25,0.0101,14.82,170.1,12.16,14.925,121.9,0
77.99,1.227,22.96,0.19,3.552,31.09,6280.1,1.62,0.0101,14.8,186.7,11.53,15.091,119.5,1
77.87,0.614,20.8,0.06,3.548,30.21,6089.3,1.82,0.0254,15.46,179.5,13.06,15.204,125.0,1
77.11,0.375,22.0,0.21,3.453,28.75,6206.4,2.26,0.0404,14.44,178.9,12.69,15.007,115.0,0
77.78,0.407,21.72,0.09,3.476,27.94,5897.9,2.89,0.0062,14.64,199.1,11.74,15.252,122.4,0
78.12,0.797,21.36,0.24,3.439,29.6,6343.7,1.66,0.0353,14.19,164.7,12.24,14.601,116.2,0
78.18,1.02,20.93,0.2,3.45,28.96,5822.0,1.5,0.002,14.79,183.8,11.87,14.622,120.7,0
76.07,1.086,21.76,0.4,3.58,30.01,6225.4,2.45,0.0014,14.77,181.7,11.74,14.956,121.6,0
77.35,1.223,22.2,0.36,3.482,28.4,6247.9,3.17,0.0929,14.99,167.9,11.26,14.996,114.7,0
79.82,0.727,22.79,0.24,3.537,27.13,5993.4,1.84,0.0127,14.96,178.5,11.4,15.043,119.0,0
79.72,0.108,20.87,0.63,3.402,27.79,5823.5,2.51,0.0555,14.89,168.6,11.23,15.033,117.3,0
76.08,1.213,23.3,1.54,3.562,31.89,5754.5,3.95,0.0031,15.61,193.4,12.12,15.338,117.1,0
79.22,0.841,22.14,0.11,3.505,29.9,5927.5,3.16,0.0397,15.21,182.8,13.81,15.331,121.9,0
75.43,1.381,22.53,0.24,3.513,31.14,6097.5,1.27,0.1045,15.09,170.3,11.93,14.658,117.0,0
79.0,1.091,21.65,0.58,3.496,31.99,6187.3,4.26,0.0881,14.62,183.0,11.56,15.084,111.4,1
77.98,1.402,21.03,0.02,3.505,30.88,6049.6,2.0,0.0466,15.26,170.9,12.26,14.792,114.7,0
77.51,0.795,21.46,0.19,3.538,32.54,6054.9,2.9,0.0405,15.03,171.7,12.24,15.001,122.5,0
78.09,1.171,22.86,0.31,3.403,28.76,6063.2,1.9,0.0294,15.76,179.2,10.66,14.974,126.7,0
77.52,0.65,21.43,0.5,3.488,29.35,5867.7,3.03,0.0617,14.93,179.3,11.82,14.973,111.7,0
75.54,1.409,21.76,0.13,3.457,28.27,6213.4,2.95,0.0968,16.31,192.9,10.52,14.863,122.6,0
79.94,0.891,21.31,0.18,3.52,29.82,6077.1,2.67,0.0054,15.22,180.8,12.29,15.266,120.7,0
77.66,0.666,21.89,0.13,3.564,31.53,5924.0,1.76,0.0783,14.79,179.8,11.94,14.77,124.0,0
78.73,1.422,21.56,0.73,3.465,31.46,6277.2,3.31,0.0167,14.73,171.4,11.95,15.31,119.4,0
76.87,1.161,20.9,0.37,3.552,29.94,6179.8,3.41,0.0387,14.92,190.9,12.03,15.007,119.2,0
77.41,0.47,20.44,0.01,3.44,29.19,6006.4,3.37,0.1012,14.19,183.5,12.01,15.269,118.9,0
77.83,1.215,22.65,0.48,3.446,31.99,6325.8,2.79,0.024,13.8,185.7,12.24,15.291,119.0,0
79.52,0.731,22.87,2.6,3.553,29.88,5812.4,3.05,0.0161,14.35,182.8,12.38,15.08,115.5,0
78.31,1.403,22.02,0.28,3.453,29.86,6098.1,3.17,0.0168,14.3,188.5,12.26,15.28,128.4,0
76.01,1.355,22.16,0.1,3.458,32.66,5523.1,0.68,0.1358,15.48,161.3,14.26,14.78,125.9,0
79.23,1.216,22.0,1.25,3.541,29.39,6066.7,0.26,0.0204,15.12,169.8,11.38,14.929,124.2,0
77.29,0.822,22.83,1.19,3.538,31.96,6008.9,3.01,0.0777,14.77,184.8,11.42,14.882,115.1,1
78.67,1.381,21.94,0.3,3.476,30.55,5969.0,2.0,0.067,15.78,203.4,11.27,15.258,127.1,1
77.87,1.052,20.92,0.13,3.495,27.43,5791.9,2.75,0.0015,14.74,185.2,12.46,14.946,125.5,0
77.24,0.663,21.95,0.21,3.486,27.5,6187.2,3.06,0.0086,14.49,186.1,12.03,15.244,115.4,0
77.63,0.868,22.79,0.15,3.528,29.54,6239.2,3.15,0.0003,15.13,182.4,11.79,15.232,115.2,0
79.96,1.844,22.75,0.53,3.557,28.85,5908.1,1.16,0.0634,15.17,185.4,12.66,14.808,119.9,0
76.15,1.555,22.43,0.22,3.51,28.9,6506.8,3.08,0.0045,13.44,184.7,11.29,15.124,124.4,0
77.12,0.656,21.5,1.05,3.461,29.85,5943.7,1.73,0.0281,15.28,180.1,12.54,14.78,122.6,0
77.71,1.903,22.58,2.26,3.434,30.9,5359.3,0.32,0.059,14.92,176.6,11.03,14.58,117.3,0
76.76,0.598,21.42,0.48,3.541,30.37,5909.3,1.79,0.0808,15.28,174.3,11.32,14.772,125.8,0
77.38,0.784,22.26,0.1,3.483,29.83,6033.4,2.29,0.1474,14.64,173.5,11.73,15.236,112.0,0
80.97,1.753,22.39,1.45,3.606,27.35,6308.2,2.76,0.0464,15.94,162.6,11.5,14.906,127.9,1
78.72,0.679,22.31,1.15,3.43,27.01,5604.4,2.95,0.0541,15.38,193.5,12.93,15.127,119.9,0
79.57,1.049,20.59,0.06,3.557,28.22,5967.5,3.75,0.0759,14.85,169.1,13.16,15.031,124.9,0
81.24,1.803,21.89,1.96,3.556,26.52,5876.8,2.3,0.0645,14.92,185.5,11.93,14.632,117.1,1
76.51,1.619,22.14,0.53,3.521,28.68,6073.7,3.31,0.0608,14.61,177.6,11.7,15.168,117.2,0
75.87,1.187,21.94,1.39,3.513,30.78,5717.2,1.21,0.0229,15.74,190.6,11.99,14.731,116.4,0
77.22,1.007,20.72,0.08,3.451,30.03,6153.9,2.67,0.0343,14.1,195.1,11.32,15.203,122.6,0
77.52,1.458,21.48,0.3,3.473,31.87,5780.9,4.38,0.0264,15.82,175.1,11.42,14.824,121.4,1
76.2,0.996,22.73,0.17,3.549,29.33,6082.3,4.4,0.0226,15.07,175.1,10.91,15.109,119.8,0
79.18,0.541,22.13,0.34,3.557,29.29,5893.8,2.6,0.0137,14.93,184.3,11.97,14.979,128.5,0
77.11,1.227,22.21,0.19,3.516,31.94,6159.9,3.12,0.0222,14.82,191.0,12.31,15.108,120.9,0
85.39,0.159,23.78,0.11,3.497,27.13,6000.9,3.41,0.0109,16.0,186.0,13.67,14.825,125.9,1
76.45,1.201,22.89,0.49,3.512,28.57,5944.7,4.49,0.0349,14.54,176.2,12.76,15.126,127.3,0
79.6,2.134,22.72,0.28,3.547,30.01,5994.1,3.72,0.018,14.5,178.8,12.62,14.921,121.4,1
79.82,1.263,23.01,0.48,3.539,32.52,5672.6,3.63,0.0348,14.97,167.4,12.04,14.723,113.6,0
80.38,1.712,21.71,0.22,3.454,30.27,5619.4,1.98,0.0084,15.12,179.8,11.71,15.084,117.4,0
76.11,0.916,19.4,0.02,3.497,32.34,6138.4,0.98,0.0387,16.02,196.6,12.87,14.807,122.7,0
80.67,1.811,19.51,0.13,3.54,30.74,5959.8,3.44,0.0562,14.53,185.0,11.03,15.084,117.7,1
77.75,0.191,22.26,1.43,3.519,30.11,6078.1,2.99,0.021,15.17,191.8,11.75,15.393,120.7,0
81.65,0.231,24.06,0.94,3.488,33.19,5875.3,0.07,0.0469,15.47,179.2,12.34,14.537,120.3,0
78.6,1.599,22.25,0.34,3.675,28.46,6008.9,1.99,0.075,15.53,169.1,12.87,14.881,122.2,1
77.18,0.0,20.97,0.52,3.472,27.83,5671.0,3.02,0.0298,14.87,182.1,12.85,14.949,123.1,0
78.01,0.993,22.52,0.78,3.513,29.26,6024.3,3.42,0.0243,14.48,183.9,11.03,15.088,119.1,0
80.57,0.351,21.46,1.92,3.553,30.58,5824.7,2.35,0.0409,15.59,168.8,12.41,14.983,125.2,1
75.96,1.169,20.53,1.34,3.469,31.13,6163.1,3.31,0.0197,15.36,177.6,11.13,15.283,120.3,0
77.29,1.418,22.54,0.08,3.427,29.75,5774.8,1.93,0.0118,14.71,198.3,12.15,14.959,119.0,0
77.76,1.606,21.68,0.6,3.568,34.2,5883.6,3.95,0.083,14.93,172.9,10.88,14.521,119.3,0
77.33,0.823,20.96,0.49,3.452,29.13,6096.4,2.1,0.0637,15.26,197.1,11.48,14.715,110.6,0
79.33,1.006,21.76,0.98,3.464,31.24,6108.4,2.8,0.0703,14.08,168.2,10.75,15.134,124.4,1
78.99,2.03,22.21,0.05,3.497,29.54,5952.3,1.91,0.0477,14.92,196.2,12.41,14.714,124.7,0
75.59,0.63,22.88,0.19,3.513,28.98,6040.8,0.44,0.0041,15.11,163.5,12.99,15.021,128.0,0
78.87,1.015,21.66,0.07,3.543,28.46,5816.0,1.94,0.0089,15.12,176.3,12.37,14.857,112.5,0
79.3,0.978,21.18,0.89,3.464,30.91,5900.0,2.01,0.025,15.31,156.0,11.93,15.268,116.2,0
76.52,1.064,22.86,0.44,3.454,27.32,6160.0,3.71,0.0951,15.17,177.2,11.9,15.054,119.3,1
77.7,1.616,22.88,0.71,3.518,26.5,5867.3,3.96,0.0507,14.54,160.4,12.8,15.405,119.0,0
76.3,1.034,22.99,0.3,3.537,29.52,5940.5,2.17,0.0327,14.99,184.3,12.63,15.123,119.9,0
77.42,0.608,23.14,0.17,3.647,32.0,5850.2,3.25,0.1057,16.48,176.9,12.52,15.027,116.2,0
75.73,1.218,21.95,0.6,3.466,29.47,6020.6,2.71,0.0292,15.02,184.6,11.32,15.292,119.5,1
77.65,1.84,23.56,0.58,3.559,32.12,5885.0,1.3,0.1001,15.36,170.4,13.09,14.81,126.2,0
75.59,0.352,22.07,0.15,3.477,29.27,6060.9,3.15,0.046,15.0,171.4,11.81,15.573,127.1,1
77.8,0.822,21.65,1.28,3.43,30.92,6004.3,2.28,0.0416,14.56,168.5,11.86,15.041,124.2,0
77.17,1.059,22.29,0.98,3.479,30.31,6048.2,2.25,0.057,14.26,177.4,11.37,15.084,119.9,0
78.69,1.707,20.44,0.09,3.586,31.09,5878.4,5.25,0.0022,14.59,176.4,11.82,14.72,116.4,0
78.86,0.068,21.05,0.11,3.45,28.06,5907.2,2.53,0.0367,14.77,190.4,12.0,15.054,118.3,0
78.18,1.246,23.59,0.2,3.569,29.88,5837.5,2.42,0.0339,15.71,173.6,12.41,15.342,117.4,0
78.04,0.864,22.64,0.01,3.489,29.87,6125.8,2.86,0.0079,15.56,181.0,12.16,14.761,123.1,0
76.8,1.386,22.12,0.05,3.462,30.71,5843.2,3.77,0.0319,14.9,177.4,12.52,14.947,121.6,0
79.15,0.785,22.75,1.19,3.499,29.83,6189.3,1.76,0.0107,15.17,189.6,12.24,15.092,125.1,0
72.63,0.348,21.62,0.08,3.506,27.24,5797.5,3.02,0.1709,14.74,187.3,11.05,14.754,111.8,1
78.51,0.917,21.07,1.49,3.437,32.9,6131.7,4.18,0.0328,15.27,180.7,10.78,15.071,123.9,0
74.2,1.777,21.64,0.05,3.56,27.18,5864.0,2.02,0.0147,15.93,192.6,13.17,14.999,118.2,0
77.88,1.124,21.97,0.1,3.537,31.12,5934.9,3.2,0.0758,14.66,185.7,11.03,14.848,123.8,0
76.08,0.705,22.31,1.43,3.52,31.26,6109.5,2.58,0.0819,13.97,169.4,12.28,14.933,114.7,0
77.27,0.555,22.5,1.92,3.483,31.69,6039.9,3.29,0.0334,14.54,170.1,12.24,15.111,123.0,0
77.01,1.019,21.82,0.33,3.538,28.23,6273.3,3.75,0.0063,15.15,180.0,11.73,15.047,126.9,0
76.67,0.518,22.68,0.78,3.493,28.81,6086.2,3.82,0.0137,14.85,179.5,12.0,15.005,126.7,0
76.92,0.516,22.31,0.37,3.492,28.5,5998.6,2.35,0.0491,14.58,175.7,12.65,14.906,119.6,0
77.98,0.731,21.98,0.04,3.534,29.61,6080.8,4.81,0.0173,14.91,183.0,12.12,15.517,121.0,0
77.97,1.002,22.24,0.5,3.536,30.06,5821.1,3.05,0.0214,14.47,185.4,11.23,14.784,116.2,0
79.35,1.231,21.73,0.04,3.418,29.53,6286.4,2.59,0.0251,15.59,178.1,12.55,14.832,121.4,0
79.12,1.149,21.35,0.01,3.479,29.87,6049.2,2.39,0.0404,14.64,186.6,10.76,15.319,132.4,0
76.41,0.015,21.6,0.01,3.492,33.08,6142.9,2.06,0.0139,15.91,183.2,11.66,14.935,131.3,0
77.72,1.216,20.35,1.09,3.485,31.65,5813.1,1.78,0.0253,14.98,175.7,12.42,14.928,127.5,0
77.6,1.093,21.27,0.11,3.447,30.66,5825.0,3.58,0.0547,15.25,182.6,12.06,15.017,123.4,0
76.8,1.144,22.35,0.47,3.475,30.05,5659.8,1.68,0.1023,14.99,166.0,11.9,14.603,117.5,0
81.31,1.645,20.87,0.4,3.625,35.45,5330.1,0.43,0.0289,13.79,160.3,13.02,14.812,117.1,1
78.48,0.155,22.47,0.13,3.379,29.31,5916.4,1.4,0.1277,14.69,184.7,13.43,15.409,118.3,1
79.09,0.94,21.24,1.51,3.444,28.57,6033.3,3.85,0.015,14.84,197.3,12.97,15.252,113.8,1
77.86,1.822,22.75,0.61,3.491,29.67,5979.4,2.36,0.0201,15.54,176.3,11.5,14.985,121.1,0
77.39,2.357,23.28,0.65,3.564,30.76,5948.7,3.35,0.1196,13.22,158.7,12.3,15.002,122.7,0
80.32,0.777,22.12,1.5,3.477,27.93,6146.3,1.02,0.055,14.59,171.1,11.09,15.441,120.4,0
76.76,0.87,22.04,0.1,3.59,28.95,6312.2,3.79,0.065,15.29,152.3,12.24,14.945,114.3,0
81.46,1.477,20.83,0.06,3.472,32.9,5773.3,3.42,0.0412,14.39,179.9,12.93,14.8,116.8,1
77.98,0.84,21.26,1.81,3.534,29.61,6016.2,1.22,0.0773,15.25,188.4,10.98,14.651,120.5,0
77.11,1.183,22.86,0.54,3.462,32.71,5843.5,2.58,0.0395,15.02,174.6,13.01,15.234,125.9,0
76.81,1.215,21.33,0.34,3.542,31.08,6125.8,2.78,0.0171,14.95,180.1,12.02,14.946,109.2,0
80.95,1.198,23.15,0.55,3.472,31.66,5900.6,2.46,0.0616,15.05,169.2,11.67,14.796,114.4,0
76.76,1.145,20.64,0.16,3.516,31.1,6054.6,2.5,0.0527,15.24,180.7,11.75,14.772,127.9,0
79.5,1.835,20.96,0.45,3.51,28.11,6019.0,2.36,0.0239,14.82,199.5,11.64,15.017,119.6,0
77.86,1.372,21.38,0.44,3.495,30.81,5568.7,4.96,0.0085,14.66,183.1,12.69,15.327,120.4,0
78.92,1.423,22.75,0.05,3.456,30.07,6005.2,3.02,0.0336,15.45,192.8,12.62,15.038,117.4,0
77.89,0.882,23.58,0.09,3.556,31.55,6054.4,1.41,0.0126,15.62,179.3,11.79,15.367,118.7,0
79.24,0.972,21.94,0.14,3.509,30.19,5851.3,2.46,0.0714,15.46,192.3,11.95,15.126,119.1,0
78.5,0.947,21.74,0.33,3.571,32.29,5946.8,2.45,0.0373,15.32,177.2,11.22,14.891,127.8,0
79.33,0.061,23.13,2.13,3.574,30.03,5992.6,1.56,0.0434,14.97,171.4,11.75,14.6,126.6,0
77.68,0.905,22.65,0.68,3.513,31.57,6015.9,3.23,0.043,15.19,185.0,12.34,14.864,117.4,0
78.49,1.735,21.8,0.64,3.488,31.07,6106.8,2.85,0.0134,15.82,171.0,12.72,15.344,120.9,0
78.65,1.154,21.86,0.39,3.512,30.29,6124.4,2.03,0.0577,15.02,176.2,12.68,14.916,113.1,0
77.17,1.529,22.06,0.67,3.518,30.77,5911.3,2.35,0.021,15.06,173.0,12.35,14.764,120.3,0
77.56,0.02,21.51,0.39,3.471,27.87,5713.4,2.43,0.0249,14.11,181.1,12.28,15.105,123.0,0
75.21,1.935,22.31,0.19,3.522,30.46,5909.6,3.76,0.0494,15.07,171.8,10.87,15.211,122.5,0
79.94,1.662,21.44,0.07,3.514,32.18,6194.2,2.06,0.077,14.29,184.5,11.79,15.215,121.7,0
80.7,0.225,25.08,1.72,3.473,29.17,6063.9,3.4,0.1843,14.87,189.3,9.66,14.995,115.2,0
74.76,1.2,22.65,0.81,3.491,28.76,6054.1,2.08,0.0653,14.42,197.7,11.59,15.265,119.3,0
77.56,0.693,21.84,0.73,3.466,28.7,6246.1,3.06,0.0056,15.52,170.7,11.89,15.288,121.9,0
77.68,0.296,22.63,0.08,3.407,29.71,5896.4,1.08,0.0186,14.34,175.8,12.34,15.105,123.6,0
78.93,0.813,21.86,0.62,3.485,30.66,5874.0,3.04,0.0269,15.08,184.4,11.62,14.956,123.9,0
77.86,0.108,24.51,0.19,3.454,27.46,6567.2,0.83,0.0699,14.71,174.0,13.23,14.18,90.6,1
77.27,0.71,22.54,0.63,3.485,29.95,5847.6,3.37,0.0194,15.1,162.7,12.86,14.881,125.2,0
80.65,1.415,21.97,1.01,3.551,29.78,6260.6,2.18,0.065,15.62,192.8,12.37,15.303,119.9,1
78.43,0.815,21.79,0.34,3.464,27.91,5864.3,1.19,0.0121,15.54,175.6,12.03,14.767,115.4,0
79.05,0.955,23.51,0.02,3.512,28.09,6266.0,3.52,0.0991,15.3,191.9,11.69,15.557,125.9,0
74.68,1.406,22.83,1.86,3.509,29.08,5808.6,2.84,0.1162,16.23,209.3,11.27,14.992,129.2,1
78.0,1.009,20.88,0.75,3.483,29.08,6192.4,2.77,0.0025,15.28,171.2,10.56,15.007,128.9,0
77.39,0.735,22.84,1.29,3.456,27.78,6150.4,1.87,0.0596,15.2,173.3,11.68,15.073,122.2,0
79.88,0.001,22.42,0.56,3.539,29.58,6332.1,3.62,0.0441,15.16,192.8,11.37,15.215,115.7,0
78.17,0.17,23.07,1.2,3.5,29.1,6124.8,2.1,0.0451,15.76,195.9,12.54,14.884,118.5,0
78.5,1.288,20.02,0.45,3.492,29.58,6030.5,1.57,0.0391,14.74,174.1,12.6,15.108,120.5,0
77.06,0.919,22.76,0.48,3.509,31.73,6257.3,2.24,0.0358,15.14,182.4,12.13,14.661,123.1,0
76.87,1.437,22.07,0.26,3.557,28.69,5780.4,2.84,0.0001,14.77,174.3,11.95,15.115,120.7,0
80.93,1.076,21.83,0.27,3.622,31.53,5760.2,0.73,0.0228,15.01,184.4,11.54,15.164,116.5,0
76.9,1.634,21.58,0.01,3.615,26.57,5958.9,2.65,0.0306,15.3,170.5,12.18,15.005,116.0,0
78.64,1.477,21.05,0.23,3.479,28.45,5830.2,2.73,0.0409,15.16,180.2,12.34,14.86,114.8,0
79.07,0.451,20.85,0.43,3.473,29.27,5670.8,1.93,0.0342,14.01,198.4,11.9,15.119,122.0,0
79.28,1.545,21.25,0.28,3.531,29.96,6588.1,1.36,0.0042,14.84,186.7,10.64,15.336,123.2,0
76.94,0.592,20.79,0.47,3.587,29.08,5824.8,2.93,0.0004,14.97,188.2,14.19,14.641,128.8,0
77.46,0.834,22.0,1.4,3.535,28.77,6047.3,2.65,0.0002,14.34,178.5,11.24,15.03,121.7,0
78.89,0.133,22.4,0.22,3.591,31.76,5971.8,2.48,0.0564,15.38,166.6,11.99,15.037,122.2,0
78.73,1.274,21.08,0.15,3.473,29.83,6202.7,2.5,0.0944,16.33,177.7,11.39,14.839,125.1,0
82.02,2.114,21.8,0.6,3.594,31.88,6295.6,1.97,0.1393,14.52,186.9,12.12,15.074,127.3,0
75.08,2.427,21.58,1.41,3.508,32.31,5579.5,0.29,0.0642,15.83,176.0,11.32,14.454,99.1,1
78.24,0.607,22.01,0.38,3.553,31.55,5970.0,3.02,0.0087,15.01,188.9,12.25,14.798,122.9,0
77.26,1.198,22.09,0.5,3.483,32.6,6116.1,2.71,0.0383,15.33,175.8,12.28,15.266,121.7,0
79.04,1.218,21.97,0.53,3.428,32.76,5785.1,2.36,0.062,14.98,177.0,12.21,15.31,118.0,0
77.2,0.354,22.98,0.53,3.519,31.45,5907.8,0.19,0.0071,15.6,179.5,13.91,15.112,122.3,0
79.4,1.73,21.79,2.14,3.485,33.58,5922.5,2.84,0.0276,14.87,172.4,12.69,15.301,119.0,0
75.97,0.551,22.19,0.89,3.531,28.87,5727.3,3.62,0.0026,14.87,191.4,11.14,15.009,108.5,0
74.68,0.367,21.53,0.54,3.493,31.94,5994.7,2.12,0.0417,15.0,193.5,11.54,15.015,125.0,0
77.12,0.96,22.03,0.02,3.549,29.17,6147.1,1.2,0.0885,14.71,190.8,11.57,14.959,119.4,0
77.85,0.801,21.74,1.67,3.442,32.57,6176.5,3.83,0.014,14.98,181.5,11.01,14.835,122.3,1
79.88,0.888,21.64,0.29,3.459,30.12,5978.2,1.77,0.0001,14.95,180.2,12.42,14.699,115.2,0
79.66,0.524,22.34,0.25,3.514,29.09,5895.2,2.8,0.024,14.42,175.6,12.02,15.193,121.1,0
82.09,0.675,20.61,0.6,3.6,30.89,6229.3,1.65,0.07,14.83,173.3,10.96,15.046,125.8,0
77.63,2.046,20.71,0.41,3.61,31.61,5550.5,1.95,0.1525,15.13,158.9,10.68,14.888,121.0,1
78.63,0.027,21.87,0.84,3.523,28.14,6299.6,2.68,0.0496,14.87,159.1,11.13,14.735,112.4,0
75.43,1.195,22.22,0.67,3.471,26.21,6121.5,1.98,0.112,14.79,188.7,13.34,15.186,125.3,0
78.36,0.67,21.57,1.0,3.557,28.97,5442.6,3.64,0.0584,15.48,172.3,11.78,14.826,123.5,0
78.04,1.57,21.65,0.24,3.557,32.55,6036.6,1.92,0.0249,15.5,185.5,12.44,14.994,122.1,0
81.36,1.377,22.88,0.42,3.522,25.99,5849.2,2.91,0.0044,15.43,165.6,13.49,14.45,123.5,0
76.94,0.344,22.22,0.56,3.359,29.01,6519.4,0.75,0.0376,15.4,194.3,13.46,15.126,118.2,0
79.07,0.911,23.08,1.24,3.458,29.75,5904.3,1.73,0.0341,14.95,184.0,11.4,14.971,126.7,1
77.96,1.234,21.47,0.45,3.57,26.72,6093.0,2.58,0.0365,15.81,192.1,12.86,15.58,121.1,0
81.4,0.174,21.88,1.06,3.476,32.41,5652.1,4.77,0.1419,14.72,190.6,10.92,14.144,117.4,1
75.74,0.485,22.21,0.21,3.452,29.42,5905.2,1.85,0.0603,15.53,168.9,12.83,15.087,117.0,0
77.32,1.29,23.33,0.05,3.453,30.55,5604.0,3.21,0.0006,16.32,175.9,10.5,15.142,128.5,0
76.2,0.613,20.92,0.1,3.498,32.28,6040.4,3.53,0.0703,14.68,188.9,12.45,14.695,119.0,0
78.49,0.977,21.39,0.38,3.47,30.96,5829.7,4.07,0.0155,14.21,174.0,13.44,15.356,126.7,0
78.45,0.492,21.0,0.06,3.57,29.9,6025.5,0.48,0.0588,15.28,164.7,12.14,15.336,123.2,0
80.59,0.587,22.21,1.15,3.429,28.96,6231.2,1.94,0.002,14.52,189.2,11.07,14.99,119.1,0
77.9,0.925,23.52,0.18,3.495,28.09,6067.7,2.17,0.1112,15.0,176.6,12.94,14.969,115.5,0
74.78,1.025,20.54,3.39,3.625,30.3,6308.1,4.1,0.01,15.02,146.2,15.56,14.642,126.0,1
81.55,1.768,22.72,0.61,3.534,30.6,5896.2,1.54,0.0218,15.74,179.7,12.39,15.473,118.9,0
79.76,1.086,21.95,1.13,3.479,28.66,5733.8,2.01,0.0997,15.17,169.1,12.14,14.925,121.4,0
72.69,1.545,16.94,0.59,3.424,25.11,5978.9,2.24,0.1551,14.43,176.5,12.56,14.152,124.5,0
79.08,2.015,22.68,1.06,3.476,29.09,5993.2,2.43,0.1126,15.03,184.0,10.84,14.892,119.2,1
78.79,0.243,22.61,0.19,3.49,29.03,6068.1,0.73,0.1013,14.98,195.5,11.13,15.344,120.6,1
77.1,0.981,22.79,0.93,3.509,28.7,5968.6,0.74,0.0275,14.58,176.0,11.5,14.751,117.8,0
79.01,0.792,21.81,0.19,3.454,31.79,6343.2,4.44,0.0332,14.81,179.4,11.16,15.255,117.2,1
75.61,1.209,21.24,0.46,3.542,29.24,5855.9,2.42,0.11,15.48,174.6,10.28,15.427,128.8,0
84.48,0.382,22.86,0.69,3.686,28.3,5840.3,0.58,0.0882,15.07,194.1,12.06,15.4,127.8,1
77.49,1.109,22.96,0.75,3.501,30.86,6188.1,1.2,0.0962,14.88,193.7,11.6,15.085,124.5,0
76.35,0.655,21.12,0.83,3.532,33.66,5900.2,2.28,0.021,14.48,185.4,11.01,15.401,125.9,1
79.37,1.25,23.04,0.48,3.528,30.13,6020.0,2.96,0.017,15.93,176.1,11.41,15.454,114.0,0
76.42,0.148,21.87,0.13,3.476,32.71,6113.5,1.71,0.0145,15.08,190.1,10.95,14.697,111.2,0
77.79,0.444,22.51,0.47,3.437,31.52,5823.9,3.67,0.0464,15.33,173.5,12.34,15.141,119.4,0
76.76,0.915,21.68,0.24,3.565,28.15,5774.9,2.16,0.012,15.17,210.7,10.89,14.579,112.1,0
77.19,0.68,22.04,0.36,3.423,29.15,5558.2,1.55,0.0425,14.31,192.7,12.57,15.333,117.5,1
79.08,0.871,21.7,0.05,3.456,31.86,5916.4,3.43,0.0227,14.93,184.5,11.78,14.914,120.3,0
75.85,0.84,22.19,0.37,3.401,31.34,5936.3,2.79,0.0465,14.94,164.4,12.2,14.981,122.2,0
76.95,1.371,22.26,0.89,3.527,29.1,6112.8,2.14,0.0181,14.67,194.3,11.03,15.168,119.8,0
78.47,1.969,22.66,1.66,3.411,30.73,5937.9,2.28,0.1353,15.45,185.4,11.1,14.938,126.4,0
77.61,0.849,21.92,0.3,3.562,30.36,6044.7,1.45,0.0219,15.16,182.9,11.2,14.959,122.6,0
78.5,0.316,22.04,0.15,3.517,30.31,6167.1,2.15,0.0438,14.36,156.2,12.15,14.588,116.3,0
80.13,1.201,22.94,1.08,3.478,26.5,5749.8,0.92,0.0108,15.1,165.4,11.03,15.045,117.3,0
76.63,1.731,22.48,0.09,3.525,28.9,5936.5,2.63,0.0655,14.86,173.3,12.41,15.168,124.3,0
79.25,1.15,22.25,0.02,3.488,29.32,5741.4,2.11,0.0428,14.81,174.6,10.47,14.679,122.0,1
77.74,1.523,22.64,0.14,3.477,30.54,5837.3,2.07,0.0396,14.7,175.8,11.34,15.361,116.8,1
76.42,2.008,21.43,0.82,3.457,31.76,6041.9,2.29,0.0681,15.61,174.8,12.44,14.648,119.9,1
77.88,0.823,21.97,0.45,3.493,30.5,6027.8,2.56,0.0089,14.75,175.2,12.35,14.984,116.6,0
78.3,0.54,21.78,0.85,3.488,33.76,6207.7,0.36,0.0835,14.06,170.6,11.84,15.681,121.0,0
79.02,1.484,20.52,1.76,3.624,25.14,5748.5,3.44,0.0578,15.24,191.2,10.08,14.398,133.4,1
77.61,1.147,22.27,0.34,3.497,25.81,5605.1,2.03,0.0755,15.22,185.5,13.11,14.827,116.9,0
78.06,1.122,21.79,0.36,3.49,28.91,5921.4,2.11,0.0355,14.44,192.0,10.6,14.672,119.6,0
76.68,0.616,22.92,0.98,3.66,28.66,5937.8,3.21,0.2191,12.66,189.0,13.09,14.473,138.3,0
76.76,0.465,22.16,0.29,3.4,28.11,6082.7,2.09,0.0148,14.0,170.3,11.86,14.649,116.3,1
79.74,0.942,21.2,1.02,3.481,28.85,5773.9,1.77,0.0072,15.14,163.2,10.96,14.787,117.2,0
79.14,1.334,22.94,1.41,3.434,30.67,6037.8,2.21,0.0483,16.08,176.7,11.21,14.786,118.0,1
78.52,1.208,22.35,0.51,3.575,28.94,6149.9,5.36,0.1253,15.64,171.3,13.94,15.293,114.1,0
78.33,0.783,21.49,0.09,3.498,28.97,6412.8,3.2,0.0175,14.0,173.7,11.47,15.208,125.5,0
77.62,0.223,21.53,0.0,3.481,30.88,5908.3,3.04,0.0218,15.57,175.7,13.63,14.941,117.9,0
78.35,1.168,21.16,0.89,3.291,33.94,5619.5,4.8,0.0882,15.08,188.9,12.85,15.282,115.8,1
79.13,0.955,22.7,0.09,3.506,31.22,6167.7,2.74,0.0856,14.85,180.3,13.08,15.053,115.9,0
77.78,0.52,21.15,0.23,3.474,28.94,5773.2,4.34,0.032,14.44,186.7,11.04,14.925,122.5,0
75.56,0.49,23.31,0.39,3.531,30.15,6129.6,2.02,0.1684,15.55,191.9,12.82,15.135,127.1,0
77.96,1.144,23.29,2.96,3.609,32.53,5693.7,2.28,0.0115,15.28,167.3,13.48,14.706,126.4,0
76.61,2.154,21.34,0.26,3.429,29.54,5867.0,2.18,0.0043,14.64,186.8,12.71,15.014,124.5,0
77.39,0.763,21.15,0.04,3.542,31.96,5874.3,1.32,0.0364,15.36,174.9,11.72,14.901,122.9,0
83.23,1.342,22.3,2.56,3.561,29.41,5697.2,6.03,0.0741,15.6,149.7,12.99,15.19,112.2,0
77.32,1.206,22.61,0.85,3.487,31.06,5893.7,2.02,0.0925,13.85,169.6,12.32,15.117,115.6,1
76.37,1.344,21.43,0.08,3.49,27.89,6134.2,3.38,0.054,15.4,168.5,13.6,15.1,118.2,0
79.87,1.183,20.79,0.11,3.453,30.97,5945.1,2.54,0.0456,13.93,166.3,12.84,15.159,125.4,0
77.27,0.823,21.82,0.08,3.515,30.55,5614.9,3.17,0.0436,14.55,177.3,13.82,15.017,117.8,0
79.52,1.581,22.09,0.44,3.567,31.95,5780.6,2.54,0.0587,15.08,181.8,13.31,15.053,117.2,0
79.45,1.603,22.25,0.55,3.47,28.12,6220.9,3.51,0.0303,15.17,196.1,12.29,14.858,120.5,0
75.72,0.4,24.39,0.31,3.541,30.25,5843.7,0.05,0.021,13.68,193.3,10.87,15.112,117.8,0
77.46,1.247,21.17,0.06,3.501,28.86,5994.8,4.94,0.0028,15.47,180.5,11.86,14.854,110.7,0
81.41,0.944,21.97,0.73,3.558,30.72,5698.8,3.6,0.0839,15.37,170.8,11.03,14.732,125.8,1
80.64,1.12,21.48,0.06,3.548,30.33,6298.7,2.22,0.0322,15.74,204.3,10.35,15.756,117.9,0
79.03,0.42,23.12,0.19,3.644,30.17,6193.9,5.25,0.0042,14.59,170.9,11.36,15.101,118.4,1
75.75,1.118,22.33,0.97,3.454,30.21,5794.4,3.92,0.0032,14.95,168.2,11.97,14.802,116.6,1
79.08,1.522,22.17,0.05,3.489,31.7,5882.6,1.6,0.0033,14.88,178.3,13.15,15.358,119.3,0
76.77,1.46,22.46,0.35,3.46,28.56,6191.1,1.86,0.1298,14.76,176.9,11.65,14.846,124.3,0
77.18,1.41,21.59,0.71,3.474,31.33,6251.0,3.41,0.0731,14.61,185.2,12.66,14.886,123.8,0
80.33,0.514,21.81,0.36,3.507,28.48,6216.8,1.74,0.0029,15.67,189.6,12.68,15.201,121.2,0
78.8,0.788,22.25,0.4,3.593,27.83,5993.0,2.33,0.0043,14.69,180.1,12.74,15.383,118.8,0
76.26,0.119,21.62,0.8,3.454,29.68,6041.0,1.01,0.0247,15.45,176.9,12.87,15.0,118.5,0
80.33,0.545,22.64,0.36,3.565,30.15,5995.7,3.85,0.0221,14.59,185.9,11.29,14.977,118.6,0
77.03,0.454,22.97,3.2,3.544,33.75,6115.6,4.46,0.0038,16.32,199.5,12.52,14.81,114.0,0
78.11,0.885,22.53,0.85,3.525,29.55,5885.8,2.12,0.0128,15.04,194.2,10.56,14.808,122.0,0
75.34,0.551,23.63,0.32,3.508,31.17,6159.5,1.07,0.0746,14.94,185.1,11.72,14.973,119.7,0
82.56,1.264,22.56,0.51,3.55,34.38,6040.7,2.97,0.0789,14.73,182.2,12.79,14.862,118.0,0
76.73,0.817,22.76,0.91,3.439,29.4,6122.0,1.58,0.0348,15.06,183.3,13.13,14.813,122.2,0
78.44,0.879,22.09,1.07,3.491,31.25,6024.0,4.13,0.0101,13.67,179.1,10.64,14.909,120.4,0
79.13,1.496,21.76,0.32,3.533,28.98,5883.5,2.6,0.0344,15.36,177.5,12.4,15.084,126.9,0
77.58,0.888,21.69,0.69,3.575,29.19,6137.6,2.21,0.0359,15.32,183.3,10.96,15.009,126.9,0
78.5,1.231,22.17,0.88,3.507,29.07,6095.5,2.36,0.0017,15.99,179.2,11.8,14.807,119.1,0
77.6,0.42,21.7,0.5,3.544,29.48,5670.5,3.01,0.0085,14.13,171.1,12.24,15.222,121.2,0
77.7,0.83,22.42,0.21,3.432,30.06,5841.3,2.61,0.0701,14.79,164.7,11.63,14.623,114.6,0
78.27,1.134,21.08,0.42,3.514,30.8,6258.8,1.99,0.006,14.78,181.6,11.91,15.515,117.4,0
78.38,0.266,21.94,2.28,3.595,28.02,5752.3,1.45,0.1533,16.27,154.8,12.09,14.985,130.9,0
77.07,1.543,22.08,0.7,3.452,29.47,6082.1,2.51,0.1455,16.09,178.0,13.27,14.895,122.5,0
78.73,0.785,21.96,0.38,3.474,29.16,5788.4,3.9,0.0079,15.39,183.8,11.25,15.244,112.2,0
76.54,0.13,22.19,0.27,3.511,29.8,5959.2,2.58,0.07,14.82,188.2,13.0,15.176,112.8,0
77.52,0.469,21.84,0.51,3.475,30.07,5891.5,3.45,0.0445,15.46,170.2,11.85,14.929,125.3,0
79.82,0.794,23.18,0.29,3.471,29.54,5558.4,3.17,0.0684,15.21,159.3,12.1,14.734,129.6,0
76.66,0.609,21.33,0.59,3.523,28.89,5748.7,3.95,0.0499,14.18,158.9,12.21,15.029,122.9,0
80.49,1.072,21.75,0.2,3.506,29.09,5978.8,2.06,0.0288,14.81,189.1,11.93,14.845,133.3,0
76.85,1.067,22.46,0.78,3.481,32.15,6028.2,2.34,0.1252,15.19,178.7,11.96,14.895,125.6,1
77.29,0.37,22.31,0.3,3.525,31.43,5978.0,2.02,0.0246,15.55,169.4,11.06,15.326,118.3,1
77.84,1.332,23.09,0.39,3.565,27.92,5746.1,1.66,0.0171,14.95,188.5,13.78,15.028,117.1,1
77.71,1.706,21.39,0.76,3.566,29.81,5934.0,3.42,0.0366,15.56,167.7,13.67,15.041,120.7,0
79.13,1.456,20.29,1.08,3.65,30.59,6094.4,3.64,0.1502,14.3,187.0,11.44,14.922,125.1,0
78.22,0.14,22.73,0.37,3.513,31.49,6011.7,4.35,0.0923,14.31,181.5,12.52,15.114,125.2,1
79.64,1.129,22.79,0.06,3.543,29.63,5967.6,1.97,0.0373,14.73,174.6,11.16,15.067,132.5,0
75.86,0.701,20.98,0.59,3.479,30.82,6153.9,2.19,0.0336,15.13,169.8,12.7,14.746,124.7,1
77.57,1.102,23.17,0.27,3.501,31.07,6348.4,1.61,0.0376,14.53,199.4,12.55,15.107,118.3,0
75.92,0.506,21.26,0.02,3.446,31.53,6237.9,2.78,0.0273,15.77,178.1,12.47,14.703,122.7,0
79.61,1.664,21.26,0.5,3.47,31.91,5958.4,2.8,0.062,14.14,177.3,12.03,14.992,116.3,1
76.98,0.635,21.9,0.13,3.568,28.99,5940.5,2.71,0.0139,14.71,173.9,10.64,15.014,114.0,0
77.13,0.579,23.34,0.4,3.464,30.32,6031.8,1.41,0.0738,14.79,196.0,12.06,15.062,120.6,1
78.15,0.711,22.73,0.41,3.498,29.61,6014.1,2.61,0.0596,14.69,171.2,11.97,15.206,116.8,0
77.97,0.714,22.28,0.44,3.526,28.86,5985.4,1.42,0.0516,15.21,180.2,11.33,15.023,123.6,0
78.64,1.129,21.0,0.59,3.55,30.92,6108.8,2.43,0.1062,15.21,187.4,11.02,14.866,112.8,1
77.15,0.944,21.7,0.04,3.488,28.25,6207.8,2.29,0.0156,15.98,181.5,12.57,15.135,123.3,0
75.96,1.397,22.46,0.76,3.487,30.46,5840.7,0.31,0.0021,15.29,182.6,13.29,14.664,124.8,0
77.71,0.717,21.07,0.37,3.437,28.96,6081.6,2.55,0.0439,14.05,176.5,12.72,14.904,126.4,0
78.24,0.284,22.39,0.41,3.453,29.67,5745.9,2.15,0.1459,14.57,184.8,12.39,15.5,123.1,0
79.52,0.165,21.43,0.2,3.44,27.69,5550.9,2.92,0.0226,14.78,168.2,12.36,14.782,121.3,0
77.47,1.971,21.63,0.63,3.427,27.98,6105.5,4.17,0.0001,15.49,190.6,12.36,15.105,115.4,0
75.5,1.654,23.53,0.07,3.495,31.31,6103.1,0.91,0.0676,14.38,186.8,13.62,15.276,117.0,0
77.07,0.681,21.78,0.13,3.518,31.2,6282.3,3.48,0.0298,14.72,178.8,12.84,14.932,116.7,0
79.14,1.413,21.13,1.0,3.455,29.34,5675.1,2.39,0.0586,16.59,180.0,14.52,15.482,121.1,0
77.56,1.494,22.25,0.21,3.515,28.98,5966.7,1.52,0.0238,15.21,195.4,11.63,14.967,118.7,0
85.97,2.434,23.38,1.25,3.214,32.49,5807.3,0.1,0.0195,15.19,204.7,11.86,14.646,123.8,1
78.9,0.081,21.53,0.05,3.44,30.03,6242.0,1.22,0.0493,15.47,189.3,13.19,15.412,116.2,0
78.45,1.23,22.04,0.02,3.513,29.81,5921.4,2.63,0.0301,15.05,173.8,10.95,15.0,114.0,0
78.92,0.454,22.69,0.85,3.457,29.06,6029.1,3.13,0.0481,15.29,175.7,13.85,14.513,114.2,1
78.28,1.547,21.75,0.07,3.517,30.41,5862.3,2.61,0.0454,14.26,172.6,11.61,14.844,122.3,0
79.38,0.809,21.6,0.35,3.524,28.71,5982.3,1.3,0.0036,15.76,187.5,13.24,14.822,120.6,1
77.85,0.669,22.38,1.02,3.568,29.4,5961.8,3.14,0.0186,15.35,169.2,11.76,14.859,120.5,0
76.99,0.709,21.11,0.42,3.481,30.03,6154.3,3.07,0.0006,15.31,155.9,10.93,15.146,123.8,0
79.17,1.216,22.42,0.43,3.608,31.08,5659.3,2.69,0.0305,14.72,177.6,12.07,14.796,120.4,0
78.7,0.563,23.73,0.5,3.518,30.01,5891.8,1.44,0.0314,14.8,170.7,13.17,15.276,128.0,0
78.52,0.281,22.85,0.03,3.606,27.77,6119.8,1.52,0.0615,15.44,182.6,11.74,15.179,122.8,0
78.91,0.748,23.92,1.22,3.449,29.25,6310.0,1.63,0.0227,15.93,192.7,12.31,15.208,125.3,0
79.18,1.173,22.52,0.36,3.569,31.89,6259.8,2.2,0.0112,14.95,183.5,11.96,14.798,117.2,0
78.67,1.492,21.17,0.98,3.659,32.54,5908.2,4.42,0.1521,15.68,177.5,11.48,15.216,117.2,1
78.07,1.28,23.94,0.08,3.538,30.1,5968.3,3.08,0.023,14.95,180.7,11.71,15.224,121.5,0
77.63,0.57,22.09,0.34,3.598,27.95,6196.9,2.49,0.0117,15.3,174.6,11.43,14.617,122.4,0
78.54,1.851,21.95,0.37,3.515,28.84,6217.2,2.14,0.0274,14.14,176.2,11.63,14.819,116.9,0
76.78,0.194,22.2,0.09,3.552,29.05,5883.1,2.32,0.0386,14.43,176.9,11.94,14.841,123.1,0
79.68,0.332,22.57,1.24,3.439,29.28,6089.7,2.92,0.0223,15.42,173.8,12.37,15.154,124.0,0
79.05,1.285,20.84,0.42,3.484,30.24,6372.7,2.14,0.0377,15.6,186.7,11.35,14.748,115.3,0
76.5,1.074,21.28,0.51,3.427,28.9,6375.7,0.02,0.0103,15.29,170.8,12.17,14.994,120.9,0
78.54,0.553,21.25,1.04,3.496,30.81,6059.7,1.53,0.0259,14.76,178.0,12.43,14.915,119.3,0
75.32,0.955,20.82,2.07,3.534,29.63,6323.7,3.6,0.053,16.18,169.6,13.55,14.475,112.4,0
76.93,0.586,20.5,0.23,3.478,27.58,6097.7,1.41,0.0126,14.8,193.4,11.16,15.229,121.8,1
79.78,1.627,22.78,0.31,3.524,29.5,5967.9,2.26,0.0085,14.81,180.8,12.38,15.303,121.8,1
76.17,1.323,20.72,0.92,3.496,34.14,6069.7,3.1,0.0785,14.99,177.5,12.97,15.015,126.2,0
78.65,0.749,22.64,0.85,3.502,29.76,6219.5,1.62,0.0494,15.0,184.4,12.01,15.258,128.9,0
78.02,1.674,22.56,0.08,3.599,27.84,5867.0,2.44,0.0119,15.72,176.7,11.55,15.002,124.1,0
76.79,1.017,21.57,0.45,3.485,29.14,5647.8,2.53,0.0061,14.31,180.2,12.31,14.555,113.7,0
78.35,0.239,21.91,0.74,3.521,28.52,6082.5,1.94,0.0131,14.56,168.7,12.01,14.889,113.4,0
79.96,2.279,21.26,1.67,3.393,29.34,6219.6,2.45,0.0221,14.9,182.6,11.36,15.013,123.2,1
77.23,0.831,21.23,0.49,3.547,30.67,6172.1,2.28,0.0268,14.47,192.3,12.95,14.663,114.9,0
76.83,0.848,23.71,0.56,3.497,31.59,5962.1,0.42,0.0545,15.68,191.1,11.54,15.079,127.1,0
78.08,0.847,21.14,0.49,3.495,29.84,5969.8,3.35,0.0209,14.88,179.9,11.43,15.047,118.2,0
76.62,1.252,18.78,1.21,3.54,24.73,6171.9,2.57,0.0642,14.26,177.2,11.04,15.217,128.4,1
77.64,1.454,22.16,0.07,3.5,32.69,5972.0,3.29,0.0045,15.25,171.3,12.17,14.917,114.5,0
79.23,0.364,22.4,0.41,3.448,31.59,6095.3,3.2,0.0363,14.91,168.3,11.32,14.771,118.1,0
77.33,0.71,20.6,0.28,3.472,29.28,6058.9,1.29,0.0606,13.97,188.4,11.0,15.638,126.8,0
77.71,1.41,22.17,1.48,3.553,29.88,5806.3,4.42,0.0446,14.96,176.5,11.59,14.694,126.1,0
78.79,0.773,22.27,1.04,3.607,31.88,5476.1,3.79,0.0162,16.54,185.5,12.73,14.723,119.2,0
77.24,0.604,20.93,0.64,3.508,28.49,5553.1,1.6,0.0155,15.05,180.4,13.13,15.007,116.8,0
79.34,1.542,21.41,0.99,3.507,29.64,5968.0,2.45,0.0128,14.88,183.8,10.81,15.171,116.7,1
79.45,0.98,22.28,0.05,3.534,30.56,5720.2,1.77,0.1076,15.08,184.2,10.61,15.075,120.8,0
79.32,1.163,20.7,0.35,3.428,28.75,6165.5,3.27,0.0118,14.48,181.9,13.96,15.137,119.7,0
78.9,0.364,21.77,0.15,3.495,30.88,6073.9,2.31,0.0338,14.94,179.3,12.19,15.082,116.9,0
77.94,0.841,21.4,0.2,3.489,32.69,6051.0,2.77,0.0457,14.45,168.2,11.02,14.854,121.1,0
76.38,0.756,21.71,1.21,3.479,29.97,6256.0,2.82,0.0005,15.05,194.6,12.05,15.049,128.3,1
78.31,0.668,22.1,0.78,3.376,30.88,6083.0,3.88,0.0397,15.21,178.4,11.13,14.885,116.8,0
77.4,0.942,21.1,0.06,3.47,30.34,6081.4,1.74,0.0372,15.18,182.3,12.69,15.091,122.8,0
79.45,1.096,22.56,0.2,3.568,30.43,6123.3,2.69,0.0251,14.82,174.2,11.42,15.323,123.9,0
77.22,1.505,21.77,1.5,3.49,28.99,5859.7,3.19,0.0439,14.22,179.8,11.54,14.908,118.3,1
78.26,1.359,22.1,0.89,3.621,29.46,5812.0,1.65,0.0327,14.91,176.0,12.4,14.798,116.4,0
77.82,0.421,20.48,0.59,3.549,29.34,5923.8,2.76,0.0091,15.3,183.2,11.96,15.347,119.8,1
77.95,0.954,22.46,0.4,3.544,30.0,6044.4,2.75,0.0663,15.33,183.1,12.26,14.675,116.2,0
79.1,0.731,20.59,0.17,3.384,27.11,6008.6,3.23,0.0201,15.94,190.9,11.67,14.752,128.3,0
77.93,1.134,20.99,1.43,3.551,31.13,6174.6,1.71,0.0766,15.66,177.9,11.51,14.937,110.7,1
76.96,1.441,22.08,0.46,3.572,30.98,5638.9,3.67,0.0537,15.12,179.0,12.04,15.035,121.2,1
79.82,0.987,20.83,2.97,3.5,28.78,5863.7,2.75,0.0206,15.08,183.0,12.05,15.048,127.9,0
78.42,1.683,22.9,0.21,3.462,31.5,6108.6,2.15,0.0178,14.24,182.3,12.33,14.623,123.3,1
78.32,1.449,20.8,1.13,3.478,28.35,6158.8,2.06,0.0025,14.84,171.7,13.38,15.028,116.0,0
78.75,1.956,22.43,0.24,3.519,28.81,6106.2,3.64,0.009,15.49,170.4,12.36,14.804,124.1,0
77.04,1.018,21.83,0.3,3.485,29.59,5646.2,2.99,0.0243,15.43,174.9,11.56,15.102,123.3,1
76.71,0.917,21.27,1.4,3.404,29.3,5963.4,2.79,0.0149,13.94,178.7,11.58,14.953,124.3,0
77.54,0.297,21.58,0.11,3.473,29.4,6198.0,1.1,0.0546,15.21,185.9,11.44,15.01,119.8,0
79.14,0.896,22.26,1.3,3.45,30.0,5879.8,2.42,0.0321,15.66,192.2,11.93,14.923,130.9,1
78.2,0.91,22.32,0.74,3.552,30.75,5711.4,2.68,0.0032,15.3,181.6,12.36,14.796,119.5,1
79.09,1.625,21.7,0.57,3.541,29.49,5855.0,2.58,0.0223,15.33,189.9,12.88,14.928,124.9,0
75.36,1.097,21.8,0.08,3.495,29.69,5785.5,4.12,0.0701,14.52,167.7,12.37,15.094,120.9,1
77.06,1.075,21.98,0.1,3.544,30.47,5815.1,2.25,0.0616,15.52,173.0,12.22,14.734,119.2,0
75.61,1.466,23.09,0.77,3.461,28.22,6058.1,3.71,0.0301,14.55,173.9,12.37,15.035,121.6,1
77.69,0.395,23.48,0.02,3.543,27.92,6071.1,1.33,0.1657,14.84,189.7,10.94,15.123,120.8,0
77.95,0.69,23.14,0.06,3.449,29.07,6233.8,2.39,0.04,14.74,179.6,11.16,15.051,122.5,0
78.45,1.247,22.52,0.05,3.503,29.25,5786.5,1.91,0.0242,14.49,186.4,11.23,14.965,118.3,0
76.87,1.152,22.32,0.44,3.52,28.87,6055.9,1.57,0.0891,14.59,153.3,12.59,14.785,125.3,0
77.62,1.029,20.83,1.35,3.543,32.17,5969.2,3.99,0.0233,15.29,175.2,12.34,14.775,117.6,0
76.4,0.696,22.13,0.49,3.524,29.33,6039.9,2.71,0.0235,14.85,176.6,12.68,15.116,123.1,0
77.48,0.304,21.67,0.35,3.431,29.76,6072.1,2.43,0.0463,15.06,186.0,11.53,14.898,117.1,1
76.58,0.181,22.52,0.07,3.571,28.29,5870.2,3.68,0.1062,14.42,175.9,12.36,15.047,123.0,0
79.11,0.643,22.78,0.64,3.529,30.82,6203.9,1.83,0.0383,15.95,178.2,12.64,14.903,117.2,0
78.25,1.671,21.84,0.11,3.495,28.34,6403.6,3.41,0.025,15.8,165.8,13.06,15.203,113.6,0
79.38,1.455,22.01,1.79,3.517,29.72,6488.4,0.43,0.0321,15.11,171.9,11.9,15.039,119.9,0
80.19,0.577,20.89,0.02,3.38,31.82,6038.6,2.85,0.0274,13.73,173.2,11.91,15.378,114.2,0
77.81,1.695,21.39,0.03,3.511,27.91,5826.6,2.43,0.0091,15.52,194.8,12.23,15.056,123.5,1
80.31,1.502,22.05,0.71,3.521,28.19,5943.6,4.49,0.0151,16.41,166.3,10.66,14.822,117.5,0
81.58,0.405,21.99,0.44,3.387,29.66,6350.4,2.32,0.0372,15.91,172.2,12.5,14.773,120.3,0
78.18,0.968,22.45,1.03,3.514,29.8,6256.6,3.3,0.0247,14.75,172.5,11.93,14.998,120.8,1
78.22,1.015,21.32,0.64,3.461,29.89,6015.8,4.02,0.0229,15.62,177.9,10.86,14.746,125.6,0
77.25,1.379,21.83,0.09,3.487,30.88,6081.3,2.48,0.025,14.84,192.2,12.36,14.967,112.7,0
80.82,1.41,21.35,0.73,3.574,30.1,5947.6,1.06,0.0531,14.93,167.2,10.93,14.819,116.3,0
76.55,0.98,22.19,0.34,3.456,29.86,6218.0,4.07,0.0698,14.79,183.1,12.71,15.008,118.0,0
78.92,0.435,23.48,0.25,3.386,28.65,5920.5,2.24,0.0501,15.48,170.4,10.87,14.83,120.1,0
78.37,0.382,23.14,0.52,3.4,31.19,5766.0,2.65,0.0605,15.18,181.0,11.05,15.056,125.2,0
77.43,1.902,21.72,0.14,3.449,29.91,5775.8,2.12,0.0372,14.49,178.0,11.01,15.032,125.3,0
78.47,1.239,21.47,0.46,3.416,28.0,5959.5,2.04,0.0181,14.74,187.6,12.5,15.217,123.0,0
76.64,1.25,22.26,0.84,3.537,29.65,5998.4,1.78,0.0053,14.94,172.1,12.73,15.382,118.8,1
79.79,1.204,21.7,0.55,3.457,31.64,6113.5,2.58,0.0061,14.51,178.2,13.02,14.968,117.7,0
77.84,1.864,21.06,0.65,3.471,31.55,6011.5,1.3,0.018,14.68,175.6,12.38,14.922,123.4,0
79.73,1.536,22.52,0.93,3.515,30.37,5587.4,3.45,0.0342,14.97,182.8,13.25,14.826,120.2,0
76.07,1.442,20.22,0.07,3.556,32.66,6056.6,5.45,0.0376,16.39,173.7,12.35,14.94,99.9,1
76.98,0.903,22.52,0.56,3.473,31.77,6245.6,2.69,0.0176,14.84,190.1,11.75,14.869,127.1,0
78.84,2.058,22.24,1.95,3.522,28.29,5850.5,3.06,0.0128,14.88,184.4,11.34,14.813,119.6,0
78.63,0.195,22.23,0.03,3.474,30.37,6110.8,2.83,0.0143,15.2,168.8,12.21,15.444,124.6,0
77.99,1.158,20.95,0.21,3.51,29.02,6090.8,1.6,0.0192,15.1,179.5,12.2,15.354,121.9,0
79.01,0.843,21.85,0.1,3.538,31.79,5961.4,2.14,0.0101,15.48,177.7,11.15,15.031,118.6,0
77.39,1.84,21.96,0.62,3.529,29.66,6508.3,3.74,0.0013,15.12,189.0,12.7,15.084,114.5,1
76.56,1.542,22.89,0.14,3.468,30.54,6243.2,3.38,0.0886,13.81,174.1,11.77,15.261,124.3,1
73.87,0.627,20.95,0.59,3.553,30.07,5530.2,2.93,0.1255,14.26,169.4,11.98,15.201,114.2,0
77.31,1.356,22.18,0.07,3.578,31.53,6065.1,4.19,0.0424,15.41,181.0,12.39,14.849,117.9,0
78.07,0.786,23.17,0.57,3.593,28.66,5682.8,4.26,0.0159,15.42,177.3,12.36,15.278,126.4,0
75.93,1.263,20.78,0.23,3.507,27.06,6188.2,1.24,0.0985,14.19,177.9,12.04,14.601,123.5,0
78.84,0.794,23.91,0.04,3.5,30.48,5863.7,1.67,0.023,14.81,176.7,12.22,14.876,122.1,0
78.71,0.746,23.56,0.15,3.488,30.68,6024.5,3.31,0.0609,14.56,203.3,11.35,14.751,124.3,0
79.56,0.691,21.52,0.07,3.477,29.23,5688.9,2.6,0.0496,15.28,176.9,12.09,15.364,122.3,0
76.44,1.569,21.2,0.29,3.52,28.95,6038.8,2.5,0.0645,15.4,175.6,12.17,14.986,125.7,0
75.39,0.022,20.56,0.43,3.511,29.28,6159.7,1.54,0.0661,15.19,178.9,11.86,14.991,117.7,0
78.15,1.759,22.53,0.75,3.507,29.92,5905.3,2.48,0.0414,14.49,185.2,11.96,15.033,123.3,0
78.22,0.36,21.6,0.11,3.504,31.29,5851.8,2.14,0.0656,15.16,181.8,11.79,14.889,111.8,0
77.61,0.649,22.55,0.67,3.488,31.09,5601.4,1.89,0.0582,15.9,193.5,12.36,15.164,117.6,0
75.41,1.979,22.39,0.17,3.601,26.22,5762.1,3.98,0.0742,14.58,195.2,11.46,14.717,115.0,1
77.52,0.753,21.33,0.25,3.482,29.15,6152.8,1.36,0.0021,15.12,176.4,12.71,14.755,119.9,0
77.43,1.67,22.0,1.21,3.562,30.54,5888.2,1.74,0.0074,15.11,189.8,12.42,15.182,121.2,0
78.82,1.465,21.78,0.0,3.516,31.42,6244.3,1.55,0.0119,15.04,174.0,12.02,15.565,118.4,0
78.5,0.385,21.08,0.12,3.546,28.18,5683.6,2.58,0.0926,14.42,172.4,12.7,14.801,125.2,0
78.05,2.246,22.37,0.54,3.491,31.45,6283.6,2.65,0.0494,15.53,170.8,12.65,14.727,119.2,1
78.29,0.679,21.01,3.11,3.496,30.96,5675.2,3.87,0.0694,14.93,192.2,12.51,15.235,128.5,0
77.46,1.223,22.24,0.54,3.6,29.08,5803.1,2.86,0.0121,15.48,179.1,11.97,15.199,117.3,0
77.25,0.749,21.45,1.25,3.565,32.55,6101.4,1.96,0.0114,14.57,174.2,12.38,14.673,116.8,0
80.55,0.452,21.91,0.65,3.535,29.3,6260.3,1.12,0.0228,14.75,169.1,13.62,15.129,111.9,0
76.0,1.343,21.98,0.06,3.548,31.61,6056.1,2.09,0.0108,14.54,180.5,13.26,15.047,120.1,0
78.79,1.502,20.33,1.0,3.539,30.53,5748.1,4.63,0.0193,15.71,185.4,11.16,14.827,121.9,0
75.55,0.898,23.27,0.5,3.562,31.71,5987.3,2.62,0.0002,15.16,179.3,12.38,15.168,116.7,0
78.81,0.271,21.99,0.49,3.509,29.07,5836.8,3.87,0.031,16.28,173.3,11.21,14.847,121.8,1
78.6,1.788,21.91,0.11,3.492,30.42,5918.6,1.97,0.0403,15.2,195.8,11.94,15.24,120.8,1
77.24,1.011,22.05,0.51,3.542,31.84,5833.0,1.96,0.0881,16.03,186.9,12.27,15.134,124.9,1
77.15,0.319,23.67,0.28,3.464,30.64,6190.3,3.43,0.0267,13.71,168.1,11.83,14.732,128.7,0
76.9,1.588,21.46,0.49,3.435,28.53,6259.1,3.93,0.0558,14.88,181.3,12.3,14.825,119.8,0
79.15,1.051,22.36,0.6,3.46,29.66,5624.8,2.93,0.0216,14.3,171.3,12.69,15.434,124.7,0
78.9,0.209,23.2,0.02,3.508,28.61,6139.9,2.48,0.0427,15.33,159.8,12.76,14.798,119.3,0
78.69,0.586,21.03,0.47,3.508,29.23,6183.6,2.2,0.0642,15.02,168.8,11.34,15.1,121.2,1
78.55,0.535,22.64,0.5,3.489,33.88,5701.5,1.47,0.0608,14.19,185.3,11.75,15.231,113.8,0
78.69,1.234,22.14,0.23,3.506,30.96,6091.5,2.37,0.0328,15.9,174.9,12.22,15.276,123.2,0
77.39,0.843,21.72,0.36,3.535,30.91,5831.1,3.71,0.0045,14.8,187.2,11.99,15.093,114.5,0
79.52,2.027,21.2,0.23,3.606,29.86,6206.0,1.6,0.0302,14.71,180.3,12.26,14.891,110.8,0
78.79,0.765,20.97,0.72,3.558,31.49,6048.6,3.61,0.032,14.34,176.2,12.27,14.797,117.4,1
75.86,0.594,21.91,0.48,3.533,30.23,5976.2,1.0,0.047,14.87,192.4,12.8,14.902,116.6,0
76.49,0.435,22.43,0.64,3.55,28.26,6128.4,2.16,0.065,15.08,171.4,12.88,14.822,119.6,0
79.24,0.816,22.03,0.16,3.52,30.36,5818.1,2.41,0.076,15.51,181.1,11.6,15.138,118.8,0
77.68,0.944,22.29,0.88,3.465,31.08,5865.6,1.5,0.0615,15.19,186.4,11.96,15.2,118.5,1
77.24,1.231,21.98,0.29,3.531,28.88,6121.5,3.39,0.0284,14.98,172.6,12.22,14.855,126.7,0
79.52,1.332,20.36,0.96,3.464,29.91,5934.2,3.84,0.0581,16.24,189.4,11.47,14.974,117.2,0
77.9,1.081,20.16,0.59,3.55,29.34,5636.5,0.69,0.0088,14.94,175.6,11.6,14.993,112.8,1
78.55,0.393,22.68,0.44,3.442,31.06,5876.4,2.07,0.0694,14.8,167.6,12.21,14.718,116.0,0
78.35,1.401,21.11,1.12,3.536,30.16,6078.4,2.62,0.0195,14.71,175.3,11.93,15.119,108.6,0
76.77,1.185,23.83,1.16,3.41,28.48,5828.1,2.79,0.1476,15.23,150.0,11.76,15.577,129.8,0
78.06,1.626,21.23,0.91,3.471,29.94,5692.1,2.62,0.0154,14.61,190.6,10.81,15.207,117.8,0
76.8,0.695,22.75,0.04,3.499,28.57,6205.1,2.87,0.008,14.93,156.5,11.43,15.051,123.7,0
79.13,0.829,22.71,0.92,3.437,28.38,6014.8,1.88,0.0244,15.0,171.7,11.68,15.18,120.8,0
82.81,1.585,22.03,1.09,3.462,31.26,6059.4,1.57,0.0296,14.98,205.5,10.16,15.059,116.9,1
79.7,0.977,23.16,1.35,3.526,28.73,6011.4,2.55,0.0345,15.39,164.9,12.11,15.19,124.1,0
77.15,0.151,23.07,1.12,3.399,29.72,6051.8,3.04,0.0415,15.73,166.0,12.65,14.818,120.2,0
77.21,1.055,22.21,0.28,3.494,30.83,5958.7,3.27,0.0079,14.89,177.0,12.69,14.976,128.5,0
76.51,0.596,22.39,0.07,3.541,27.71,5686.9,2.66,0.0614,14.71,183.5,12.85,15.572,109.2,0
76.67,0.906,21.33,0.53,3.498,31.0,5926.3,1.96,0.0529,14.8,175.2,12.24,14.841,120.3,1
79.03,1.505,21.21,0.1,3.529,27.7,6281.5,2.15,0.0512,14.61,174.7,11.77,15.099,126.5,0
78.27,0.799,22.18,0.67,3.529,28.89,5944.8,2.83,0.0032,15.46,179.8,12.32,15.056,119.9,0
79.08,0.505,22.3,1.52,3.41,30.54,6309.0,2.67,0.0051,15.18,190.2,12.97,15.106,113.6,0
78.57,1.076,22.95,0.07,3.484,28.12,5773.7,2.91,0.0251,15.67,191.1,12.17,14.727,120.5,1
77.48,1.81,21.55,0.14,3.484,30.4,5756.4,1.57,0.044,14.41,179.6,13.59,14.886,118.3,0
76.63,0.646,22.05,1.25,3.483,30.11,5913.2,1.94,0.0186,14.89,180.7,11.8,15.044,118.0,0
76.1,1.04,23.27,0.38,3.424,31.71,6245.7,3.06,0.0065,15.15,182.5,11.46,15.102,125.4,1
75.92,0.618,22.91,0.52,3.547,33.35,6078.4,4.16,0.0482,15.1,186.2,13.15,15.435,116.4,1
77.23,0.898,20.51,0.06,3.539,31.46,6025.2,1.81,0.0182,14.58,175.6,12.48,15.225,118.3,0
77.4,1.186,22.09,0.58,3.518,30.25,5735.4,3.5,0.0687,15.01,184.6,12.36,14.933,121.7,1
78.75,0.949,21.86,0.37,3.484,27.56,6149.5,1.52,0.0145,15.03,184.2,11.49,14.798,121.1,0
78.42,0.721,22.29,0.65,3.557,32.39,5559.8,3.81,0.022,14.95,183.6,11.8,15.192,126.2,0
76.65,1.327,22.68,0.45,3.434,30.97,6341.7,2.11,0.0108,14.62,158.2,12.3,14.728,115.0,0
78.91,0.121,20.7,0.2,3.408,29.61,5851.2,2.89,0.0431,15.2,181.2,11.23,15.271,117.5,0
79.6,1.64,21.98,0.96,3.515,30.4,6149.2,3.44,0.0008,14.53,168.1,12.09,15.085,115.2,0
77.48,1.145,21.6,0.35,3.606,28.96,5724.7,3.2,0.0375,14.4,185.4,11.75,15.387,120.6,0
77.08,0.87,21.96,0.3,3.533,28.94,6092.7,3.84,0.0337,14.33,181.3,12.55,14.949,126.1,0
78.99,1.256,22.48,0.12,3.499,30.98,5988.1,2.6,0.0301,15.07,185.5,11.5,14.71,120.0,1
78.17,0.747,22.64,0.67,3.544,33.4,5725.8,1.36,0.0665,14.76,172.6,12.48,15.002,114.2,1
78.27,0.22,22.22,1.75,3.577,31.61,6016.2,1.04,0.0017,15.9,183.6,11.59,15.254,127.9,1
77.99,1.616,20.51,0.41,3.489,32.23,6132.6,3.87,0.0532,15.12,186.4,11.93,14.917,119.2,0
77.81,1.588,21.63,1.39,3.497,28.23,5421.2,0.53,0.0899,14.55,161.0,11.35,14.735,115.7,0
80.25,1.437,21.49,0.04,3.551,29.18,6161.8,2.7,0.066,15.7,174.4,11.23,14.741,115.2,0
79.91,1.19,22.07,0.77,3.555,31.63,6043.5,3.15,0.0041,14.91,177.3,11.82,15.17,120.4,0
80.36,1.166,21.52,0.43,3.464,30.77,6002.9,2.29,0.0695,15.56,188.9,12.88,14.828,119.0,0
77.81,0.626,22.38,0.19,3.488,32.48,6049.1,2.24,0.0942,15.29,176.4,11.87,15.081,122.0,0
78.58,0.677,22.2,0.73,3.53,30.25,6025.4,1.27,0.0008,15.28,191.0,11.81,15.184,120.4,0
78.33,0.602,22.2,0.22,3.536,28.56,6032.0,3.86,0.0049,14.6,190.5,11.9,15.197,123.9,0
77.28,1.202,20.42,0.26,3.539,29.95,5957.0,2.76,0.0033,15.4,174.4,12.76,15.023,126.8,0
78.11,1.27,21.33,0.04,3.538,27.83,6095.5,3.08,0.0343,15.58,180.4,11.85,15.06,120.4,0
78.47,0.541,22.33,0.19,3.493,33.24,6153.5,3.5,0.0239,15.27,167.1,11.49,15.621,113.7,0
77.52,0.907,20.74,0.09,3.508,27.88,6248.8,3.16,0.0305,15.12,183.6,12.82,14.979,129.3,0
78.54,0.859,20.95,0.49,3.518,30.77,6044.4,2.21,0.014,14.47,183.0,10.98,14.977,122.1,0
77.85,0.999,22.11,1.08,3.561,29.43,5885.0,2.81,0.0361,15.66,178.1,11.21,15.05,124.8,1
77.64,1.209,22.82,0.0,3.579,29.09,6054.8,2.32,0.0747,14.93,180.3,11.44,15.393,122.0,0
76.81,0.909,21.73,0.45,3.484,30.28,5831.2,2.61,0.0103,14.23,190.9,10.96,14.838,120.9,0
76.07,0.97,22.68,0.15,3.513,27.9,5726.3,2.19,0.0342,14.89,180.2,11.83,15.089,120.6,0
80.8,2.166,22.08,1.72,3.561,28.22,6186.2,1.87,0.0392,15.82,188.0,12.44,14.697,118.2,0
79.57,0.604,21.91,0.28,3.558,29.39,6029.9,3.73,0.0649,14.68,188.8,11.17,15.453,124.3,1
73.68,1.618,21.14,0.29,3.524,31.07,6269.8,3.73,0.04,14.83,192.8,13.04,14.94,108.7,0
77.62,1.38,23.07,0.38,3.585,30.16,6102.5,2.48,0.0249,14.96,173.5,13.1,15.08,112.3,0
83.97,1.259,22.25,0.19,3.539,29.09,6426.2,5.23,0.1501,15.65,164.3,12.39,14.354,121.8,0
75.69,0.942,22.81,3.19,3.616,30.66,5545.3,2.8,0.1078,14.72,175.6,14.18,14.768,125.0,0
78.04,0.751,22.23,0.4,3.516,28.65,6162.9,2.95,0.0116,15.85,186.8,12.53,14.814,121.0,0
76.99,1.217,21.26,0.28,3.537,29.66,6072.6,2.75,0.0744,15.23,185.7,11.43,15.211,125.2,0
81.71,0.44,23.23,0.17,3.572,31.05,5901.9,3.43,0.029,15.59,175.2,11.88,14.395,117.6,0
81.66,2.706,21.56,1.42,3.431,32.25,5631.3,0.37,0.0578,16.02,180.4,11.35,14.855,116.3,1
77.29,0.885,21.47,0.21,3.442,32.4,6163.3,3.13,0.0439,15.95,199.5,11.24,15.28,119.1,0
75.06,0.871,22.31,0.38,3.529,29.02,6089.1,2.05,0.0173,15.08,193.0,11.48,14.838,114.8,0
78.08,0.724,23.26,0.79,3.575,30.8,5819.1,3.05,0.0564,15.3,181.7,11.6,14.924,114.8,0
78.62,1.603,20.48,0.15,3.479,30.57,5739.7,3.27,0.0051,15.0,185.4,10.82,15.099,116.1,0
74.74,0.478,22.79,0.25,3.497,28.98,5979.1,2.63,0.0306,14.41,179.6,12.45,15.047,117.5,0
78.84,0.701,21.71,0.78,3.458,30.35,6093.0,3.63,0.0201,15.12,174.1,12.31,15.06,119.3,0
79.98,1.058,22.03,0.32,3.495,31.35,6277.1,2.95,0.06,15.4,180.4,12.26,15.317,122.3,0
78.24,0.706,22.15,0.19,3.433,31.17,6476.8,0.57,0.0132,14.88,182.8,12.38,15.106,118.0,0
79.81,1.049,22.85,0.25,3.501,30.51,6061.8,2.19,0.0405,14.62,178.9,11.9,14.938,119.1,0
80.24,1.031,22.86,0.94,3.25,28.45,6459.7,0.89,0.1435,14.78,179.7,12.2,15.274,115.0,0
77.45,0.969,21.91,0.22,3.479,29.4,5996.9,3.42,0.0354,14.48,175.2,12.36,15.157,116.2,1
78.61,0.924,22.01,0.99,3.538,29.77,6131.0,3.28,0.02,15.18,194.9,13.32,14.57,125.9,0
79.08,0.401,21.65,0.32,3.474,29.26,6230.7,2.54,0.0461,14.88,187.5,12.48,14.815,117.0,0
79.97,2.043,21.62,0.39,3.42,32.24,5963.5,1.27,0.016,15.06,207.3,11.08,14.445,122.2,0
78.72,1.371,22.96,0.67,3.504,30.58,5939.4,1.17,0.0042,15.01,190.9,12.16,14.575,121.7,0
75.82,0.122,21.18,0.19,3.403,30.37,6331.8,1.6,0.0484,14.37,182.2,12.45,14.78,117.7,0
75.73,0.434,22.18,1.97,3.561,28.49,5878.9,2.92,0.0027,14.88,184.2,12.53,15.171,118.7,0
77.99,2.58,23.16,0.54,3.491,30.8,5865.7,1.38,0.0145,15.58,184.7,10.88,15.099,121.8,0
79.14,0.988,21.94,0.6,3.53,30.02,6110.7,0.84,0.0294,15.14,183.4,12.05,15.378,123.4,0
77.72,1.013,22.46,0.33,3.447,30.12,5950.4,2.82,0.0518,15.36,187.6,13.09,14.91,122.5,0
77.48,0.688,21.94,0.06,3.484,27.9,5988.2,3.04,0.0085,15.09,172.1,12.82,15.072,126.6,0
77.99,1.468,21.33,0.01,3.427,31.0,5901.0,1.83,0.0408,15.49,177.6,12.5,15.554,122.7,0
76.52,0.922,21.7,0.03,3.47,29.4,5923.7,2.9,0.1382,14.42,165.1,11.65,14.654,121.0,0
78.36,0.925,21.49,0.04,3.48,31.64,6009.7,1.59,0.0609,14.63,185.2,11.56,14.99,122.1,0
77.6,1.625,22.48,0.27,3.542,30.12,5629.7,3.2,0.0126,17.07,194.9,12.53,14.453,118.3,1
79.97,0.683,20.99,0.57,3.409,29.09,6170.2,3.37,0.0409,15.56,182.7,11.87,14.806,116.3,0
78.03,1.501,22.24,0.35,3.463,31.53,6111.8,1.02,0.0321,15.31,162.6,13.01,15.115,118.9,0
78.63,0.686,22.14,0.59,3.355,34.59,6460.6,1.46,0.0469,15.6,175.3,12.07,15.185,120.8,0
77.61,0.16,22.67,0.44,3.499,32.02,5633.4,3.13,0.0085,14.63,166.4,12.5,14.782,115.5,0
77.08,0.988,22.01,0.01,3.595,29.65,6002.7,2.81,0.0188,15.73,184.8,12.85,15.083,119.6,0
76.75,1.759,21.84,1.64,3.527,30.27,5797.9,4.08,0.058,16.3,171.9,12.51,14.827,114.4,1
80.87,1.392,21.83,0.16,3.443,30.55,6204.3,2.12,0.0445,15.29,183.6,11.98,14.826,123.7,0
77.53,1.121,22.39,0.43,3.585,31.35,6201.8,1.47,0.0621,14.63,191.5,11.2,14.986,115.1,0
78.78,1.249,22.34,0.07,3.57,29.58,5978.7,1.34,0.0069,14.81,190.3,12.13,15.106,123.4,0
81.06,1.601,22.8,0.01,3.484,29.03,6028.5,2.31,0.0201,15.15,175.0,12.32,14.908,118.1,1
75.77,0.961,20.29,0.29,3.487,26.81,5759.2,2.38,0.0016,15.35,165.5,14.37,14.939,126.6,0
78.56,0.847,22.3,0.07,3.52,30.3,6131.2,3.02,0.0728,14.93,173.0,10.34,14.808,118.2,1
78.28,1.494,21.0,0.86,3.554,29.6,6074.7,2.25,0.1267,14.55,175.5,11.74,15.13,116.6,0
78.79,2.666,22.22,0.21,3.499,29.51,5887.1,0.94,0.064,15.46,185.6,10.8,14.966,120.3,0
79.4,0.902,22.79,0.09,3.479,29.74,5845.8,2.47,0.0315,15.31,192.1,10.95,15.014,124.5,0
77.92,0.574,21.19,0.62,3.482,30.38,6042.0,2.78,0.025,15.43,176.8,12.24,15.293,110.5,0
77.44,0.558,21.48,0.12,3.493,31.91,5908.9,1.15,0.0093,15.23,190.1,12.51,15.223,110.8,0
77.16,1.656,21.61,0.43,3.418,30.93,5809.6,3.19,0.0973,14.89,192.4,12.14,14.795,121.5,0
79.01,2.381,21.45,0.54,3.426,29.07,6030.9,1.38,0.0061,15.84,182.6,12.93,14.841,117.6,0
77.92,0.581,23.31,0.16,3.433,30.09,5964.3,0.57,0.0184,15.04,174.4,13.15,14.68,116.7,0
78.95,0.662,22.84,0.39,3.503,26.85,6200.0,2.49,0.037,15.37,184.7,11.14,14.697,124.5,0
77.42,0.881,21.85,0.73,3.649,27.06,6406.7,3.19,0.0675,14.21,181.5,12.49,15.106,128.3,0
78.9,0.971,20.77,0.4,3.497,30.28,6187.8,2.81,0.0248,14.42,173.4,11.18,14.987,124.5,0
77.7,1.029,22.11,0.61,3.5,29.02,6056.4,3.42,0.0505,15.73,184.5,12.05,14.796,118.3,0
79.22,1.309,22.1,0.04,3.396,32.8,5817.1,4.37,0.043,15.19,179.0,12.0,14.595,115.7,1
77.3,0.195,22.54,0.6,3.409,24.96,5473.4,1.65,0.0346,15.17,211.7,10.49,15.406,113.1,0
77.82,1.433,22.74,0.49,3.535,28.74,6296.7,3.21,0.0326,15.07,181.8,12.06,15.074,117.5,0
77.35,1.262,22.69,0.45,3.533,30.3,6181.3,4.19,0.005,15.33,181.7,11.66,15.104,115.3,0
78.26,0.083,21.16,3.62,3.584,33.21,5985.4,1.72,0.017,14.65,173.3,12.28,14.937,120.6,0
78.78,1.196,23.52,1.25,3.417,26.92,5770.2,5.4,0.0902,13.29,163.9,12.29,14.303,115.6,1
77.46,1.393,22.56,0.06,3.488,31.92,5811.1,0.3,0.0514,15.36,176.6,11.04,14.931,109.8,0
79.71,1.768,24.28,0.79,3.491,32.52,6405.8,1.34,0.0933,14.63,151.6,13.33,14.209,118.3,1
75.36,1.234,22.38,0.03,3.56,30.33,6125.0,2.22,0.0501,14.6,200.6,12.41,14.727,120.5,1
81.18,1.295,21.9,1.11,3.501,30.79,5786.6,2.96,0.02,14.98,170.6,11.68,15.115,110.8,1
80.02,1.802,22.3,1.35,3.521,31.71,5891.6,0.65,0.0298,15.42,187.3,11.76,14.691,124.1,0
76.26,0.575,21.68,0.22,3.563,28.23,5709.5,3.46,0.0388,15.36,181.0,12.01,15.466,118.2,1
80.49,2.301,22.55,0.58,3.501,28.34,6263.1,2.2,0.0047,15.41,186.9,10.95,15.546,123.8,1
79.82,1.236,21.6,0.38,3.522,29.51,5854.7,2.36,0.0482,15.19,175.5,12.45,15.111,115.7,0
76.21,0.101,23.14,0.98,3.526,28.57,5779.5,3.64,0.0243,15.31,168.4,12.32,14.87,124.1,0
80.15,0.768,22.01,0.27,3.502,32.7,6287.5,2.21,0.0347,15.24,164.8,12.66,14.716,129.8,0
80.69,1.387,21.26,0.06,3.434,31.57,6007.5,2.48,0.0176,14.25,189.2,12.01,15.237,123.6,0
79.27,0.787,23.0,0.16,3.558,32.09,5893.2,1.3,0.0205,15.26,179.6,11.43,15.27,123.5,0
76.2,1.398,21.89,0.14,3.497,30.28,5806.9,2.96,0.0975,14.95,172.4,11.08,15.067,120.6,0
80.26,2.049,22.92,3.35,3.623,29.46,6631.1,0.4,0.0375,14.98,166.1,11.39,15.642,129.1,1
78.04,0.458,23.45,0.57,3.509,29.19,5639.2,1.61,0.0347,14.76,188.0,12.4,14.854,120.2,0
75.89,1.534,21.0,2.05,3.536,29.71,5767.5,2.31,0.0066,15.46,161.5,11.44,15.336,116.3,0
81.96,0.136,22.7,0.22,3.451,30.28,5991.7,3.68,0.0047,14.81,180.5,12.59,15.195,128.7,0
77.57,0.931,21.59,0.29,3.496,30.42,5901.8,3.66,0.0211,15.5,186.4,11.83,15.198,120.6,0
77.19,0.692,23.3,1.15,3.549,31.97,5989.3,1.19,0.0565,14.07,184.0,11.17,14.984,126.8,0
76.82,1.458,23.04,0.48,3.528,30.38,6084.5,3.59,0.0782,14.55,160.0,11.49,15.182,125.0,0
76.6,1.227,22.34,1.0,3.514,33.52,5993.7,3.17,0.036,14.81,198.5,10.77,14.646,110.6,0
75.45,1.143,23.45,0.83,3.482,30.13,5822.1,2.48,0.0304,14.74,181.0,13.18,14.823,119.4,0
80.54,1.374,22.19,0.47,3.438,31.59,6091.6,2.63,0.0449,14.47,179.2,12.07,14.951,120.6,0
80.42,1.278,23.03,0.27,3.509,29.79,6004.1,3.97,0.0216,15.28,187.6,12.34,15.111,125.0,0
78.57,0.931,21.91,0.54,3.484,30.2,6318.0,3.49,0.0005,15.84,170.3,11.68,14.761,123.0,0
79.23,1.247,23.02,0.65,3.525,31.56,5884.7,3.31,0.0332,14.85,171.0,10.87,14.854,125.9,0
78.15,0.911,21.24,1.2,3.417,29.47,6241.7,0.62,0.0019,15.28,181.5,11.17,15.024,117.4,0
76.82,0.783,22.77,0.34,3.454,29.15,6022.9,2.31,0.0036,16.07,168.6,11.64,14.979,125.9,0
74.39,1.063,21.54,1.22,3.49,26.91,5774.2,2.39,0.1173,14.5,160.0,11.89,14.852,130.2,0
76.2,0.959,20.77,0.01,3.482,29.67,6001.1,2.12,0.0916,15.53,179.8,12.77,15.108,119.4,0
77.09,0.939,21.99,1.78,3.485,30.03,6069.2,1.29,0.0875,14.15,180.2,13.15,15.175,113.1,0
78.43,1.736,22.29,0.04,3.461,29.81,5976.1,0.86,0.0058,15.11,184.7,12.64,14.981,121.2,0
76.06,0.875,21.31,0.13,3.534,28.27,6261.9,3.08,0.0007,15.8,171.1,12.87,14.997,119.2,0
77.08,0.985,22.5,0.17,3.446,31.25,5859.0,2.4,0.0803,15.67,177.0,12.64,15.094,118.6,0
77.61,1.137,21.96,0.14,3.473,28.75,6178.7,1.89,0.0656,14.41,180.9,11.25,15.199,124.2,1
77.55,0.672,22.3,0.99,3.497,30.66,6143.8,2.07,0.0332,14.96,174.9,11.49,15.177,123.0,0
74.96,0.658,23.12,0.87,3.483,30.91,6294.3,1.65,0.0255,15.12,182.0,11.57,14.857,113.8,1
78.33,0.092,22.81,2.16,3.602,30.24,5877.8,3.57,0.0141,15.01,169.6,12.91,14.966,114.6,1
77.09,1.352,21.64,0.54,3.513,29.79,5950.7,2.29,0.0223,15.24,175.8,12.35,14.832,122.2,1
77.39,0.53,23.98,0.64,3.511,28.57,5833.0,2.9,0.0504,15.2,174.2,12.12,14.847,120.9,0
78.37,1.313,21.69,0.13,3.534,28.35,6010.7,2.64,0.0085,15.07,173.5,12.5,15.194,120.7,0
76.42,0.464,22.53,1.27,3.524,27.6,6237.1,4.43,0.0422,16.01,182.6,12.22,15.136,126.0,0
77.51,0.817,22.56,0.61,3.465,29.28,5637.4,2.98,0.0301,15.21,176.9,12.37,14.998,124.8,0
77.75,1.152,21.87,0.38,3.551,29.26,6307.2,1.67,0.0125,15.03,174.5,12.05,14.735,115.6,0
77.1,1.287,22.38,0.09,3.51,32.18,5869.0,3.96,0.0218,15.68,180.5,12.1,14.941,117.2,0
77.74,0.713,21.12,1.79,3.498,29.04,6074.9,0.4,0.1126,14.91,183.5,11.33,15.134,120.7,0
78.12,0.548,22.58,0.13,3.45,28.31,5756.3,2.7,0.0348,15.4,176.5,13.36,14.781,117.2,1
77.23,0.621,21.2,0.8,3.528,31.51,5968.0,0.74,0.0076,15.28,197.3,11.72,15.164,116.3,0
78.37,0.521,21.91,0.12,3.451,29.31,5854.1,3.26,0.0173,15.33,173.6,11.17,15.037,122.2,0
79.09,0.463,21.75,0.82,3.524,30.49,5724.1,5.78,0.0714,15.36,162.6,12.72,15.134,127.1,1
79.41,0.739,22.36,0.09,3.532,32.5,6031.1,3.15,0.0067,14.88,198.5,12.18,14.994,123.7,0
79.26,1.278,20.53,0.37,3.415,29.29,6176.1,1.03,0.0743,15.2,191.3,12.29,15.223,127.3,0
79.15,0.023,22.89,0.24,3.518,31.21,6049.6,2.14,0.0418,14.76,176.1,12.77,15.149,121.6,0
78.55,1.1,20.65,0.09,3.589,30.18,6250.4,2.57,0.0689,15.69,172.7,11.8,14.796,124.3,0
77.41,1.23,23.15,0.79,3.527,27.88,5912.8,3.87,0.0189,15.3,173.0,12.57,14.953,125.4,0
77.22,1.219,20.79,0.43,3.432,28.47,6141.8,1.92,0.0119,15.01,179.7,12.34,15.026,122.8,0
74.8,0.849,21.28,1.51,3.473,28.94,5639.2,2.78,0.0247,15.47,186.3,12.78,15.277,116.5,0
80.59,0.261,21.22,0.26,3.563,29.63,6004.3,3.43,0.0193,14.03,175.6,11.05,15.078,114.8,0
79.12,0.587,22.53,0.85,3.465,30.18,6161.9,2.89,0.0585,14.99,180.5,12.25,14.977,112.2,0
78.41,2.001,21.66,0.08,3.503,33.94,5767.3,1.68,0.1432,14.99,195.7,12.61,15.061,127.2,0
80.14,1.397,21.45,0.48,3.501,29.82,5879.1,2.82,0.0139,15.23,190.6,11.48,14.978,117.5,1
77.87,1.637,22.1,0.47,3.579,30.97,5863.6,3.84,0.0065,15.78,167.0,13.25,14.784,119.3,1
78.78,0.826,21.21,0.74,3.347,30.23,5711.4,3.21,0.023,15.68,174.9,12.39,14.667,114.0,0
77.58,0.041,22.45,0.15,3.465,28.48,6009.7,1.02,0.0462,15.04,181.1,11.37,14.495,113.7,0
76.15,1.173,22.53,0.64,3.477,33.95,6036.6,2.71,0.0394,15.55,176.8,12.22,15.05,120.0,0
77.14,0.766,22.02,0.46,3.483,32.74,5974.7,3.82,0.017,15.5,185.2,11.94,15.04,119.3,0
78.95,1.57,22.41,0.24,3.436,29.48,6055.2,3.69,0.0241,14.8,175.0,13.08,14.699,124.0,1
77.63,0.598,21.28,0.8,3.419,29.05,6099.4,1.94,0.0122,14.97,185.0,11.98,14.871,122.1,0
77.68,1.9,22.27,0.48,3.434,29.63,5785.9,3.22,0.0244,15.99,185.1,12.85,14.887,117.1,1
76.41,1.139,22.63,0.2,3.435,29.95,5950.1,2.15,0.0119,14.71,187.3,12.37,14.997,125.6,0
78.85,0.235,22.42,0.25,3.568,27.36,6041.4,1.61,0.0089,15.04,169.6,13.33,14.874,120.7,0
77.05,1.612,21.38,0.73,3.362,31.32,5959.8,1.59,0.0021,14.79,195.4,11.67,14.995,124.1,0
76.47,0.9,21.46,1.05,3.584,28.45,6348.7,1.92,0.0657,16.08,163.4,13.35,14.605,119.1,0
75.33,1.698,22.9,0.21,3.574,29.83,6112.1,3.87,0.0343,15.49,190.8,12.81,14.803,127.0,0
77.48,1.774,23.02,0.11,3.533,31.83,5907.9,1.94,0.0287,15.49,178.7,12.07,14.707,126.9,0
75.65,1.302,22.14,0.33,3.452,29.96,5870.0,3.01,0.0166,14.62,168.8,11.98,14.787,120.2,0
79.42,0.763,21.27,0.24,3.554,29.41,5597.8,2.73,0.0592,15.76,174.1,12.48,14.947,118.0,0
78.21,0.557,22.76,0.02,3.489,30.49,5843.6,3.07,0.0213,14.35,182.7,11.84,15.103,119.2,0
76.58,1.085,21.57,0.39,3.45,30.67,5928.5,1.62,0.0076,14.55,178.6,10.96,15.009,123.8,0
76.47,1.183,21.13,0.36,3.493,29.9,6069.3,2.18,0.0067,15.52,187.8,12.39,15.042,126.0,0
79.06,1.035,21.88,0.39,3.476,30.27,6092.8,2.36,0.0103,15.58,190.7,12.59,14.929,124.2,1
76.04,1.109,21.66,0.27,3.484,28.6,5817.8,1.77,0.0121,15.57,174.4,12.21,15.115,119.4,0
78.49,0.901,20.9,0.02,3.498,31.73,6037.3,2.14,0.012,15.16,181.2,13.07,14.85,118.0,0
78.73,1.347,22.3,0.25,3.579,29.51,5790.1,1.62,0.0258,13.22,175.2,12.55,15.203,114.9,1
79.25,0.916,21.79,0.73,3.503,31.56,6170.9,2.3,0.0524,15.29,188.5,11.01,14.981,126.9,0
75.58,1.364,22.51,0.26,3.4,27.11,5831.6,3.66,0.0225,14.74,192.4,10.71,15.1,112.6,1
75.95,0.405,21.16,0.47,3.546,30.02,6214.3,2.8,0.0437,14.79,191.7,12.04,14.975,115.5,1
77.13,0.751,21.23,0.78,3.583,30.1,6206.3,4.41,0.0099,15.21,184.3,12.38,14.752,114.1,0
77.57,0.819,22.48,0.26,3.5,30.83,6159.3,2.49,0.017,15.84,176.7,12.41,14.963,115.1,0
76.87,0.789,22.63,0.41,3.576,29.3,5896.0,1.63,0.0475,14.84,185.7,12.09,14.621,118.5,1
76.34,1.629,21.49,0.03,3.569,30.12,6205.7,3.49,0.0887,15.49,182.9,11.94,14.958,117.1,0
79.91,1.2,22.35,0.44,3.442,30.38,6263.1,2.58,0.0959,13.89,178.7,11.61,15.025,115.4,1
80.31,1.776,21.47,0.72,3.465,31.05,5948.2,2.16,0.0003,14.59,171.9,12.4,15.374,116.2,0
76.02,0.564,22.18,0.3,3.521,27.79,6094.2,2.12,0.0931,14.43,192.9,13.26,14.738,125.5,1
78.34,0.77,22.69,0.86,3.493,32.77,6146.7,1.78,0.0141,14.75,175.0,11.59,14.95,114.0,0
78.06,1.395,21.84,0.24,3.496,28.92,5727.0,2.33,0.0432,15.24,183.6,12.24,15.215,117.7,0
79.29,0.885,21.67,1.59,3.472,31.61,6261.4,3.34,0.0056,13.88,167.9,11.64,14.821,120.6,0
77.76,1.091,22.05,0.13,3.485,30.62,5950.8,2.22,0.0061,14.96,172.8,12.45,15.03,120.7,0
77.66,0.628,20.87,1.52,3.496,27.33,6012.0,3.27,0.0006,14.39,203.3,13.22,15.105,119.0,0
80.67,0.798,22.33,0.12,3.433,30.9,5840.1,2.06,0.0134,15.53,177.1,11.26,14.901,120.3,0
77.73,1.194,21.65,0.42,3.441,29.04,6016.4,1.93,0.0142,15.23,187.3,11.97,15.248,111.5,0
77.55,0.489,22.47,2.36,3.475,30.12,6029.8,2.47,0.0059,14.96,177.0,10.6,15.087,118.1,0
78.06,1.355,23.29,0.18,3.55,32.15,5929.0,0.96,0.0425,14.72,180.5,10.34,14.699,111.4,0
78.83,1.244,20.99,0.06,3.519,30.07,6111.6,3.79,0.0068,15.42,187.1,12.01,15.063,118.9,0
77.59,1.251,23.19,0.08,3.627,28.67,6296.0,1.23,0.0885,15.76,184.4,12.22,15.158,123.3,1
77.73,1.546,23.0,0.55,3.487,28.95,6068.3,3.2,0.0171,15.08,172.1,13.13,15.03,121.3,0
79.85,0.027,22.33,0.15,3.554,30.22,6107.5,4.4,0.0137,15.58,164.5,12.29,14.962,122.4,0
77.66,0.928,21.7,0.07,3.548,29.91,6059.8,3.81,0.0251,14.82,182.2,11.9,14.67,123.9,0
79.07,0.612,22.51,0.67,3.53,31.03,6082.0,1.3,0.0022,14.93,181.5,12.31,15.28,116.0,0
77.81,1.244,22.75,1.12,3.616,29.24,5805.5,2.34,0.018,14.61,176.2,13.09,15.652,125.3,0
77.97,1.929,21.24,0.93,3.419,30.1,5738.7,4.4,0.0109,15.68,194.5,11.55,15.351,118.5,1
76.65,0.461,22.52,0.29,3.398,30.88,5966.2,3.83,0.0126,15.38,173.3,10.96,14.833,134.1,0
78.0,0.46,21.31,0.45,3.534,28.1,5988.1,2.94,0.0367,15.06,178.3,11.87,15.086,116.2,0
79.96,2.021,23.12,1.01,3.498,29.67,6090.9,0.87,0.1159,14.54,167.3,11.73,15.209,121.0,0
79.52,1.3,20.95,0.22,3.514,29.92,6036.2,3.47,0.0088,14.89,178.6,12.2,15.175,118.7,0
77.2,0.862,22.27,0.08,3.507,30.73,6111.3,2.83,0.0166,15.02,194.1,11.5,14.541,127.9,1
77.51,1.402,22.29,0.43,3.37,30.62,6243.4,1.86,0.0241,14.95,169.5,12.01,15.372,115.2,1
79.81,0.766,20.34,0.02,3.525,29.58,5863.2,1.36,0.061,15.49,196.9,12.7,14.906,125.0,0
75.26,1.564,21.4,0.49,3.478,26.75,5832.5,2.7,0.0009,15.98,183.1,10.17,14.736,120.7,0
79.71,1.379,21.29,0.59,3.507,30.62,5877.9,2.56,0.0727,14.59,173.2,12.0,15.151,120.3,0
78.81,1.817,22.23,0.46,3.407,30.79,6194.6,3.4,0.0333,14.95,173.6,12.18,15.171,119.8,0
77.06,0.991,22.04,0.31,3.499,31.29,5894.8,2.73,0.0231,14.58,185.7,10.74,14.911,124.4,0
79.4,1.4,23.0,0.18,3.538,31.16,6018.1,1.9,0.0195,16.1,182.3,11.56,15.178,120.2,0
78.47,0.965,21.43,0.41,3.531,29.78,6041.7,1.7,0.0332,15.41,178.6,12.53,14.858,123.7,0
78.05,0.278,20.84,0.57,3.512,32.32,5836.2,3.14,0.0092,15.97,177.5,13.37,15.091,124.2,0
77.24,1.427,22.4,0.09,3.522,30.66,5793.3,1.92,0.0483,15.05,181.5,11.83,14.93,107.6,0
77.48,0.653,22.1,0.02,3.482,30.62,5776.9,1.77,0.0028,14.79,179.2,12.02,15.421,117.6,0
79.27,0.732,23.33,0.27,3.447,29.94,5887.8,3.06,0.0717,14.89,193.3,10.88,14.955,124.6,0
80.7,1.781,22.4,0.34,3.494,30.75,5716.1,3.97,0.0928,15.28,171.9,11.21,15.18,121.6,1
80.75,0.687,20.92,0.22,3.439,29.6,5912.1,2.22,0.0254,15.67,185.8,12.34,14.309,112.8,1
74.99,0.978,21.33,0.02,3.524,28.47,6086.5,1.56,0.0093,15.31,185.6,11.34,14.64,126.1,1
77.5,1.362,22.1,1.38,3.503,28.6,6261.9,3.14,0.0156,14.59,181.8,12.93,15.019,120.5,0
77.88,0.838,22.38,0.16,3.502,30.65,5859.4,3.45,0.0643,15.18,173.3,11.06,14.901,119.3,0
77.62,1.252,22.62,0.97,3.455,28.57,5956.2,2.48,0.0105,15.89,170.0,13.25,15.037,124.3,1
78.22,0.391,21.46,0.26,3.494,31.3,6011.1,3.51,0.0157,13.77,173.9,12.1,15.146,119.4,0
78.89,0.231,21.94,0.54,3.463,31.31,6240.4,1.92,0.0369,14.84,179.4,11.87,15.34,128.3,0
78.73,1.207,21.88,0.53,3.476,29.92,5789.7,2.88,0.0523,14.26,182.4,12.52,15.34,118.5,1
79.08,0.886,23.33,0.36,3.547,30.36,5696.8,0.66,0.0511,15.17,174.4,12.38,14.541,118.9,1
81.41,0.929,22.37,0.06,3.551,29.93,6080.4,2.44,0.0159,15.34,176.1,12.64,14.822,115.5,0
80.76,0.164,20.39,3.32,3.664,33.66,5840.1,5.55,0.0242,17.87,194.9,14.13,14.664,119.0,1
78.0,1.076,21.78,1.22,3.492,30.98,5650.1,2.24,0.0019,15.08,175.3,11.02,15.169,115.4,0
79.2,1.188,22.59,0.16,3.545,31.86,6236.4,1.71,0.0586,14.66,167.9,11.68,15.11,119.0,0
78.75,1.341,22.9,0.24,3.526,30.83,6260.8,1.95,0.0416,15.01,169.6,12.69,15.146,119.1,0
77.38,1.24,22.26,0.2,3.5,27.28,6092.8,3.4,0.0225,14.57,175.9,11.28,15.567,122.8,1
75.65,1.45,23.64,0.48,3.453,30.63,5839.6,3.07,0.0724,15.8,167.7,11.95,14.892,123.4,0
81.41,1.605,21.08,0.1,3.463,28.82,5754.8,4.13,0.0548,15.01,185.9,11.86,14.974,120.1,0
77.73,1.783,23.0,0.23,3.525,28.31,6305.5,2.23,0.1369,15.06,182.4,11.35,15.042,118.6,0
77.63,0.304,22.57,0.34,3.567,30.83,6118.5,1.8,0.055,14.88,173.2,12.26,15.011,117.7,0
76.74,0.928,21.77,0.81,3.57,31.68,5937.8,3.12,0.1102,15.39,164.8,11.09,14.964,119.4,1
77.91,0.575,23.0,0.15,3.397,32.51,5930.6,3.76,0.021,14.94,178.6,12.63,15.053,117.0,1
77.98,1.585,22.57,0.16,3.467,27.92,6171.1,4.71,0.1052,15.01,170.6,12.1,14.907,125.7,1
76.76,1.189,22.44,0.01,3.594,31.69,5999.6,2.15,0.0325,14.89,185.0,10.95,14.943,119.0,0
78.87,1.438,21.32,0.13,3.472,30.66,5963.1,2.0,0.0211,16.19,190.2,12.11,15.458,118.4,0
76.22,1.142,21.37,0.77,3.639,29.01,6118.3,3.24,0.0792,14.75,194.0,12.04,15.307,110.4,1
77.34,0.851,22.04,0.28,3.483,29.6,6185.0,2.7,0.0003,15.8,186.3,11.25,14.883,118.5,0
78.5,0.589,21.58,0.01,3.55,27.57,6222.8,4.08,0.0299,15.97,192.9,12.25,14.836,120.2,1
76.71,1.37,22.09,0.3,3.593,28.33,5896.0,0.82,0.1039,16.13,168.3,11.67,15.148,121.4,0
78.38,0.909,23.68,0.36,3.572,29.92,5993.3,1.37,0.0336,14.36,190.4,11.16,14.895,120.8,0
78.27,1.197,21.05,0.61,3.524,29.98,6030.4,2.04,0.0304,14.85,186.4,12.87,14.627,118.9,1
78.91,1.195,22.37,0.44,3.433,27.69,6070.9,2.64,0.024,15.53,184.5,10.89,15.015,123.2,0
77.68,1.234,21.01,0.07,3.501,29.13,5708.1,1.56,0.0083,15.01,170.6,12.41,15.097,124.6,0
79.55,1.199,22.74,0.43,3.49,29.54,5707.5,4.84,0.0361,15.64,193.2,11.88,14.856,119.5,0
79.89,0.95,22.97,0.03,3.542,31.27,5984.4,1.75,0.024,15.95,170.1,12.38,14.883,125.5,0
77.91,1.119,21.88,0.39,3.49,31.09,6067.5,2.79,0.0061,15.06,188.0,11.95,14.77,117.9,0
76.42,1.308,22.29,0.31,3.514,28.99,6147.8,2.51,0.0302,14.63,197.0,14.2,14.783,116.6,0
79.3,1.548,20.95,0.62,3.496,30.91,5681.0,2.51,0.0425,13.81,175.7,11.87,15.035,125.5,0
78.65,0.948,22.89,0.17,3.516,31.27,6264.3,1.39,0.1233,15.4,186.3,11.41,14.937,117.4,0
76.27,0.575,21.38,0.52,3.522,29.29,6076.2,1.93,0.0014,14.91,173.2,12.62,14.763,122.7,0
76.52,0.98,22.6,0.65,3.48,28.26,6205.9,1.86,0.0447,15.0,171.5,11.42,14.868,127.3,0
77.14,1.071,21.24,0.27,3.427,28.4,6037.7,1.56,0.0376,15.13,181.3,11.33,14.864,116.0,0
74.81,0.32,19.3,0.14,3.537,30.68,5715.4,5.28,0.1806,15.61,157.9,11.45,15.286,109.0,1
76.56,0.12,20.78,0.15,3.545,28.48,5945.1,5.19,0.0484,14.35,178.9,10.88,14.728,119.5,0
80.9,1.28,23.15,0.02,3.557,31.54,6178.2,3.29,0.1468,15.58,181.7,10.89,14.839,118.0,0
77.07,1.155,22.74,0.09,3.449,30.73,6119.1,2.72,0.006,14.42,177.7,11.51,15.258,115.2,0
77.79,1.756,21.66,0.75,3.479,31.66,6187.3,2.39,0.0062,15.19,172.6,11.4,14.939,123.1,0
77.74,1.12,21.83,0.48,3.542,30.58,5805.9,4.59,0.0012,14.7,190.5,13.11,15.017,113.0,1
76.97,0.69,22.41,0.26,3.477,31.0,5988.2,2.57,0.0526,15.1,189.0,10.42,15.284,114.4,1
79.85,0.838,19.69,1.1,3.507,28.79,5918.6,2.15,0.004,15.15,177.5,11.77,15.262,119.3,0
78.17,0.68,22.83,0.13,3.465,31.26,5800.5,2.53,0.0123,14.39,179.1,11.3,14.573,120.0,0
79.31,1.233,21.77,0.28,3.587,29.81,5844.7,1.67,0.0303,15.47,174.7,11.85,15.3,120.2,1
81.06,0.997,21.3,0.32,3.506,31.7,5850.6,3.14,0.054,14.8,187.2,12.61,14.959,117.2,0
77.92,0.945,23.85,0.06,3.532,28.76,6058.4,2.91,0.0086,14.97,171.8,11.94,14.759,121.2,0
79.86,1.416,21.44,0.68,3.506,28.86,6150.4,2.04,0.0027,15.38,172.4,11.24,15.002,118.4,0
79.11,1.342,22.38,1.28,3.527,29.47,6205.5,2.1,0.0609,16.8,175.6,11.63,14.431,115.0,0
76.42,1.98,23.2,0.22,3.574,32.32,5874.1,3.46,0.1128,15.54,163.8,11.52,15.374,122.9,0
76.02,1.752,23.21,0.88,3.489,31.68,6265.0,3.73,0.0838,15.5,166.4,13.64,14.722,119.9,1
79.2,1.233,22.48,0.24,3.549,30.54,6087.6,3.47,0.0329,14.98,177.8,12.63,15.237,117.6,0
78.0,0.61,22.42,0.17,3.474,28.86,6148.4,2.17,0.0293,14.2,179.4,11.27,14.918,119.1,0
78.05,1.27,22.66,0.37,3.563,31.84,6109.0,1.83,0.0326,14.58,188.1,11.71,14.813,120.5,0
78.97,0.425,21.71,0.19,3.605,31.05,6001.7,3.68,0.0862,14.89,184.2,12.21,14.556,126.4,0
77.24,2.054,22.65,0.21,3.471,29.4,6039.2,2.04,0.0106,14.71,173.2,10.2,14.637,119.9,0
76.17,1.326,21.55,0.19,3.505,28.51,5574.4,2.98,0.072,14.83,163.5,11.94,14.756,113.8,0
77.33,0.758,22.37,0.08,3.481,30.4,5764.6,1.84,0.0825,15.65,181.6,13.17,15.375,125.6,0
77.23,1.128,22.03,0.09,3.477,27.96,5839.5,1.37,0.0008,15.34,175.0,11.96,15.394,110.5,0
75.51,0.48,20.95,0.18,3.558,29.97,6309.4,0.74,0.0296,13.89,192.5,12.46,15.392,117.1,0
78.95,1.265,20.75,0.48,3.441,31.35,5979.0,1.99,0.0287,14.72,178.4,12.98,15.339,116.7,1
80.78,1.049,21.25,1.93,3.478,32.91,5937.3,1.57,0.0686,14.99,155.2,10.08,15.02,120.1,0
74.72,1.037,21.47,0.59,3.442,27.78,5864.6,2.91,0.1044,15.63,175.1,12.32,15.518,122.9,1
80.56,1.606,22.68,0.52,3.434,29.99,6302.5,4.11,0.0113,14.36,152.5,13.76,15.659,121.9,1
77.5,0.865,23.72,0.1,3.481,29.98,5854.2,2.72,0.0224,15.63,172.6,12.44,15.241,116.9,0
77.44,1.047,22.26,0.68,3.471,28.27,5868.2,1.79,0.0343,15.55,166.0,11.19,15.061,124.2,1
78.52,1.478,22.67,0.32,3.492,28.21,5964.3,2.64,0.0774,14.76,184.1,11.39,15.259,124.8,0
77.75,1.301,22.86,2.45,3.615,29.8,6038.5,2.14,0.1721,14.59,172.7,13.62,14.783,111.4,0
78.69,1.952,22.77,0.85,3.529,30.23,5918.2,1.96,0.0106,15.09,181.6,11.64,14.628,123.5,0
78.62,1.636,21.07,0.55,3.421,30.5,5836.4,1.97,0.078,14.94,154.3,13.11,14.98,124.5,0
77.3,1.107,22.42,0.16,3.553,30.62,5908.9,2.55,0.0033,15.24,178.8,11.77,15.497,124.9,0
77.58,1.184,20.3,1.9,3.544,30.21,5646.1,3.01,0.0108,14.46,185.8,13.42,15.198,115.0,0
80.93,0.55,21.27,0.68,3.413,28.82,5871.4,1.48,0.0088,15.35,180.2,11.4,15.239,126.6,0
79.07,0.992,21.91,0.97,3.539,28.49,5983.1,3.01,0.0201,15.31,172.3,11.32,15.537,126.2,0
82.3,1.723,23.02,2.08,3.391,24.75,5831.6,1.3,0.0385,16.16,152.4,12.33,14.581,119.2,0
78.1,1.251,22.49,0.73,3.483,29.8,5841.1,2.23,0.099,14.88,170.6,11.51,14.877,122.0,0
79.32,0.237,21.78,0.63,3.547,28.48,5942.3,2.75,0.0761,15.11,173.7,11.93,14.997,117.8,1
79.09,1.29,23.96,0.06,3.455,29.3,6034.7,2.29,0.0399,15.59,167.6,12.1,15.284,119.7,0
78.9,1.998,23.19,1.74,3.501,29.85,5815.7,3.19,0.0148,15.91,175.5,12.05,15.304,117.1,0
75.62,1.321,21.99,0.95,3.447,30.18,5941.0,2.42,0.0236,15.18,186.2,10.9,15.153,115.4,0
79.24,1.089,22.21,0.79,3.476,30.65,5789.9,2.5,0.019,15.34,181.8,11.7,15.06,114.9,0
77.06,0.558,21.16,1.66,3.41,30.03,5955.1,3.16,0.0424,14.99,180.4,11.59,15.162,123.9,1
79.02,1.208,21.17,0.02,3.514,31.88,6005.2,1.86,0.0211,15.62,186.4,12.44,14.959,116.3,0
78.09,0.872,22.55,0.1,3.441,31.38,6054.2,2.41,0.0402,15.25,188.1,10.75,15.044,123.6,0
77.58,1.126,22.23,0.3,3.493,30.16,6169.7,3.85,0.0057,15.49,179.7,11.56,14.944,120.3,0
79.04,0.524,22.34,0.04,3.526,29.42,5744.1,1.95,0.0934,15.49,190.5,11.74,14.964,123.7,0
75.89,1.082,21.7,0.13,3.447,31.79,6098.7,3.94,0.071,14.11,178.4,11.78,15.161,114.5,1
77.95,1.442,21.37,0.4,3.522,30.84,5758.7,2.37,0.0061,14.34,193.4,11.0,15.111,121.5,0
79.16,0.424,21.87,0.03,3.563,29.44,5899.2,5.22,0.022,15.77,184.0,11.51,14.942,114.3,0
78.8,1.281,21.78,0.26,3.499,29.71,5977.9,3.62,0.0532,15.17,182.4,12.19,15.401,114.7,1
77.47,0.475,21.81,0.75,3.519,32.54,6075.0,2.62,0.0383,15.14,174.1,12.26,15.022,120.6,0
77.2,2.056,22.47,0.13,3.485,28.94,6063.2,1.74,0.0042,14.98,184.6,12.27,15.256,118.9,0
78.44,1.014,21.74,0.43,3.535,27.4,5759.4,2.72,0.0964,15.3,178.6,11.43,15.38,116.1,1
78.56,1.169,21.86,0.02,3.521,30.51,5982.8,1.78,0.0462,14.57,175.2,12.76,15.097,123.6,1
75.8,0.775,20.73,1.31,3.529,33.08,5539.6,2.65,0.0382,14.11,185.0,13.01,15.422,114.7,1
80.28,0.937,21.03,0.65,3.479,30.27,6347.6,1.12,0.0132,14.39,189.4,13.09,14.697,109.5,1
77.8,0.426,20.88,0.11,3.395,34.33,6153.3,3.02,0.0539,14.42,177.1,10.79,15.284,116.9,0
80.15,0.645,22.48,0.91,3.591,30.64,6268.5,2.99,0.0316,15.35,178.0,12.81,14.989,119.9,1
76.61,0.786,21.01,0.59,3.522,31.0,6274.8,3.79,0.0143,14.48,177.3,11.66,14.968,124.9,0
79.39,0.661,23.09,0.08,3.482,30.2,6097.6,2.77,0.0368,15.52,172.4,12.28,14.873,119.2,0
78.74,0.835,22.33,0.24,3.466,28.25,6215.5,2.83,0.0615,14.49,168.9,12.15,15.199,116.4,1
79.84,1.222,21.02,0.12,3.511,31.55,5788.5,3.57,0.0713,15.1,182.8,11.45,15.445,116.4,0
77.03,0.696,22.7,0.11,3.507,31.42,5946.0,2.34,0.058,14.75,197.1,13.71,14.503,119.0,0
79.12,0.304,21.14,0.09,3.467,27.84,5856.0,2.13,0.0126,14.86,174.1,13.13,14.997,121.0,0
78.38,1.191,20.61,0.74,3.529,32.61,5839.6,3.1,0.0237,15.53,174.1,11.63,15.296,110.5,0
80.12,0.356,20.84,0.43,3.508,29.71,5685.1,6.1,0.1095,15.25,170.6,11.12,14.877,115.5,1
75.91,1.237,23.4,0.39,3.429,33.24,5898.3,2.49,0.0784,14.8,196.3,10.61,15.167,127.0,0
78.61,0.57,22.93,0.05,3.555,31.52,6184.1,0.76,0.057,15.98,165.5,10.18,14.809,123.7,0
77.12,0.482,22.95,2.58,3.489,29.91,5866.2,3.14,0.0545,15.25,194.8,11.14,14.749,116.3,0
81.04,1.123,21.73,0.58,3.478,31.98,5845.0,3.18,0.0934,14.79,186.0,12.09,15.064,119.0,0
77.69,0.713,20.88,0.28,3.439,29.12,5857.0,3.3,0.0119,15.45,171.1,12.62,14.718,117.7,0
77.18,0.435,21.92,0.34,3.457,31.92,6221.0,2.28,0.1081,15.13,171.1,11.65,15.029,119.2,0
76.48,0.632,22.5,0.69,3.505,28.89,6114.6,1.14,0.0412,15.4,178.7,12.54,15.113,126.0,0
77.64,1.462,21.47,0.06,3.429,29.22,5967.7,3.01,0.0571,14.71,173.0,12.29,15.113,127.8,0
79.26,1.189,21.59,1.09,3.366,26.06,5942.0,3.83,0.077,14.86,169.4,11.9,15.252,127.0,0
79.73,0.496,22.2,0.52,3.491,29.58,6121.6,4.05,0.0557,15.37,167.4,9.65,15.404,109.2,0
76.83,1.054,21.74,0.18,3.521,30.47,5978.5,1.67,0.0132,14.9,195.2,12.36,15.328,118.2,0
78.76,1.815,22.88,0.92,3.478,28.75,6261.4,2.78,0.0186,15.79,172.2,13.0,14.748,124.2,0
77.9,1.094,22.1,0.04,3.489,30.51,6201.6,1.7,0.0747,15.46,172.5,12.28,14.934,107.0,0
77.38,1.878,22.44,1.13,3.529,29.46,6054.3,2.29,0.0395,14.49,173.6,12.57,14.863,114.4,0
78.91,1.02,22.82,0.15,3.475,30.2,6119.5,2.54,0.0328,14.37,188.9,12.82,15.13,123.6,0
75.57,0.872,22.84,0.14,3.564,31.76,5998.9,2.66,0.0347,14.91,177.6,11.36,14.813,128.7,0
75.7,1.212,22.34,1.86,3.578,27.97,6213.3,3.05,0.001,15.47,172.7,12.78,15.161,124.6,0
73.34,0.82,22.36,0.62,3.541,30.51,5908.4,0.27,0.058,15.29,165.8,12.92,14.795,109.5,0
77.56,0.884,23.3,0.35,3.434,29.67,5607.7,1.98,0.0174,15.12,172.5,11.96,14.999,123.3,0
79.02,1.286,21.23,0.05,3.514,29.71,6056.3,3.56,0.0484,14.73,195.4,12.07,14.895,115.0,0
76.64,0.751,22.47,3.04,3.462,30.79,5844.3,3.27,0.0344,14.51,184.0,12.98,14.947,123.9,0
79.09,1.066,22.23,0.14,3.494,30.99,6093.9,2.22,0.0007,14.76,172.0,11.48,14.738,120.5,0
79.46,0.694,22.5,1.75,3.484,30.04,5848.6,4.02,0.012,14.82,173.9,11.26,14.899,126.9,0
78.34,1.271,22.41,0.11,3.459,29.06,6091.2,2.57,0.0399,15.55,195.7,11.63,15.001,111.8,0
80.84,1.048,20.76,1.43,3.51,27.58,5490.7,4.51,0.1488,13.31,199.7,12.44,15.471,107.6,0
78.21,0.879,21.17,0.26,3.499,30.96,6024.4,1.92,0.0334,15.16,168.0,10.88,15.11,115.2,0
77.46,1.676,21.67,0.1,3.507,27.43,6130.4,2.36,0.0134,15.31,183.1,12.68,14.767,125.9,0
80.8,1.107,21.58,1.62,3.477,28.35,5902.5,3.95,0.0194,15.63,181.2,11.61,14.946,114.0,0
71.68,1.498,21.28,0.03,3.452,31.63,5460.0,2.82,0.0311,14.69,166.4,10.9,15.247,121.9,1
78.16,0.865,20.52,0.33,3.487,28.5,5892.3,2.16,0.0918,14.97,174.4,10.82,15.142,120.4,0
76.11,1.373,22.14,0.16,3.512,29.16,5811.1,1.5,0.0747,15.14,195.5,12.83,14.827,108.3,0
78.96,0.308,22.08,0.69,3.554,26.89,6076.1,3.53,0.1039,14.95,170.4,11.2,14.872,124.2,0
79.11,1.395,22.29,0.56,3.465,29.19,5797.1,3.39,0.0209,15.35,162.5,12.41,15.543,116.3,1
77.19,1.308,21.86,0.11,3.43,29.5,5975.1,3.69,0.0759,15.26,168.0,11.3,15.084,126.2,0
78.71,1.239,22.23,0.0,3.498,32.52,6027.6,1.91,0.0383,15.21,181.2,12.26,15.322,125.9,0
77.06,1.264,23.14,0.31,3.384,28.55,5748.1,0.7,0.0238,14.36,190.9,11.59,15.022,119.2,0
79.88,1.041,21.51,0.07,3.458,29.09,6264.6,3.27,0.0098,15.16,177.3,12.91,14.919,116.1,0
76.5,1.464,24.41,0.29,3.607,31.9,6001.3,3.69,0.1356,14.64,174.1,11.12,14.437,129.6,0
76.83,1.517,22.87,1.32,3.514,29.93,6060.5,2.27,0.0607,14.92,174.0,12.22,15.035,119.9,0
78.58,1.275,22.52,1.91,3.467,30.7,5598.2,0.81,0.0132,14.5,188.9,12.16,15.134,124.5,1
77.17,1.271,21.89,0.05,3.555,29.13,5822.7,3.01,0.0325,14.48,176.9,11.51,15.906,120.4,0
77.62,0.577,22.81,0.18,3.469,29.99,6190.8,3.17,0.0251,14.8,184.9,12.46,15.088,122.8,0
78.27,1.023,21.7,0.02,3.445,28.45,5985.7,2.61,0.0573,14.24,179.3,13.05,15.412,125.0,0
77.51,0.149,21.41,1.13,3.478,30.13,5897.5,0.97,0.0569,15.06,180.4,11.44,15.336,117.1,0
75.12,0.81,21.35,0.16,3.464,29.96,5818.8,2.45,0.0242,14.65,184.9,12.61,15.184,115.1,0
80.75,0.59,22.84,0.3,3.513,29.99,6262.1,2.93,0.0404,14.62,185.9,11.58,14.863,123.5,0
78.22,1.035,22.97,0.34,3.575,32.79,5966.9,1.58,0.0544,14.92,181.8,12.12,15.007,119.6,0
78.54,1.212,22.56,0.64,3.532,30.28,6343.1,2.12,0.0373,15.18,166.7,12.28,15.069,127.7,0
79.09,1.306,22.3,0.09,3.469,29.36,5952.0,3.99,0.0257,14.92,185.0,11.15,15.033,113.7,0
78.52,1.864,21.59,0.53,3.474,29.47,5789.6,3.19,0.0598,15.48,172.3,11.9,15.086,118.1,0
76.31,0.086,22.8,1.54,3.53,29.83,6046.2,3.17,0.0187,15.22,180.7,12.24,15.19,118.0,0
77.51,1.725,21.13,0.02,3.547,28.76,6239.7,2.11,0.0595,15.16,198.4,12.94,15.062,118.8,1
75.32,1.637,22.95,1.25,3.627,26.54,5793.4,3.12,0.1783,15.41,175.8,11.85,14.525,128.7,0
77.73,0.84,21.6,0.51,3.515,31.19,5865.8,0.09,0.0318,15.42,179.9,11.47,14.796,118.8,1
77.92,1.411,21.84,1.33,3.437,32.6,6070.4,1.62,0.0306,15.21,181.4,10.27,15.111,122.0,0
79.16,1.135,21.37,1.9,3.528,27.57,6747.2,1.26,0.0708,15.2,181.2,12.26,15.023,121.4,0
78.95,0.598,21.64,0.17,3.47,28.59,6153.8,2.88,0.0149,15.16,185.1,12.32,14.817,119.2,0
78.3,1.115,21.12,1.68,3.463,30.17,5784.0,3.22,0.0173,15.71,182.7,11.91,14.928,125.8,0
77.43,0.944,22.16,0.08,3.471,29.85,5910.6,2.56,0.0137,15.65,177.4,11.72,15.098,115.9,0
76.74,1.918,22.73,0.92,3.501,30.29,5718.3,2.25,0.0666,14.59,183.7,10.84,14.564,108.3,0
79.62,1.337,22.95,0.33,3.499,30.32,6214.5,1.43,0.1149,14.65,168.6,13.19,14.984,123.0,0
77.0,1.005,22.53,0.2,3.544,30.33,5851.6,2.39,0.0229,14.87,171.6,12.17,15.194,115.9,0
79.18,2.023,21.59,0.14,3.505,30.42,5850.2,1.36,0.0086,14.39,197.3,11.94,15.489,103.8,1
79.1,1.064,22.56,0.11,3.431,28.98,6184.0,2.54,0.007,14.34,168.6,11.64,15.205,121.9,0
76.98,0.855,21.37,0.61,3.544,30.32,6029.7,2.81,0.0411,14.65,176.3,10.1,14.911,118.8,0
77.48,0.594,22.43,0.97,3.495,28.43,6032.3,3.81,0.0715,15.56,183.2,12.28,15.044,119.1,0
78.89,1.102,22.68,0.13,3.453,32.24,5886.5,1.57,0.0239,15.04,173.8,12.57,14.976,120.3,0
73.22,0.154,23.08,0.32,3.611,29.64,6060.4,4.46,0.1086,13.42,177.6,9.32,14.467,130.4,0
80.22,0.023,21.65,0.42,3.558,30.76,6200.8,2.28,0.0109,15.19,178.2,13.28,15.312,125.4,0
75.48,0.891,21.92,0.03,3.574,28.35,5971.6,4.8,0.099,15.86,168.6,12.51,14.819,125.3,1
77.65,0.542,22.56,0.64,3.46,27.48,6162.8,4.36,0.0442,14.1,183.1,13.67,14.878,120.2,0
78.24,0.05,23.01,0.11,3.518,30.11,5961.1,4.11,0.0163,14.0,186.3,11.56,14.816,119.6,0
79.7,1.621,21.16,0.31,3.434,29.89,5895.7,1.84,0.019,15.41,172.3,11.99,14.736,114.8,0
75.85,0.306,22.72,0.04,3.508,28.9,6121.3,2.13,0.0344,15.68,174.2,12.72,15.17,124.8,0
73.27,1.097,23.78,0.59,3.446,30.04,6169.8,1.75,0.0092,15.11,180.7,12.41,14.75,119.6,1
78.82,0.492,22.82,0.35,3.383,29.74,6090.8,2.44,0.023,15.44,189.5,10.99,14.767,122.3,0
78.07,1.566,22.23,1.06,3.568,29.93,5746.4,0.64,0.0923,14.77,188.6,13.08,15.294,112.0,0
78.41,0.458,22.73,0.07,3.544,32.61,5825.0,2.23,0.0803,14.91,186.9,11.84,14.917,123.8,0
75.94,1.304,23.68,0.39,3.476,30.54,5965.5,2.79,0.0288,15.11,171.9,10.97,15.08,117.9,0
78.86,0.176,21.39,0.44,3.455,31.86,6102.6,1.22,0.0855,14.65,191.4,11.47,14.788,113.9,1
77.51,0.759,22.11,1.32,3.488,30.27,6243.5,1.87,0.0047,15.34,184.3,12.01,14.886,125.5,0
74.27,2.205,21.7,3.19,3.642,26.43,5999.4,2.96,0.1531,13.55,154.1,14.2,14.8,115.8,0
77.45,0.729,21.84,0.89,3.516,28.11,6296.4,2.02,0.0375,14.98,178.6,11.65,15.094,124.2,0
79.1,0.977,20.49,1.71,3.548,26.7,6001.3,2.54,0.0305,14.73,196.2,11.75,15.64,122.1,0
81.1,0.304,23.33,2.06,3.617,29.74,5627.6,1.89,0.2121,18.03,181.6,10.89,15.52,126.4,0
80.5,0.269,22.58,1.67,3.434,27.32,6179.1,3.06,0.0178,14.37,178.1,12.86,15.026,117.7,1
77.35,1.114,21.34,0.52,3.5,29.43,5705.0,2.24,0.098,14.77,189.0,12.78,14.897,122.6,1
78.26,1.396,23.11,1.84,3.429,31.82,6263.7,4.01,0.0265,14.96,171.6,11.26,14.812,114.7,0
76.85,1.131,22.79,2.81,3.471,28.77,5887.3,4.09,0.051,14.72,181.2,12.68,15.168,121.3,0
77.45,1.497,21.57,1.93,3.475,30.41,6372.9,2.52,0.0095,15.44,185.8,11.5,14.625,117.0,0
79.35,0.725,22.31,5.82,3.494,36.04,6295.0,0.63,0.0923,15.77,158.7,12.54,15.077,117.5,0
77.69,0.601,23.03,0.06,3.505,28.24,5904.1,2.1,0.054,14.53,181.5,11.41,15.021,116.1,0
76.1,0.358,22.68,2.69,3.414,29.69,6044.1,2.09,0.0435,15.02,183.1,10.89,15.005,114.6,0
79.85,1.334,22.72,0.07,3.506,32.17,6273.4,1.68,0.0861,15.42,178.6,11.83,14.854,123.2,0
77.65,1.239,23.03,0.03,3.582,30.81,6004.4,4.24,0.0671,15.06,183.2,11.55,14.974,115.5,0
75.79,1.067,23.25,0.46,3.521,30.08,6011.5,2.16,0.0397,15.3,186.1,10.64,15.124,113.6,0
73.81,2.466,21.51,0.06,3.489,28.7,6089.5,1.78,0.151,15.81,202.8,11.1,15.082,115.7,0
77.79,0.488,23.21,0.26,3.46,31.71,6049.1,1.59,0.0804,14.86,161.2,12.56,15.17,120.0,0
80.85,1.089,22.37,0.15,3.516,26.33,6306.3,2.31,0.0209,15.03,171.2,11.49,15.065,124.4,0
76.18,1.017,21.11,1.79,3.544,32.92,6209.4,3.62,0.0016,14.64,182.0,13.03,14.879,122.4,1
76.18,0.952,23.3,2.52,3.565,29.44,5957.3,2.83,0.0259,14.88,176.2,11.34,15.001,114.7,0
80.16,0.881,21.88,0.25,3.503,31.87,6042.0,1.78,0.0487,15.53,189.1,11.33,15.067,116.5,0
78.18,0.439,22.61,0.51,3.453,30.23,6029.5,2.24,0.0443,14.46,187.9,11.22,14.916,111.3,0
77.93,1.277,22.2,0.29,3.494,29.41,6341.8,3.94,0.0444,15.53,186.7,12.79,14.859,113.7,0
76.05,1.393,21.77,0.3,3.544,29.46,6030.3,1.84,0.0384,15.12,176.4,10.93,15.067,120.2,0
77.34,1.562,21.6,0.36,3.505,29.66,6138.5,3.63,0.0429,14.73,189.9,12.01,15.261,120.4,0
81.92,0.856,22.87,1.55,3.718,24.54,5851.1,4.72,0.0299,15.68,184.8,13.01,15.042,131.0,0
77.63,0.104,21.01,0.2,3.536,32.14,6020.0,2.15,0.0036,14.78,188.9,11.28,14.96,122.2,0
76.78,1.405,23.54,0.92,3.522,28.85,5877.3,2.19,0.0107,15.84,171.0,12.68,14.815,122.5,0
79.65,0.391,23.39,1.46,3.484,30.78,6282.0,2.0,0.0142,13.23,167.2,12.29,15.696,135.1,1
79.1,1.599,22.54,0.13,3.515,29.58,6041.0,2.78,0.0337,14.72,183.9,12.09,14.817,116.1,0
75.76,0.255,23.13,0.04,3.402,30.4,6099.0,2.43,0.0127,15.83,182.3,11.14,15.147,112.8,0
73.81,1.544,22.25,0.2,3.569,30.12,6325.8,2.49,0.0497,14.66,185.8,11.87,14.913,125.2,0
76.63,0.743,21.96,0.81,3.521,30.87,6070.5,2.48,0.003,15.22,183.7,11.38,15.281,127.0,0
75.6,0.652,21.84,2.41,3.524,31.94,6218.1,2.61,0.0273,15.21,184.9,10.41,14.972,123.4,0
76.18,0.553,23.77,1.3,3.395,36.71,5847.1,0.51,0.0059,14.44,201.1,12.9,14.186,106.1,1
76.87,0.466,21.75,0.33,3.524,29.05,6071.7,3.15,0.0446,15.5,165.8,12.19,15.091,121.5,0
77.34,1.206,20.93,0.05,3.58,31.47,6129.8,1.41,0.0386,14.73,191.2,13.06,15.125,126.6,0
78.13,0.881,22.04,0.07,3.56,28.44,5999.6,1.63,0.0044,14.84,192.4,12.0,15.333,124.0,0
77.35,1.117,21.88,1.56,3.499,28.39,5712.7,3.91,0.0374,15.35,179.0,11.59,15.253,119.7,1
75.57,0.046,21.71,0.27,3.534,30.54,5747.8,2.83,0.079,15.39,189.0,12.33,14.824,120.7,1
79.03,1.418,21.51,0.72,3.433,31.57,6124.5,2.28,0.0321,15.89,176.5,12.52,14.61,121.7,0
77.12,0.94,21.65,1.86,3.479,28.48,5998.3,1.0,0.0083,14.49,193.3,12.98,14.708,126.0,0
77.9,0.968,21.62,0.92,3.458,30.33,5797.0,1.78,0.0403,14.6,175.2,12.27,15.082,116.0,0
80.06,1.117,20.94,0.12,3.495,31.51,6460.4,0.48,0.0551,15.14,189.6,10.99,14.991,119.5,0
79.13,1.195,23.07,0.71,3.527,31.02,5974.5,2.85,0.0444,15.4,176.0,12.69,15.235,122.8,0
77.59,2.197,21.46,0.39,3.472,28.45,6054.3,1.53,0.0041,14.99,187.9,11.96,15.296,117.6,0
78.33,1.03,22.57,0.89,3.498,30.92,5851.5,3.01,0.0587,14.77,177.1,11.82,15.139,118.9,0
78.08,1.401,22.74,0.11,3.484,30.56,6155.9,3.28,0.0097,15.61,184.7,12.97,14.748,117.4,0
78.5,1.05,22.33,0.3,3.569,30.17,6046.5,1.94,0.1076,16.27,170.2,10.98,15.278,121.2,0
77.64,1.391,21.87,0.13,3.507,27.44,6120.5,0.94,0.0231,14.65,175.3,12.33,15.172,115.5,0
76.9,1.823,21.96,0.12,3.51,30.66,6089.2,5.16,0.0385,15.37,186.1,13.41,14.976,120.7,1
77.55,1.334,22.92,0.07,3.457,29.81,6007.0,2.6,0.0445,15.29,169.1,11.29,15.096,126.0,0
79.15,1.494,23.59,0.91,3.431,27.23,5990.4,1.59,0.0507,15.31,178.4,12.32,15.21,115.9,0
78.75,1.162,20.87,0.21,3.508,29.89,5914.8,2.49,0.0118,15.69,172.4,11.26,15.065,120.9,0
79.42,1.277,22.58,0.24,3.458,27.57,6315.8,2.38,0.0183,15.21,169.7,13.38,14.77,114.6,0
79.02,1.335,21.96,0.2,3.391,28.51,6104.8,4.42,0.0734,16.29,172.6,11.83,15.071,120.2,0
75.81,0.689,22.44,0.36,3.505,28.72,6111.6,1.2,0.0395,16.05,177.8,11.83,14.741,119.9,1
79.1,0.814,21.04,0.79,3.493,29.59,6142.0,1.58,0.0338,15.58,178.2,11.62,15.041,121.4,0
80.21,1.4,22.22,0.49,3.513,29.54,5858.2,2.78,0.0033,15.32,188.1,12.64,15.435,118.4,1
77.15,0.892,21.29,0.13,3.476,29.08,5774.2,0.66,0.0697,15.88,180.5,12.28,14.874,122.1,0
75.61,1.107,22.44,0.11,3.366,27.77,6080.6,3.19,0.0043,14.45,174.1,10.82,15.083,121.3,0
75.73,1.165,21.45,0.1,3.51,30.0,6262.7,1.36,0.0239,15.47,178.2,11.55,14.68,114.3,0
79.03,0.716,21.19,0.01,3.457,30.5,6049.9,1.68,0.0088,15.1,170.2,10.95,14.967,122.0,0
78.27,0.299,21.54,0.97,3.526,30.16,5964.4,3.24,0.0568,15.36,177.0,12.84,14.731,113.8,0
78.98,1.292,23.01,0.31,3.449,32.53,5776.7,5.33,0.1695,15.03,176.3,12.96,15.088,122.3,0
77.53,0.735,21.69,0.15,3.506,28.96,5983.9,3.09,0.0354,14.85,162.2,12.88,16.022,123.2,0
74.57,0.485,23.24,0.0,3.375,29.35,6211.6,1.79,0.0645,15.4,189.7,12.98,15.122,129.1,1
80.68,1.059,21.69,0.04,3.505,31.04,6034.2,3.44,0.0538,15.35,176.8,11.46,14.892,115.9,0
78.75,1.661,22.05,0.18,3.476,31.68,6002.5,2.4,0.0803,15.52,171.2,11.29,15.02,121.4,0
79.32,0.699,21.4,0.55,3.474,28.57,6230.0,2.16,0.0145,15.36,175.3,12.79,14.783,116.3,0
79.35,0.925,22.24,0.92,3.527,29.19,5774.4,1.88,0.0058,13.96,183.8,12.51,15.057,124.3,0
80.17,0.808,22.69,0.92,3.398,34.14,6287.0,3.89,0.0259,14.58,179.1,12.35,14.811,117.1,0
76.32,1.12,24.7,0.4,3.551,32.83,6117.4,2.68,0.0426,14.72,174.0,12.31,15.497,123.8,1
77.78,1.375,23.11,1.02,3.578,31.22,5788.4,2.64,0.0052,14.95,175.6,10.9,15.231,122.3,0
77.57,0.135,22.6,0.63,3.504,30.27,6093.6,2.55,0.0096,15.49,182.7,10.92,15.14,118.5,0
77.99,0.312,22.44,0.0,3.448,28.94,5753.9,2.53,0.01,14.83,181.2,12.55,14.956,114.0,0
78.29,0.712,22.26,2.23,3.538,30.76,5977.7,2.49,0.0052,14.59,198.4,11.84,15.067,117.2,0
78.01,0.831,21.72,0.96,3.672,30.9,5974.9,2.71,0.048,14.62,179.2,11.55,14.897,121.7,0
77.69,0.943,22.39,0.23,3.518,31.68,5789.0,3.72,0.0916,15.4,188.3,11.69,14.835,127.0,0
79.78,1.017,21.32,0.04,3.577,29.79,6103.2,0.55,0.0214,14.44,173.2,11.95,15.17,119.0,0
78.97,1.154,22.41,0.01,3.495,30.38,5853.3,1.91,0.0269,14.7,191.1,12.24,15.119,121.4,0
80.51,1.696,22.0,2.08,3.542,29.13,5790.6,2.18,0.0157,15.58,160.6,12.71,14.912,122.1,0
79.74,1.028,21.08,0.98,3.425,29.79,5975.9,3.82,0.0201,14.91,183.4,12.22,15.343,121.8,0
77.4,0.64,20.92,1.09,3.576,28.64,5919.6,1.14,0.067,15.45,188.1,11.08,14.948,134.5,0
78.39,1.257,22.97,0.65,3.494,29.27,5912.8,2.8,0.1043,14.73,179.5,13.49,14.986,116.7,0
78.93,0.693,21.29,2.8,3.587,30.63,6287.1,2.2,0.0991,14.48,186.6,11.88,15.322,123.0,0
76.0,1.001,20.67,1.6,3.56,28.34,6292.2,2.36,0.0052,14.81,163.4,12.04,14.949,118.3,0
79.21,0.29,21.32,0.55,3.455,30.93,5970.3,3.37,0.0332,15.53,185.9,12.14,15.192,119.9,1
76.58,1.092,21.7,0.4,3.467,30.37,6202.6,1.68,0.0128,15.81,187.6,11.14,15.144,109.9,1
77.72,0.868,22.05,0.28,3.537,31.25,6030.5,1.97,0.053,14.94,190.1,11.68,14.721,117.6,0
77.56,0.617,22.03,1.13,3.561,28.76,6143.2,1.53,0.0046,14.0,177.6,10.21,15.294,121.7,1
76.36,1.303,21.85,0.08,3.479,30.07,6244.5,3.23,0.0069,15.29,173.9,12.39,14.864,120.4,0
76.81,0.677,20.94,0.11,3.52,30.2,5813.7,1.05,0.0468,15.53,167.3,12.49,15.032,116.6,0
76.52,0.826,22.33,2.16,3.558,29.8,5696.7,3.46,0.0779,14.02,182.2,13.43,15.016,120.6,1
78.2,0.199,21.19,0.61,3.416,28.42,6205.7,1.84,0.0224,15.89,188.3,12.73,15.297,116.1,0
76.44,0.909,21.65,0.28,3.497,29.26,6234.5,3.55,0.0413,15.42,168.6,12.22,15.163,121.7,0
76.22,0.297,21.16,0.13,3.419,30.2,6133.5,4.06,0.0862,16.07,182.4,13.69,14.695,123.5,0
74.85,0.142,22.8,0.68,3.501,29.54,5966.7,3.57,0.0152,14.84,194.7,12.65,15.298,119.0,1
76.19,1.398,21.67,0.11,3.422,28.86,6317.7,2.21,0.1122,15.08,197.1,12.54,15.158,115.5,0
80.65,1.71,22.15,0.47,3.477,29.31,5813.6,1.83,0.0075,13.91,180.7,12.55,15.006,122.1,0
76.72,0.709,22.58,0.18,3.458,30.52,5812.4,3.77,0.0184,13.92,182.9,10.47,14.901,117.7,1
75.47,0.393,21.1,0.17,3.473,32.08,5850.6,1.51,0.1186,15.4,194.0,10.47,15.146,114.5,0
79.98,0.376,21.8,0.12,3.497,29.47,6226.0,2.51,0.0344,14.47,183.0,11.17,14.559,114.8,1
76.07,0.39,21.4,0.66,3.43,29.7,6008.4,2.2,0.0342,14.41,180.2,12.41,15.089,119.7,1
74.39,0.186,22.42,2.2,3.487,30.08,6031.7,4.82,0.1236,14.34,174.6,11.98,15.218,114.9,0
78.36,0.979,22.65,0.2,3.493,30.24,6175.6,0.98,0.0054,15.51,178.6,12.31,15.228,120.9,0
79.34,1.362,20.35,0.24,3.517,29.26,6446.5,1.63,0.069,15.37,167.1,12.14,14.923,130.6,0
78.5,0.75,21.79,0.84,3.491,31.44,5799.9,2.28,0.0614,14.63,188.3,12.58,15.321,123.1,0
77.78,0.394,22.08,0.46,3.512,30.43,5880.9,2.83,0.0139,14.57,176.9,12.01,15.273,121.4,0
81.31,0.523,21.11,0.23,3.508,33.23,5876.5,2.78,0.0308,15.02,173.5,12.24,15.117,130.9,0
78.39,0.841,22.25,0.22,3.587,30.13,5976.4,3.34,0.065,15.6,171.9,10.9,15.052,122.8,0
81.02,0.919,21.77,0.31,3.507,29.01,6027.4,1.42,0.0136,15.25,188.2,12.82,15.149,119.8,0
77.28,1.117,21.28,0.02,3.507,31.62,6153.2,1.82,0.089,15.56,196.8,13.43,15.142,130.0,0
77.83,0.747,21.24,0.6,3.583,30.7,5777.5,2.03,0.0286,14.78,182.7,10.9,14.93,119.2,0
75.32,1.276,21.24,0.14,3.557,28.0,6073.3,4.79,0.0707,14.93,183.9,12.3,15.061,113.6,1
78.92,1.032,22.36,0.05,3.548,28.29,6052.0,2.16,0.0486,15.14,179.4,11.03,15.122,116.1,0
76.46,1.133,21.79,0.28,3.498,29.14,6023.2,3.34,0.0178,15.27,185.0,12.38,15.332,126.6,1
77.09,0.535,21.56,0.42,3.427,29.8,6050.7,2.34,0.0565,15.29,198.6,12.16,15.066,124.4,0
80.62,0.226,21.69,1.68,3.503,27.55,5566.5,1.87,0.1119,15.37,181.1,11.12,14.713,119.9,0
76.81,0.881,22.23,0.25,3.516,30.74,5862.4,2.78,0.0105,15.52,180.7,11.71,15.265,116.6,1
77.24,0.412,22.04,0.23,3.484,27.84,6291.1,3.62,0.0144,14.76,183.1,13.3,15.183,119.6,0
77.2,1.46,21.42,0.69,3.495,26.9,6127.4,2.75,0.0918,14.76,190.8,11.59,14.929,118.9,0
78.05,0.982,21.67,1.62,3.518,29.12,5928.8,2.3,0.0749,15.48,179.4,11.04,14.752,124.4,0
70.9,2.055,21.85,2.1,3.587,26.48,5905.7,0.83,0.0169,13.5,176.0,13.08,15.501,118.2,0
77.69,0.453,22.66,1.51,3.51,28.18,5626.6,0.12,0.0526,15.03,199.5,12.49,14.946,115.4,0
76.85,1.334,21.84,0.95,3.42,29.23,6075.9,3.45,0.0054,14.13,173.5,11.82,14.99,119.4,0
77.73,1.324,22.49,1.49,3.491,28.29,6219.7,3.34,0.0373,15.07,172.9,11.85,15.281,115.8,0
75.4,1.085,21.76,0.36,3.465,29.58,6180.4,2.35,0.0025,15.28,164.8,11.72,15.107,115.8,1
78.39,0.093,22.09,1.05,3.451,31.75,5689.1,3.31,0.074,15.35,186.4,12.16,14.92,122.9,1
77.39,0.072,23.27,0.56,3.439,28.78,6145.3,1.84,0.0067,16.95,163.9,12.54,15.069,123.6,1
78.32,0.941,21.62,1.22,3.53,29.63,6049.4,3.56,0.1294,15.52,179.8,11.27,15.107,114.9,0
77.95,1.341,22.0,0.2,3.498,29.2,5960.5,3.29,0.0002,15.43,204.2,11.76,14.747,123.4,0
79.51,1.895,22.17,0.0,3.532,29.12,6068.1,1.41,0.013,14.87,184.6,11.87,15.213,126.5,0
78.55,0.793,22.86,2.0,3.502,27.5,5715.8,2.17,0.0113,14.47,192.2,12.23,14.979,123.3,0
76.62,0.991,22.11,0.54,3.525,29.58,6020.0,3.2,0.0075,14.87,180.3,11.01,15.118,118.9,0
77.02,0.833,21.76,0.31,3.514,29.49,6143.6,2.69,0.0387,15.06,177.5,12.17,14.728,122.2,0
76.91,0.732,22.23,0.08,3.45,30.65,5587.0,2.06,0.0403,14.83,184.8,12.28,15.118,120.2,1
77.47,0.4,22.37,0.11,3.495,30.84,5733.7,3.15,0.0003,14.69,184.4,12.01,15.025,119.5,0
77.83,0.585,22.57,0.02,3.533,29.05,5978.2,1.96,0.0268,14.54,174.3,12.5,14.934,115.6,0
77.55,1.323,22.95,0.07,3.595,27.09,6170.3,3.26,0.0203,13.85,177.9,11.38,15.071,121.9,0
79.39,1.815,21.58,0.36,3.489,28.61,5964.8,2.85,0.058,14.03,180.6,12.05,14.975,116.6,0
77.38,1.042,22.14,1.19,3.49,28.98,5868.3,3.39,0.0654,16.45,168.2,12.32,14.784,117.9,0
76.35,1.02,21.18,1.55,3.528,30.46,5915.9,3.42,0.0095,14.01,170.3,11.95,14.509,118.8,0
80.31,1.413,23.04,1.21,3.488,30.02,5716.1,2.43,0.0491,14.71,186.9,9.93,14.094,108.5,0
76.65,1.165,20.68,0.66,3.511,28.24,5863.6,2.76,0.1203,16.06,177.3,13.07,15.289,114.6,0
76.53,0.582,22.21,0.13,3.474,31.12,6017.5,1.85,0.0067,15.07,160.0,12.55,15.076,123.8,0
76.76,0.569,21.55,0.97,3.532,29.38,6180.0,1.88,0.0366,15.09,170.9,11.54,15.277,121.4,1
80.69,0.058,22.45,0.02,3.569,32.36,6369.5,1.62,0.056,14.49,186.7,13.8,15.106,112.1,0
78.31,0.316,21.77,1.18,3.533,29.09,5831.5,1.69,0.0699,15.43,185.4,12.86,15.042,127.4,0
78.71,0.648,22.39,0.28,3.46,29.18,6088.9,1.24,0.0152,14.15,187.9,11.64,15.09,114.7,0
80.51,1.57,22.73,0.18,3.464,31.32,5783.4,0.93,0.0007,15.21,181.5,12.67,15.34,121.7,0
75.66,0.66,23.19,0.22,3.47,30.98,6103.7,1.86,0.0319,14.28,175.6,12.49,14.864,122.0,0
75.25,0.529,23.29,0.58,3.559,30.05,6131.2,0.95,0.0092,15.0,170.7,13.07,14.971,112.3,0
78.33,0.798,21.46,0.17,3.504,30.12,5800.0,3.2,0.0,15.79,178.9,11.0,14.518,119.4,0
76.78,0.982,22.74,0.02,3.558,29.63,6031.9,1.91,0.0742,14.83,178.9,12.9,15.137,118.8,0
79.33,0.594,22.89,0.56,3.47,28.31,6137.5,1.94,0.0617,14.84,181.9,11.57,15.185,119.0,0
77.12,1.079,21.67,1.88,3.475,28.29,5961.7,2.4,0.0194,14.32,179.3,14.41,15.158,117.0,0
76.66,1.564,20.46,0.24,3.445,31.25,6133.1,3.84,0.0022,14.23,195.8,11.07,14.678,129.2,1
77.98,0.589,23.22,1.97,3.471,30.65,6261.7,2.86,0.0298,13.62,155.9,11.77,14.781,118.0,0
80.13,0.637,22.86,0.18,3.559,28.11,5881.2,3.25,0.044,15.39,189.3,12.44,14.997,115.6,0
78.26,0.612,21.47,1.88,3.545,30.03,6083.2,2.59,0.0124,15.05,173.5,13.21,15.146,123.5,1
79.38,1.018,22.09,0.23,3.473,32.55,6019.8,1.51,0.0145,14.97,182.1,12.11,14.952,121.7,0
76.45,1.462,22.55,0.81,3.584,33.19,5823.8,1.41,0.0968,14.84,174.5,11.01,14.778,118.5,0
77.27,0.416,21.96,0.57,3.497,29.64,5938.5,3.13,0.0454,14.42,184.9,11.0,14.786,121.6,0
78.25,1.105,22.49,0.36,3.508,28.85,5985.7,2.81,0.0386,15.26,190.2,11.23,14.795,118.2,0
74.66,0.84,22.28,0.79,3.444,29.1,6131.2,3.37,0.0287,15.48,176.4,12.15,14.558,118.3,1
76.97,0.595,21.69,0.32,3.506,30.0,5694.8,2.72,0.0737,15.6,185.9,11.44,14.719,121.6,1
78.15,1.571,22.04,0.06,3.477,30.53,5960.4,1.28,0.0528,15.27,175.7,12.04,15.04,123.0,0
78.37,0.116,21.5,0.86,3.421,22.45,6166.5,3.42,0.0237,14.8,194.4,12.39,15.275,128.1,1
76.84,0.532,21.17,0.22,3.456,30.34,5931.4,2.75,0.0416,15.23,178.0,11.02,14.721,120.0,0
78.22,0.717,22.11,0.06,3.498,31.45,5949.5,1.8,0.0123,15.0,161.2,11.72,14.425,119.4,0
75.52,0.005,21.16,0.07,3.515,31.07,6529.6,1.64,0.0342,15.55,200.1,12.06,15.245,115.9,0
78.03,1.692,22.1,0.04,3.506,29.68,6119.7,2.24,0.1044,14.91,177.8,11.87,15.317,117.6,0
76.4,0.517,20.52,0.33,3.517,30.4,5906.6,1.94,0.0881,14.9,193.3,12.34,14.942,113.3,0
77.35,0.489,21.15,0.29,3.683,32.71,5784.5,2.17,0.0366,15.62,181.3,12.28,14.967,118.2,0
77.59,1.805,20.53,0.21,3.476,30.08,6037.1,3.37,0.0629,14.63,170.5,12.28,15.002,120.3,0
80.44,0.842,21.74,0.03,3.568,29.69,6013.3,2.87,0.0032,15.09,175.1,11.69,15.189,121.3,1
74.75,0.441,22.6,0.41,3.536,26.98,5813.4,2.98,0.0016,15.23,166.9,11.97,14.842,121.7,0
74.93,1.163,22.36,0.4,3.492,29.34,5972.4,2.29,0.0576,15.92,189.2,11.4,15.276,117.7,1
76.72,1.097,22.5,0.41,3.43,25.9,6264.6,2.63,0.0214,15.52,167.7,12.68,15.096,116.3,0
77.34,0.873,22.65,0.36,3.456,32.1,6091.5,2.52,0.0331,14.31,175.7,11.54,15.157,115.2,0
75.88,0.538,22.23,0.03,3.507,30.59,5795.5,2.94,0.0528,15.13,176.7,10.89,15.115,118.1,0
75.89,1.566,21.72,2.01,3.428,30.59,5700.5,0.53,0.0273,14.59,182.9,12.06,14.827,126.9,0
78.37,1.34,22.39,0.27,3.539,27.36,6164.6,3.41,0.0569,14.74,186.9,12.02,14.757,117.5,0
78.6,0.745,22.21,0.97,3.548,30.46,6037.6,3.27,0.0317,14.76,191.2,11.81,14.834,132.7,0
78.07,0.038,21.17,0.81,3.459,29.62,6089.6,2.36,0.0302,14.78,166.2,11.4,15.181,124.8,0
75.1,0.891,20.84,0.11,3.495,30.78,5783.1,1.01,0.004,14.27,176.3,12.34,14.895,122.6,0
76.83,1.023,22.78,0.73,3.428,29.0,5867.1,2.57,0.0557,14.43,178.4,13.37,15.031,126.5,0
77.48,0.947,22.33,0.37,3.421,30.88,5807.6,1.25,0.0288,15.22,151.6,10.19,15.193,125.8,0
77.03,1.32,22.09,0.04,3.52,29.61,6005.6,3.56,0.0059,14.65,171.5,12.64,15.123,112.2,0
76.55,1.339,22.46,0.1,3.458,29.24,6010.2,3.23,0.015,15.05,182.6,10.88,15.112,123.2,0
78.77,1.404,23.93,0.02,3.511,27.86,5999.5,2.46,0.0137,15.99,178.9,11.44,15.472,127.2,0
78.16,1.551,22.23,1.11,3.474,29.24,6188.1,1.83,0.1395,15.18,195.5,11.58,15.554,128.7,1
77.03,0.959,21.56,0.44,3.545,30.56,6222.6,4.03,0.0396,15.53,175.9,12.88,15.178,114.8,0
72.52,1.045,22.91,1.2,3.354,25.94,6056.0,3.29,0.0791,14.72,185.5,13.57,15.712,132.2,0
76.83,1.082,21.6,0.08,3.515,28.56,5981.8,2.38,0.0105,14.96,183.0,13.02,15.178,120.2,0
75.45,0.666,21.73,0.72,3.492,32.68,5850.2,0.75,0.0696,14.77,181.4,11.08,15.637,124.3,1
77.27,1.191,22.6,0.07,3.494,28.7,6054.1,2.8,0.0126,15.41,171.5,12.7,15.249,123.8,0
78.87,0.96,21.73,0.19,3.506,30.24,5808.7,2.92,0.0609,14.76,192.3,12.71,15.17,120.5,0
77.71,1.321,23.24,0.94,3.54,26.25,6143.8,2.01,0.0224,14.61,196.1,10.28,15.07,126.9,0
77.74,1.376,21.15,0.12,3.497,29.78,6243.7,2.05,0.0442,15.26,182.0,12.59,14.537,121.7,0
80.02,1.038,21.84,0.89,3.438,33.6,5921.1,3.63,0.0182,15.01,189.5,12.51,15.342,117.6,1
76.02,0.101,21.28,0.66,3.566,29.51,6148.4,3.67,0.0103,14.97,172.0,11.46,14.34,119.4,0
79.83,1.026,22.37,0.12,3.487,30.03,6070.5,3.9,0.0145,15.25,177.6,11.55,15.017,118.8,0
78.45,0.78,21.75,0.71,3.509,28.02,5808.2,0.0,0.0834,15.0,162.3,11.52,15.005,110.9,0
77.43,0.355,22.13,0.27,3.523,31.52,6338.4,3.84,0.0403,15.06,183.3,11.52,14.809,112.1,0
76.97,0.304,21.7,0.98,3.542,32.32,6031.0,0.39,0.022,14.67,194.0,10.74,14.731,123.4,1
76.02,0.799,21.96,1.11,3.531,29.15,5967.4,4.14,0.0287,15.41,185.5,11.8,15.019,121.3,0
78.5,0.933,21.03,0.49,3.546,30.65,6141.6,2.78,0.0244,15.38,193.3,10.87,15.406,117.4,0
78.06,0.713,22.22,0.76,3.429,28.26,6096.8,3.12,0.0658,14.97,175.2,11.94,14.632,122.8,1
78.92,1.124,21.6,0.58,3.547,28.09,6032.0,2.68,0.0001,15.15,166.8,11.78,14.602,127.2,1
77.72,0.358,21.43,0.69,3.525,31.28,6058.8,3.79,0.0374,14.97,176.6,11.9,14.846,120.8,0
76.03,0.638,22.31,0.54,3.474,29.04,5688.2,3.34,0.0096,15.54,192.1,12.2,14.982,120.4,0
76.47,0.407,23.1,0.86,3.424,31.74,5833.2,0.95,0.0271,15.31,171.3,11.68,15.011,123.3,0
77.66,1.269,20.61,0.17,3.598,28.61,5827.1,3.12,0.03,14.89,188.3,11.07,15.094,113.5,0
79.33,1.427,22.55,0.02,3.494,26.91,5905.0,1.84,0.0732,15.39,174.3,10.5,14.756,120.3,0
77.46,1.074,22.59,0.28,3.51,30.68,6045.6,0.34,0.0186,15.03,181.7,12.41,14.601,118.3,0
78.96,1.399,22.67,0.58,3.585,27.56,5931.1,2.47,0.0593,15.11,167.1,12.03,14.896,119.3,0
75.97,1.792,23.29,0.1,3.497,30.12,5574.4,2.09,0.0474,14.68,193.9,12.92,15.25,106.7,1
75.5,0.737,21.36,0.18,3.404,28.36,6298.8,3.27,0.088,14.19,184.8,12.88,15.012,120.8,0
78.6,1.451,22.85,0.99,3.485,29.26,5878.0,2.1,0.0217,14.29,182.9,13.18,15.333,121.0,0
77.87,1.198,22.4,0.72,3.54,29.54,5962.7,2.04,0.088,15.49,195.6,14.03,15.163,117.5,1
75.31,0.646,22.26,0.43,3.429,30.27,5939.6,3.01,0.005,15.57,184.0,11.86,15.337,115.1,1
75.92,0.613,21.52,0.1,3.544,30.03,6068.5,1.68,0.0067,13.99,183.1,12.81,15.422,120.6,0
78.57,0.626,20.39,0.03,3.419,28.91,5739.7,0.86,0.0218,15.18,172.9,11.6,14.827,113.9,0
76.93,1.045,22.67,0.36,3.538,28.81,5901.3,2.82,0.077,15.33,191.0,11.97,14.95,118.8,0
76.2,1.394,21.91,0.57,3.567,29.17,5939.6,3.01,0.0162,15.15,169.1,12.95,15.358,120.1,0
78.92,1.059,22.32,0.48,3.485,28.92,5824.4,2.27,0.0057,14.77,172.1,11.17,14.938,120.7,1
76.72,1.349,22.89,0.36,3.493,29.47,5591.6,5.76,0.0331,15.62,166.2,11.88,14.973,111.9,0
77.97,0.666,22.06,1.36,3.535,30.32,6177.3,2.26,0.0167,14.79,174.1,12.31,15.325,117.1,0
77.45,1.231,23.04,2.63,3.484,32.43,5993.6,2.49,0.025,15.09,182.3,11.18,14.986,114.1,0
73.64,1.123,20.83,0.14,3.505,28.78,6190.9,4.88,0.07,15.28,181.6,10.68,15.063,121.3,0
77.83,0.346,20.89,0.18,3.52,28.89,5931.8,0.97,0.0109,14.13,194.0,13.47,14.808,114.8,0
75.91,0.447,22.97,0.42,3.459,28.88,6154.8,3.6,0.0643,14.87,193.5,13.11,14.84,125.0,0
77.45,1.658,22.65,0.56,3.437,31.02,5913.2,2.47,0.0482,14.49,189.5,13.51,15.123,113.2,1
78.13,1.242,21.54,0.3,3.466,29.21,5891.2,0.35,0.0142,14.43,191.1,13.56,14.732,120.1,0
77.83,0.358,22.18,0.71,3.545,30.78,5943.8,2.01,0.068,15.36,171.8,12.0,14.886,122.2,1
78.41,0.869,22.46,0.43,3.518,30.46,6056.3,1.93,0.0307,14.93,183.8,12.13,15.457,125.5,0
77.9,1.691,22.14,0.02,3.568,28.34,6147.6,2.79,0.0308,14.57,188.1,12.29,14.642,117.8,0
78.1,0.409,21.08,0.86,3.459,29.73,5911.5,1.32,0.019,16.4,197.6,12.36,15.221,124.9,0
77.86,1.085,20.95,0.19,3.511,31.1,6045.1,3.2,0.0439,14.3,166.9,11.69,14.717,117.1,0
80.38,0.851,21.85,0.47,3.499,29.03,5941.9,3.41,0.003,14.94,176.5,11.37,15.185,118.9,0
78.39,0.28,22.06,0.04,3.565,31.17,5875.6,2.1,0.0209,14.65,182.3,11.45,14.967,124.0,1
79.53,0.776,21.98,1.1,3.466,28.38,6323.1,2.08,0.0245,14.42,173.4,11.67,14.832,117.6,0
80.34,1.086,20.91,0.62,3.412,30.67,5767.5,2.11,0.0183,14.7,177.4,12.62,14.667,118.3,1
76.54,0.827,20.7,0.22,3.53,27.12,5855.6,3.24,0.0351,15.06,186.3,12.11,15.256,117.9,0
76.9,0.99,23.56,1.0,3.555,30.68,5871.3,3.28,0.0593,15.28,189.2,10.62,15.446,125.8,1
79.82,1.696,22.26,0.09,3.572,28.36,5681.0,2.64,0.0261,14.38,185.0,12.13,14.662,111.7,0
81.18,0.127,22.16,0.14,3.491,32.32,5956.4,0.95,0.0216,15.2,160.9,11.33,15.051,114.2,0
78.24,0.028,21.61,0.46,3.462,29.59,6014.6,3.35,0.0233,15.56,168.0,11.0,14.967,124.9,0
78.85,0.914,21.98,0.71,3.429,30.36,6137.1,1.47,0.0412,15.52,184.6,12.22,15.213,124.1,0
77.58,1.557,24.08,0.32,3.505,28.64,6281.7,1.61,0.0087,14.78,174.0,12.32,14.849,121.4,0
76.46,0.61,22.14,1.2,3.461,31.73,5843.9,1.76,0.0114,14.69,181.2,11.32,14.51,115.8,0
78.96,1.044,21.41,0.02,3.515,30.17,6025.3,4.23,0.0147,14.76,165.4,11.75,14.703,124.1,0
75.49,0.579,21.41,0.37,3.488,30.95,5915.5,3.38,0.05,14.76,172.8,11.01,14.673,115.7,1
80.15,0.033,22.18,1.76,3.579,29.91,6569.1,3.72,0.1247,14.13,181.2,12.41,14.588,111.6,1
77.04,1.357,22.43,0.18,3.497,30.27,5865.5,1.77,0.0334,14.96,178.0,13.1,15.006,117.3,0
77.28,0.792,21.52,0.15,3.493,30.76,5992.8,1.51,0.0233,14.42,186.9,12.37,14.947,124.8,0
77.3,1.48,21.89,0.32,3.57,31.47,6147.7,1.95,0.016,15.56,168.0,11.98,14.863,121.2,0
80.28,1.235,21.84,0.51,3.512,29.35,5954.5,2.83,0.0551,14.67,178.8,12.42,14.622,121.2,0
75.62,0.947,22.03,0.02,3.442,28.52,5942.4,4.61,0.0129,15.45,183.8,11.97,14.655,116.7,0
78.28,1.899,22.57,0.76,3.621,28.88,5979.3,4.46,0.0418,14.73,185.9,12.7,15.092,115.9,0
76.43,1.147,21.58,0.23,3.5,26.7,6219.2,0.46,0.0071,14.71,179.8,12.35,15.353,118.1,0
78.95,1.278,22.51,0.23,3.52,30.98,5819.9,2.32,0.0243,14.55,173.6,11.57,14.713,116.1,0
78.64,0.396,21.31,0.69,3.452,29.43,6062.9,1.08,0.0171,14.78,194.3,13.08,14.857,119.5,0
79.37,1.872,21.2,0.02,3.581,32.01,6001.7,5.42,0.0185,15.71,176.1,12.26,15.222,121.3,0
79.99,1.129,21.31,1.12,3.499,27.4,5987.1,2.0,0.0563,14.36,168.1,12.01,14.989,119.6,0
77.4,0.918,23.24,0.55,3.478,30.22,6159.8,1.67,0.002,15.02,174.9,11.39,15.167,120.9,0
79.13,0.193,22.85,0.58,3.505,30.28,6038.2,3.33,0.0176,15.1,192.7,12.07,14.803,115.7,0
76.55,1.385,21.73,0.9,3.571,28.2,6034.2,1.93,0.0651,15.51,183.1,12.5,14.703,116.7,1
80.22,0.727,21.53,0.09,3.509,30.18,6172.0,1.54,0.0027,14.32,189.0,13.18,15.114,112.1,0
77.28,1.567,24.05,1.05,3.521,27.75,6046.3,3.0,0.0544,15.32,173.5,11.23,14.869,120.0,0
76.21,0.459,21.93,0.23,3.657,29.78,6210.0,1.43,0.0347,14.82,183.2,11.08,14.731,119.2,1
77.64,0.274,22.04,0.32,3.54,27.71,5731.3,2.63,0.0184,15.07,178.4,11.75,15.407,123.3,1
79.76,0.157,21.8,0.2,3.588,30.07,5741.5,1.82,0.0126,15.83,197.2,12.74,15.014,121.7,1
78.22,1.588,22.47,3.11,3.51,28.2,6050.3,0.94,0.0711,15.75,179.9,10.48,15.614,121.3,0
77.85,2.388,22.78,0.89,3.466,26.81,5980.3,1.41,0.0502,16.79,200.9,11.31,14.852,105.4,0
77.31,1.354,21.56,0.28,3.495,31.85,5697.0,3.48,0.0083,14.71,184.3,11.43,15.008,114.6,0
79.66,1.467,22.35,0.02,3.486,29.37,5996.5,3.41,0.0448,15.0,191.3,12.7,15.134,111.5,0
80.55,0.712,22.58,0.29,3.441,30.88,6341.6,5.19,0.0066,14.98,181.9,12.84,15.066,123.1,0
77.11,0.793,22.28,0.07,3.414,29.27,6360.8,2.51,0.0283,14.06,188.0,12.49,15.04,120.5,0
77.05,1.054,22.63,0.23,3.521,29.92,5817.6,2.34,0.0458,15.04,170.1,12.1,14.695,121.1,0
77.38,1.064,22.88,0.99,3.461,30.08,6039.1,3.06,0.05,15.77,177.2,12.8,14.959,121.7,0
79.8,1.605,22.33,0.74,3.505,33.47,5997.8,4.23,0.009,15.26,173.2,11.35,15.211,125.8,0
77.66,1.645,22.46,0.72,3.47,29.57,5873.3,4.62,0.0189,15.06,179.7,11.99,14.745,134.0,1
79.7,0.79,21.98,0.41,3.613,31.42,6093.3,0.84,0.0408,14.83,168.1,13.2,14.66,119.9,1
78.33,0.82,22.25,0.91,3.563,31.9,6599.3,0.3,0.0403,15.7,175.3,10.92,15.255,125.5,1
79.1,0.202,20.49,2.91,3.36,27.09,5911.2,3.57,0.1102,14.99,163.2,11.81,15.087,118.5,0
78.32,1.265,22.22,0.3,3.584,29.38,5920.0,3.64,0.0373,15.2,181.5,11.67,14.955,116.9,0
76.81,1.425,23.0,0.29,3.441,32.51,5917.7,1.49,0.0595,14.65,194.2,12.1,15.262,116.6,1
77.47,0.898,22.37,1.19,3.36,29.79,6070.1,2.86,0.0103,14.92,176.1,12.04,14.805,117.4,0
78.06,1.731,20.87,0.26,3.464,27.73,5995.0,1.58,0.0176,14.99,178.9,12.06,14.838,124.6,0
78.87,1.43,21.46,0.37,3.493,31.16,5740.2,1.05,0.007,15.28,176.2,13.21,15.122,115.0,0
79.06,0.711,21.76,0.35,3.485,31.01,5958.3,3.44,0.0529,15.15,183.6,12.44,15.048,118.8,1
77.59,0.516,22.25,0.65,3.457,29.32,6079.0,2.39,0.0142,15.47,182.1,12.13,15.002,118.5,0
78.91,1.185,23.01,0.01,3.449,29.95,5966.7,1.2,0.0594,15.24,167.3,12.48,14.852,124.0,0
78.3,2.241,21.22,0.16,3.494,29.87,6081.6,3.57,0.0643,15.1,180.1,11.17,14.86,119.1,0
79.89,1.191,21.2,2.33,3.468,28.35,5924.6,3.76,0.0335,14.69,168.9,12.33,14.713,118.1,0
75.67,1.206,21.37,1.03,3.533,30.42,6368.1,4.62,0.0326,15.35,183.5,11.1,14.986,121.6,1
81.56,1.098,22.58,0.82,3.404,30.29,5970.7,1.96,0.0059,15.73,180.6,13.66,14.549,126.3,1
78.25,0.905,20.7,0.09,3.516,26.9,5931.3,1.77,0.0097,15.22,173.3,11.58,15.208,126.4,0
77.79,0.452,22.64,0.01,3.509,28.9,6044.9,3.35,0.0235,15.34,187.0,10.24,14.994,120.8,1
75.59,0.019,22.09,0.48,3.469,31.84,6321.9,2.37,0.0499,15.21,178.7,11.73,15.169,114.5,0
77.66,0.478,22.08,0.2,3.447,30.95,6198.7,0.51,0.0358,15.43,195.7,12.3,14.364,118.5,0
79.67,0.858,22.14,0.0,3.442,27.55,5896.9,2.13,0.0717,15.28,189.1,11.53,15.14,114.1,1
83.07,0.134,22.41,0.76,3.46,34.45,6162.4,0.33,0.2204,15.08,186.1,12.59,14.986,126.2,0
78.24,0.604,22.97,1.7,3.519,29.18,5902.7,3.93,0.0293,14.93,180.4,11.45,14.699,118.6,0
76.65,0.641,21.59,0.07,3.394,32.48,5981.7,1.93,0.0817,15.44,182.8,12.19,15.061,120.3,0
76.5,0.942,22.13,0.79,3.468,32.52,6232.2,3.56,0.0276,15.13,189.5,13.25,15.071,118.6,0
77.71,0.669,20.94,0.27,3.507,29.33,6063.4,0.04,0.0412,14.64,184.1,11.41,15.028,120.8,0
78.59,1.568,21.95,0.34,3.562,28.61,5705.6,1.83,0.0448,15.0,185.4,12.49,14.968,119.9,0
79.77,0.648,21.22,1.06,3.58,31.44,5997.6,2.81,0.0019,14.49,180.7,12.34,14.942,127.6,1
77.55,1.494,21.23,1.43,3.537,28.87,6207.2,4.94,0.0984,14.64,165.6,11.25,15.453,116.4,0
77.89,0.412,22.03,1.44,3.501,31.6,6152.1,3.78,0.0298,15.14,180.6,11.54,15.289,108.0,0
78.19,0.859,22.12,0.1,3.528,30.74,6013.9,1.67,0.0437,15.12,194.7,12.62,15.041,125.1,0
77.93,0.086,21.33,0.96,3.535,29.8,5918.6,2.82,0.0321,15.34,191.8,13.45,14.621,116.1,0
80.05,0.437,22.07,0.28,3.552,31.0,6024.8,1.58,0.0205,15.11,183.7,11.8,14.878,123.2,0
77.84,1.405,22.86,0.52,3.549,27.5,6092.9,3.1,0.0074,14.12,179.1,12.71,15.081,118.7,0
79.06,0.676,22.14,0.14,3.471,34.1,6065.9,2.17,0.0373,15.88,188.0,11.71,14.825,119.8,0
77.42,1.304,21.77,0.13,3.542,29.27,5743.3,2.03,0.0305,15.33,188.6,11.57,14.553,117.3,1
77.89,0.529,23.24,0.15,3.572,30.31,6034.0,3.2,0.1168,14.75,188.1,10.43,14.821,125.6,0
78.16,1.472,22.33,0.62,3.579,29.94,5907.7,2.09,0.0301,14.95,177.4,11.27,15.151,117.6,0
78.71,0.774,22.51,0.31,3.573,31.11,5775.4,2.3,0.0529,15.35,179.7,11.89,14.926,117.6,0
76.64,1.789,20.8,0.42,3.53,32.07,5874.7,1.65,0.068,15.06,189.8,10.18,15.042,124.6,0
78.0,1.676,22.9,0.4,3.437,31.86,6631.7,2.0,0.007,14.73,184.2,11.01,15.336,126.1,1
76.68,1.041,22.59,0.31,3.482,31.67,5756.6,3.79,0.0236,14.9,169.7,12.03,14.938,123.8,0
76.75,0.552,21.81,0.12,3.461,31.05,6069.7,2.35,0.05,15.03,166.0,10.99,15.211,122.9,0
80.42,1.078,23.05,3.51,3.351,30.54,5926.6,1.74,0.0339,15.11,180.8,13.69,15.233,121.2,0
78.0,1.501,21.23,0.22,3.527,29.4,6472.1,2.67,0.0569,14.29,182.7,12.21,15.028,114.8,0
78.29,0.515,22.11,0.0,3.477,29.79,5966.2,1.99,0.0065,15.04,185.7,11.22,14.941,116.3,0
76.61,0.484,21.92,0.32,3.423,31.94,6233.8,2.33,0.0169,15.29,180.0,11.07,15.078,115.0,1
77.4,0.492,22.21,0.68,3.542,27.15,5911.4,1.34,0.0006,14.69,176.6,10.81,15.11,116.2,0
76.67,0.542,21.08,1.17,3.468,31.32,5889.0,1.29,0.1265,15.31,178.0,12.75,14.687,108.3,0
76.91,1.542,21.34,0.22,3.524,32.29,5815.0,2.17,0.0667,14.93,175.8,12.37,14.7,123.0,0
78.42,1.383,22.01,0.15,3.457,32.08,5780.3,2.56,0.1143,14.93,184.1,11.94,15.286,113.6,1
78.88,1.51,20.84,0.27,3.431,28.74,6002.2,0.94,0.0094,15.51,184.1,12.46,15.213,113.7,0
77.59,1.186,22.19,0.66,3.499,32.99,6157.5,3.19,0.0412,15.45,182.5,11.07,14.787,125.8,0
77.66,0.982,21.63,1.08,3.513,27.75,6116.0,0.34,0.0323,14.14,186.1,12.7,15.162,113.5,0
77.71,0.154,22.85,0.32,3.544,28.07,6323.0,1.95,0.0966,14.45,180.1,8.11,15.042,129.2,0
77.53,1.858,22.05,1.53,3.461,31.63,5898.6,3.73,0.0276,15.03,176.4,11.41,15.738,117.4,0
77.34,2.101,21.98,1.21,3.522,36.42,5608.1,2.29,0.0487,15.54,223.6,11.74,15.797,127.9,1
79.64,1.301,24.2,1.57,3.469,29.28,5923.0,2.6,0.0423,15.53,197.7,11.35,14.809,114.7,0
78.61,1.871,21.35,1.74,3.45,30.81,6328.1,1.92,0.0505,14.06,183.1,12.26,15.138,121.7,1
76.75,1.897,22.98,0.59,3.566,29.52,5947.1,4.56,0.0355,15.04,169.8,11.04,15.519,118.7,0
77.2,1.016,22.13,1.11,3.455,25.56,6381.1,3.59,0.071,14.47,180.9,12.29,14.898,117.0,1
79.5,1.301,23.68,1.28,3.515,29.25,6162.1,2.76,0.0005,14.36,175.2,12.42,14.982,120.6,0
76.86,0.884,21.9,0.38,3.469,29.23,5771.4,1.73,0.0155,15.07,184.2,12.66,15.111,115.6,0
78.2,0.965,22.2,0.12,3.472,31.31,6066.1,2.37,0.0101,15.15,176.9,10.58,14.945,118.4,0
77.9,1.234,23.09,0.1,3.483,24.78,6234.6,1.72,0.0257,14.96,155.3,12.0,14.788,118.9,1
78.72,0.993,21.85,0.46,3.545,29.57,5883.4,1.2,0.0131,15.29,178.1,10.46,15.427,114.2,0
76.28,1.107,22.59,0.17,3.495,29.15,5840.3,2.82,0.032,14.9,167.5,11.82,14.643,116.9,0
77.02,1.705,22.9,0.38,3.54,30.53,5616.7,3.19,0.1189,14.6,173.9,12.1,15.172,126.7,1
76.78,1.007,22.91,0.53,3.432,29.91,5961.1,1.91,0.0358,14.96,174.3,12.46,15.169,122.9,0
76.74,1.203,22.44,0.26,3.439,29.08,5875.3,2.05,0.0086,14.66,192.7,12.18,15.236,119.6,0
76.9,2.112,19.48,2.92,3.372,32.23,6241.8,2.55,0.0871,15.48,151.7,12.07,15.197,119.3,1
78.95,0.704,22.22,1.84,3.49,29.52,6240.5,2.0,0.0372,14.19,178.8,13.24,14.984,121.5,0
79.7,1.328,23.81,1.98,3.474,30.4,5903.8,2.45,0.0466,15.56,172.4,11.34,15.15,121.1,0
78.56,1.441,21.92,0.25,3.497,31.04,5547.5,2.52,0.0403,15.02,180.7,11.67,15.221,120.6,0
76.4,1.645,21.54,0.31,3.566,29.27,6150.5,3.24,0.0318,14.82,169.7,12.54,15.057,119.5,0
81.12,0.233,21.53,0.96,3.398,31.12,5727.6,2.84,0.1336,14.65,180.5,11.3,14.897,121.0,1
84.82,2.231,21.51,0.87,3.719,32.52,5763.5,1.57,0.0289,14.17,186.6,12.06,14.805,119.4,1
76.5,1.579,21.74,0.05,3.444,29.15,6147.1,0.86,0.0291,15.38,194.3,12.1,14.74,124.6,0
73.84,1.097,21.63,0.68,3.472,31.3,6436.6,1.73,0.1269,14.24,180.9,12.85,15.137,117.6,0
79.21,0.942,22.99,0.06,3.549,29.1,5746.7,1.88,0.004,15.46,167.5,11.46,15.165,120.5,0
79.37,1.757,22.34,0.11,3.53,30.2,6311.9,4.28,0.0027,15.1,180.5,12.14,15.357,120.4,0
78.03,0.963,22.21,0.38,3.466,29.29,5862.1,2.87,0.0933,14.85,179.4,12.58,14.696,129.7,0
79.63,1.387,21.18,0.43,3.459,29.96,5966.9,1.69,0.0112,14.31,166.8,13.17,15.055,120.2,1
81.02,1.307,21.97,0.87,3.705,30.41,5959.0,3.07,0.0014,14.34,177.4,11.67,14.914,120.3,1
78.29,0.287,21.33,0.16,3.507,30.03,5969.6,0.06,0.0313,14.52,186.2,13.07,14.685,115.4,0
78.35,1.11,20.66,0.15,3.446,28.11,6201.5,2.96,0.0501,16.07,177.4,9.31,14.926,116.9,0
78.65,1.082,21.38,0.28,3.523,28.76,6064.4,2.33,0.0586,15.32,184.4,12.17,15.022,116.7,0
77.73,1.306,21.75,0.35,3.425,30.33,6203.0,2.33,0.0244,15.21,189.3,11.05,14.89,131.3,1
79.22,0.216,22.98,2.14,3.544,27.98,5899.9,2.32,0.0127,15.21,177.2,12.01,15.139,116.9,0
77.75,0.78,22.71,1.2,3.519,30.35,6182.5,2.3,0.0199,15.58,186.8,11.51,15.041,116.9,0
78.44,1.343,21.25,0.6,3.597,29.44,6202.4,2.56,0.0622,14.23,188.6,11.12,14.865,121.1,0
79.79,1.188,22.83,0.07,3.516,30.32,5900.7,3.02,0.0942,14.92,183.9,12.0,14.798,122.9,0
78.08,2.591,22.21,0.31,3.547,30.32,6088.7,2.61,0.0201,15.67,189.0,12.53,14.962,114.5,0
79.14,1.095,22.14,0.07,3.558,32.49,5865.0,1.73,0.0879,16.24,185.1,11.42,15.652,115.0,0
78.67,0.921,22.1,0.31,3.487,28.88,5888.2,2.84,0.0189,15.2,175.8,12.53,15.039,118.0,0
79.46,1.236,22.67,0.07,3.466,30.86,6259.4,1.45,0.0556,14.66,175.7,13.24,15.053,124.0,0
78.52,1.387,20.73,0.32,3.46,28.21,6139.6,2.15,0.0573,14.1,187.9,12.57,15.179,114.1,1
79.88,1.154,21.06,1.41,3.517,28.73,6133.8,2.16,0.0012,15.54,182.8,12.66,15.175,113.3,0
77.55,1.04,22.22,0.23,3.492,30.15,6037.2,4.01,0.0186,14.7,166.9,12.02,15.267,120.3,0
76.97,0.171,23.06,0.71,3.49,27.81,5682.0,2.31,0.0253,15.59,183.2,11.74,14.693,117.2,1
75.86,1.612,22.79,2.08,3.507,29.55,6229.2,2.12,0.0015,15.12,169.5,12.6,14.605,119.1,0
77.72,0.952,21.33,0.94,3.427,29.57,5833.3,1.08,0.0287,14.88,181.2,12.52,14.836,120.7,0
77.02,0.786,22.62,0.5,3.534,28.96,6059.1,2.84,0.0106,15.46,187.6,12.64,14.788,116.2,0
79.18,1.078,22.14,0.27,3.544,29.36,6195.5,1.93,0.0043,14.88,186.3,11.8,15.277,115.3,1
79.54,1.098,21.19,1.08,3.505,28.66,5978.2,2.59,0.0095,14.96,180.3,12.81,15.067,117.7,0
75.92,1.804,21.85,0.27,3.538,32.39,5747.8,3.29,0.0192,15.8,171.3,11.85,15.24,120.3,0
78.71,0.588,20.92,1.19,3.561,33.62,6042.0,1.73,0.0403,14.77,141.9,9.52,14.504,126.5,0
76.78,0.925,20.95,0.1,3.605,30.84,5853.1,2.27,0.0555,15.39,185.8,11.61,15.233,111.5,0
78.43,0.221,21.46,0.26,3.472,29.95,5588.5,2.07,0.0317,14.31,165.6,12.14,14.766,126.1,0
80.81,1.432,21.83,0.38,3.526,30.88,6081.9,2.3,0.0283,15.49,190.2,12.29,15.231,123.1,0
78.9,1.467,22.33,0.21,3.433,27.5,6032.5,3.65,0.1053,15.03,177.0,11.03,14.67,122.8,0
78.97,1.254,18.59,0.64,3.578,30.77,6116.6,5.35,0.0088,15.05,159.7,11.99,15.661,117.6,1
77.25,0.766,22.87,0.22,3.52,29.53,5953.7,3.84,0.0599,14.51,175.3,12.15,15.103,130.2,0
79.11,0.563,22.42,0.6,3.548,32.6,5667.1,3.58,0.0135,15.35,182.7,12.36,15.117,120.8,0
79.58,1.974,22.27,2.09,3.552,26.99,6572.5,2.7,0.0064,16.29,181.9,12.78,14.766,133.4,0
76.4,0.049,21.9,0.21,3.504,29.49,5482.9,2.02,0.0076,15.37,156.2,11.48,15.212,129.1,0
78.91,0.965,21.51,0.2,3.442,31.55,6203.0,3.56,0.0819,15.32,180.6,12.19,15.326,119.5,0
77.19,0.564,21.5,0.22,3.475,29.56,6006.2,1.17,0.0074,14.9,178.4,11.67,14.836,119.9,0
78.47,0.438,22.47,0.66,3.599,28.74,5788.6,3.35,0.0375,14.57,180.3,12.33,14.81,119.3,0
80.93,0.188,21.3,0.64,3.604,31.95,6183.1,1.62,0.0393,16.0,179.9,12.21,15.252,123.6,0
77.59,0.777,22.2,0.49,3.447,29.18,5620.9,1.52,0.0086,15.41,191.2,10.86,15.029,123.9,1
77.55,1.409,23.92,0.11,3.496,27.5,6195.7,0.21,0.0128,15.19,189.1,11.45,15.029,124.1,0
77.75,1.321,21.93,0.01,3.493,29.48,5916.5,2.0,0.0093,15.39,173.5,12.0,15.305,122.6,1
78.18,1.51,22.72,0.24,3.387,32.34,5615.9,2.0,0.0545,15.05,173.6,12.25,15.251,116.7,1
76.31,1.103,21.17,0.76,3.491,25.96,5786.2,1.36,0.1154,13.91,173.6,10.88,15.093,122.8,1
77.91,1.314,21.87,0.06,3.461,29.35,6082.1,3.81,0.0106,16.03,178.9,13.17,14.985,120.7,0
79.23,0.508,21.83,0.12,3.458,28.71,5950.0,2.06,0.0285,15.13,184.3,12.57,14.921,120.3,0
78.59,1.132,22.15,0.36,3.545,31.25,5937.3,1.69,0.0077,15.02,191.2,11.4,14.678,122.8,0
76.06,1.111,22.5,0.29,3.569,29.39,6078.2,2.35,0.0498,14.95,172.8,12.24,15.03,121.3,1
77.81,1.183,22.82,0.13,3.482,30.39,5822.6,2.34,0.0265,15.18,193.4,12.32,14.663,115.8,0
79.14,1.071,22.14,0.48,3.471,28.53,6034.6,3.53,0.0497,14.68,173.2,12.18,14.774,120.9,0
78.33,1.187,22.43,0.01,3.52,29.77,6286.2,3.32,0.0512,14.45,178.9,11.81,14.943,116.3,0
75.36,0.606,21.78,0.08,3.474,32.27,5777.2,1.93,0.0503,15.04,188.3,12.27,15.168,114.9,0
78.24,1.204,21.58,0.04,3.422,31.57,5864.8,1.97,0.0528,15.37,183.8,11.66,14.834,119.9,0
77.13,1.078,21.71,1.05,3.527,29.33,5943.9,3.04,0.0097,15.33,159.3,12.0,14.971,122.7,0
76.5,1.118,22.25,0.07,3.496,31.55,5930.2,3.48,0.0257,15.11,187.7,12.87,14.741,115.9,0
81.5,1.212,21.0,0.7,3.448,29.36,5890.0,2.19,0.0234,14.93,180.9,12.52,14.869,122.8,1
79.81,0.368,22.65,1.21,3.464,30.62,5864.0,2.28,0.0756,14.57,181.4,12.35,14.907,121.0,0
77.43,0.87,21.81,0.15,3.541,29.19,6048.9,2.48,0.0364,14.96,181.4,11.81,15.061,114.6,0
75.72,0.567,21.85,0.03,3.534,33.23,6001.0,3.66,0.0054,14.24,184.3,11.52,15.154,115.5,1
76.28,0.267,21.04,0.05,3.557,28.35,5621.4,3.67,0.0488,14.15,181.0,12.96,15.227,122.9,1
75.34,1.242,23.04,0.34,3.465,29.97,5785.8,3.16,0.0635,14.9,175.4,11.83,14.885,114.2,0
75.59,0.044,22.69,0.01,3.521,31.24,5804.5,0.51,0.0486,14.82,180.4,12.01,14.892,120.0,0
79.18,1.799,22.89,1.64,3.53,29.52,6243.4,1.4,0.0096,14.48,166.3,12.2,15.146,128.2,0
77.64,0.616,22.17,0.22,3.423,27.39,6014.9,1.89,0.0032,15.14,190.1,11.51,14.937,119.1,0
76.48,1.297,20.72,0.01,3.52,28.86,5884.2,3.6,0.0684,14.62,175.8,12.69,14.968,117.3,1
77.88,0.767,21.96,0.42,3.446,27.45,6025.9,2.47,0.0018,14.65,192.7,12.98,14.973,112.3,0
75.95,1.672,22.42,1.59,3.58,29.58,5825.6,2.79,0.0962,14.51,162.9,12.19,15.109,115.2,0
78.64,1.331,22.1,0.27,3.533,28.49,6409.4,0.9,0.12,13.85,175.2,11.01,15.038,112.8,0
78.49,0.794,21.68,0.57,3.525,31.3,6065.0,3.04,0.0732,14.58,187.0,12.93,14.914,120.5,0
76.6,0.963,21.56,0.21,3.456,32.15,6127.0,4.65,0.0801,14.71,173.6,11.55,15.105,121.8,0
78.2,2.149,23.7,0.89,3.623,31.15,5850.7,0.67,0.032,15.2,190.6,10.77,14.944,127.2,1
78.42,1.398,22.07,0.07,3.526,29.85,6105.4,3.14,0.0356,15.24,169.6,12.62,14.96,115.2,0
78.17,0.628,22.27,0.04,3.495,29.02,6124.3,3.2,0.0377,15.61,175.8,12.97,15.304,124.0,0
76.78,0.854,22.23,0.04,3.533,27.81,5815.3,2.26,0.0158,14.9,183.2,12.93,14.865,116.9,0
75.5,1.358,23.26,1.13,3.474,29.3,5863.2,3.37,0.1076,15.19,199.9,12.82,15.221,124.5,0
78.56,1.392,22.6,0.21,3.511,31.0,6092.1,2.24,0.0143,13.83,182.9,12.05,14.957,119.8,0
77.14,1.015,22.25,0.18,3.489,30.6,6013.5,1.98,0.0234,15.52,184.4,11.44,15.136,124.4,0
76.87,1.029,21.95,0.79,3.535,30.66,5900.0,2.63,0.0912,14.87,165.6,11.21,15.108,123.6,0
75.07,0.924,20.6,0.9,3.456,26.5,6155.9,3.64,0.1078,15.01,185.7,12.27,15.115,118.9,0
79.91,1.023,22.28,1.86,3.477,31.25,6121.6,2.73,0.0371,14.91,177.7,12.01,15.098,117.0,0
76.92,0.693,22.62,0.22,3.615,31.08,5886.3,3.28,0.0987,15.57,172.4,12.65,15.041,123.2,0
78.89,1.455,20.28,0.4,3.539,27.9,6218.3,4.48,0.0511,15.63,174.4,10.6,14.951,122.8,0
80.92,1.237,21.18,0.48,3.513,32.83,5808.8,3.01,0.0257,15.31,192.2,12.55,14.907,121.4,1
77.46,0.754,21.7,0.03,3.502,29.84,6273.8,2.89,0.1044,15.19,179.0,11.35,15.037,120.5,0
76.98,0.309,22.3,2.94,3.421,31.91,5558.2,4.0,0.0181,15.21,185.5,13.1,15.137,118.1,1
79.21,0.652,20.88,0.69,3.482,30.13,5931.9,2.88,0.0498,14.85,191.3,11.42,15.018,117.2,0
77.01,0.415,21.96,0.35,3.529,30.13,5987.1,3.58,0.0422,15.46,162.8,12.23,14.868,122.2,0
79.43,0.311,21.73,0.5,3.487,29.43,5889.9,0.75,0.0315,15.51,183.6,11.77,15.027,111.7,0
78.45,0.661,22.81,0.24,3.51,28.06,5780.4,1.6,0.0397,14.93,185.6,11.06,15.313,110.1,1
78.67,0.742,22.05,0.55,3.482,29.99,5945.6,0.51,0.0131,16.08,182.8,13.66,14.889,120.5,0
79.04,0.493,22.86,0.76,3.552,29.94,5914.1,1.81,0.0088,14.92,173.7,10.82,14.973,113.1,0
77.7,0.817,22.61,1.91,3.519,30.05,5776.1,0.77,0.0347,14.84,182.3,11.88,14.986,117.1,0
78.09,0.927,20.95,0.19,3.55,30.73,6103.5,1.36,0.0321,14.11,197.1,11.93,14.834,123.4,0
76.78,1.755,22.61,1.67,3.316,30.25,5999.7,0.49,0.0081,15.74,183.2,11.56,14.871,108.4,1
78.72,1.361,22.12,0.47,3.543,31.1,6040.6,1.68,0.0512,15.5,189.9,11.16,14.534,123.8,1
77.35,1.119,21.8,0.15,3.438,30.83,5948.4,2.1,0.0012,15.95,178.3,12.21,14.589,116.7,0
77.21,0.044,22.31,0.86,3.491,27.55,5962.5,2.18,0.0378,15.42,184.8,12.09,15.19,116.0,0
79.81,1.291,23.59,0.43,3.549,28.52,5942.9,2.42,0.104,15.24,184.0,11.78,15.191,113.5,1
77.46,0.734,21.72,0.56,3.532,30.49,6073.5,3.46,0.0044,15.19,165.2,12.23,14.69,127.2,0
80.17,0.906,20.88,0.29,3.528,32.91,6260.3,3.43,0.0607,14.71,186.5,13.57,15.145,125.7,0
77.13,1.015,21.08,6.68,3.555,30.76,6132.6,3.97,0.0893,14.48,180.2,12.42,14.945,129.0,1
76.87,0.887,22.46,0.3,3.444,29.59,5633.8,1.82,0.0322,14.16,185.8,12.92,14.71,124.7,1
77.45,0.797,21.99,0.6,3.51,28.43,6020.8,1.81,0.0244,14.82,169.9,9.94,15.292,117.2,0
77.65,1.48,22.02,0.01,3.527,29.74,6045.0,2.59,0.0407,15.08,182.3,11.2,14.988,124.5,0
80.36,2.017,20.25,1.4,3.386,30.02,5734.1,3.17,0.0078,15.15,153.3,12.69,14.64,129.1,0
78.62,0.882,21.89,0.04,3.438,29.9,6040.3,0.94,0.0071,15.09,161.2,10.81,14.992,115.8,0
78.82,0.82,21.57,0.85,3.481,29.39,5667.1,1.63,0.0407,15.09,180.6,12.23,15.186,120.4,0
78.3,1.104,20.59,0.66,3.468,28.52,6144.8,3.36,0.0019,15.0,182.3,11.15,15.118,116.6,0
77.92,0.594,21.76,0.94,3.537,28.87,5763.0,2.44,0.0059,15.23,181.5,12.15,14.687,120.8,0
79.25,0.865,21.13,0.23,3.597,29.47,5915.2,3.12,0.0337,15.08,172.3,10.87,15.211,122.8,1
80.45,0.868,21.63,1.23,3.433,31.35,5587.0,4.37,0.1517,15.39,173.9,12.51,15.818,113.2,0
73.99,0.836,22.61,0.23,3.515,27.2,5980.2,3.57,0.0525,15.66,183.0,10.36,14.991,114.5,0
77.86,1.109,23.13,0.48,3.568,32.49,5642.4,4.02,0.0581,13.3,174.9,12.62,14.999,115.9,1
80.64,1.148,20.62,0.57,3.475,26.87,5779.6,2.49,0.008,14.91,195.1,11.94,15.032,119.0,1
81.26,0.492,22.21,0.37,3.418,30.54,5800.8,4.77,0.0514,15.55,185.7,13.01,15.05,118.8,0
74.4,1.572,22.04,0.09,3.527,29.58,5999.9,2.59,0.0109,15.52,192.7,11.53,15.272,119.7,0
79.58,1.072,21.44,0.45,3.451,30.63,5914.9,1.94,0.0418,14.58,185.0,11.2,14.974,128.1,0
76.25,1.054,22.44,0.05,3.582,30.72,5780.3,2.13,0.0954,14.78,188.1,10.91,15.18,124.3,0
76.21,0.679,21.23,0.31,3.576,29.26,5777.1,1.95,0.0762,15.38,178.5,12.06,15.295,124.8,1
81.23,1.231,21.35,0.47,3.475,33.51,6104.1,2.6,0.0774,15.15,184.4,12.83,15.131,120.2,1
79.04,2.031,22.26,0.85,3.511,30.51,5780.9,1.56,0.0025,14.99,183.1,11.73,15.133,130.4,0
80.43,0.872,21.91,0.11,3.449,29.1,6061.6,2.73,0.0545,14.99,179.1,12.04,14.575,121.8,0
79.28,1.042,22.27,0.65,3.495,30.63,5996.8,3.34,0.0739,14.58,176.4,11.91,15.072,118.5,1
78.49,0.52,22.4,0.34,3.531,29.18,5889.9,1.82,0.068,14.97,181.5,10.95,15.089,121.1,0
80.56,0.513,22.58,0.44,3.446,28.62,5866.0,2.27,0.1118,15.07,195.0,12.16,15.255,115.0,1
77.8,0.639,23.83,1.45,3.476,32.54,5912.1,2.16,0.0725,15.08,175.7,10.51,15.195,127.8,0
78.73,1.381,21.26,0.19,3.514,30.55,6162.4,2.49,0.0165,14.7,183.6,12.17,14.84,122.7,0
79.73,1.083,22.06,0.26,3.504,31.92,6078.0,1.43,0.0379,14.95,186.4,12.92,15.165,120.9,0
77.33,1.076,22.3,0.14,3.47,30.7,5866.1,2.17,0.0394,15.01,186.6,12.63,15.271,125.7,0
77.53,1.24,20.96,0.15,3.554,30.6,5800.3,1.59,0.0085,15.14,181.4,13.07,14.892,117.9,0
77.7,0.972,21.48,1.2,3.507,31.05,5933.9,2.86,0.0411,14.84,187.0,12.52,14.799,120.6,0
79.69,0.287,21.95,0.29,3.552,30.87,5793.4,0.87,0.0253,14.5,182.5,12.35,14.813,121.3,0
79.08,0.85,22.53,0.1,3.343,28.81,5984.8,2.99,0.0618,14.09,176.3,13.32,14.825,120.4,0
78.78,0.473,22.37,0.89,3.457,30.34,5902.5,2.27,0.019,15.08,165.6,12.32,15.165,124.3,1
77.06,1.227,21.19,0.56,3.518,29.14,6023.4,2.16,0.0165,15.35,186.8,11.53,15.227,121.3,0
77.15,1.829,22.2,0.39,3.526,28.22,5896.0,3.85,0.0597,15.02,176.9,12.68,15.193,119.5,0
81.19,0.767,23.67,2.14,3.428,30.34,5831.6,3.66,0.02,14.6,169.5,12.0,14.923,120.8,0
76.67,0.642,22.83,0.1,3.537,30.55,6128.5,4.55,0.0238,14.14,188.4,11.62,14.577,117.6,1
79.3,0.581,21.53,0.11,3.505,28.37,6010.6,2.78,0.0197,14.76,184.2,11.78,15.171,124.4,0
76.2,1.104,21.78,1.86,3.49,31.31,5995.5,3.99,0.0212,14.79,185.5,11.28,15.206,106.5,1
76.56,0.684,22.01,1.47,3.476,31.71,6117.7,1.54,0.0256,15.49,166.8,11.9,15.091,123.6,0
76.97,1.122,22.54,0.45,3.511,28.37,5764.3,4.2,0.0239,15.47,178.6,11.77,15.092,114.7,0
78.48,1.237,20.33,1.44,3.494,25.25,6248.1,2.3,0.1259,13.98,172.8,12.89,14.525,116.6,0
77.26,1.325,21.69,0.61,3.46,31.9,5809.9,2.72,0.1593,14.85,179.4,11.67,14.844,118.8,0
75.52,0.936,22.05,0.14,3.562,29.82,6134.0,1.24,0.0365,15.12,182.4,12.09,15.064,121.5,0
77.03,1.095,21.8,1.81,3.489,28.79,6103.6,3.15,0.0259,14.63,188.1,11.08,15.205,115.7,0
77.56,1.801,23.25,0.15,3.478,30.42,6296.8,1.92,0.0399,14.59,181.2,12.94,15.096,119.3,1
84.22,0.557,21.78,0.52,3.289,30.99,6096.0,1.0,0.0047,15.73,178.9,10.91,14.879,113.1,0
78.14,0.858,21.53,0.25,3.588,29.75,5765.8,2.62,0.0241,15.51,168.0,11.89,14.95,119.3,0
74.78,0.983,21.93,0.46,3.428,29.02,6219.0,2.96,0.0076,14.25,207.3,13.09,15.038,111.7,0
81.48,0.783,22.4,0.18,3.443,31.12,5951.1,2.94,0.0281,15.03,182.9,12.19,15.137,119.5,0
80.74,0.685,21.58,0.65,3.508,29.5,5970.0,1.13,0.0731,15.48,182.9,12.22,14.816,118.7,0
75.81,1.194,23.4,1.46,3.511,29.91,5673.1,1.93,0.055,14.98,177.8,10.85,15.228,120.0,0
77.14,0.846,21.79,0.35,3.461,29.5,5948.2,3.45,0.0679,14.8,189.3,12.73,14.83,117.5,0
76.54,1.009,21.06,0.33,3.512,31.34,6035.1,2.56,0.0765,15.02,181.9,12.32,14.972,116.2,0
76.9,0.554,23.0,0.41,3.442,30.81,6292.5,3.5,0.0694,14.82,191.7,12.17,14.863,120.5,1
77.54,2.465,22.92,0.43,3.545,28.41,6073.9,0.35,0.0284,15.23,173.2,12.44,15.143,114.1,0
77.27,0.954,21.99,0.05,3.445,31.06,5759.9,2.34,0.0116,15.03,187.9,12.2,14.946,123.4,0
79.15,1.51,22.61,0.45,3.516,27.74,5967.5,3.12,0.1328,14.45,176.4,10.17,14.957,116.1,0
78.58,1.378,21.89,0.0,3.508,31.53,5912.5,2.28,0.0405,15.74,194.3,11.35,15.026,120.3,0
78.51,1.422,21.82,0.14,3.485,29.69,6134.6,2.54,0.0183,14.83,185.9,11.62,14.787,120.7,1
77.79,0.541,23.06,0.11,3.445,33.19,6076.9,4.44,0.0372,14.59,168.7,11.23,14.814,121.8,0
78.04,0.744,21.55,0.01,3.465,29.65,5982.9,1.55,0.0177,14.93,182.4,11.67,15.304,121.5,0
78.44,1.351,22.04,0.37,3.482,32.49,5627.8,2.21,0.024,14.67,167.4,12.02,14.877,116.9,0
77.74,1.643,20.6,0.17,3.46,29.65,5855.2,3.64,0.0387,15.39,172.2,10.76,14.688,121.6,1
78.07,0.766,21.78,0.56,3.475,29.83,5832.0,3.52,0.074,14.8,190.4,12.11,15.038,124.5,0
77.96,1.157,24.0,0.43,3.487,31.33,5573.2,3.6,0.1003,13.8,179.0,14.3,15.207,108.1,0
75.99,0.792,22.15,1.32,3.527,31.78,5585.2,2.71,0.0032,15.59,172.4,11.66,15.183,119.8,0
76.77,1.186,21.42,0.46,3.516,30.15,6214.8,3.19,0.074,16.34,172.6,11.84,15.33,120.0,0
79.41,1.118,21.43,0.29,3.56,29.3,5738.3,2.65,0.0374,14.78,185.9,12.14,15.58,118.6,0
78.43,0.467,22.91,0.1,3.534,28.83,5924.7,2.15,0.0626,14.89,175.3,12.08,15.077,123.3,0
76.48,0.652,21.33,0.12,3.444,31.93,5926.8,1.73,0.0524,15.1,171.5,12.93,15.142,117.8,0
79.67,0.24,21.93,0.98,3.648,30.24,5929.7,2.56,0.0077,15.43,172.9,13.04,14.836,118.2,0
77.34,1.67,21.59,0.08,3.445,30.51,6051.5,2.1,0.0092,14.95,166.0,12.8,15.461,122.0,0
79.77,0.894,21.35,1.41,3.52,30.48,6299.0,3.35,0.0209,15.26,177.2,12.18,15.334,116.1,0
76.64,1.66,21.9,0.02,3.476,32.02,5741.8,0.95,0.0119,15.4,189.1,12.63,15.104,115.2,0
76.33,1.742,21.39,0.26,3.512,31.64,5680.0,3.66,0.1089,15.73,176.4,12.09,15.21,125.7,0
75.23,1.435,22.45,0.11,3.394,32.52,6138.4,5.08,0.0994,13.66,166.6,13.07,14.998,126.8,0
79.42,0.696,21.97,0.76,3.458,29.65,6234.3,2.13,0.024,14.89,173.8,10.6,15.021,119.1,0
78.99,1.421,20.96,0.57,3.475,29.69,5620.8,1.15,0.0339,15.29,178.8,11.13,15.374,113.1,0
76.61,0.485,22.54,0.42,3.512,28.58,6148.7,2.89,0.1325,14.89,174.7,12.32,14.911,120.2,0
78.78,0.553,22.66,0.23,3.463,31.52,5917.2,3.17,0.0604,14.47,191.4,13.38,15.052,126.7,0
74.99,0.737,22.37,0.09,3.555,33.87,5894.5,2.83,0.0719,15.76,190.5,11.42,14.507,126.4,1
77.15,1.856,22.35,0.24,3.532,28.09,6093.5,1.91,0.0221,15.64,176.6,11.58,14.903,124.1,0
79.04,0.082,24.26,3.45,3.577,31.59,5031.8,0.37,0.031,14.37,187.4,9.88,15.428,127.4,0
77.38,0.622,20.49,1.86,3.471,30.45,5732.8,1.96,0.0379,15.45,177.6,12.41,14.879,116.0,1
77.24,1.173,20.96,0.04,3.492,27.99,5426.7,3.21,0.0384,14.38,199.0,10.35,14.913,124.6,0
78.15,1.102,22.94,0.04,3.52,30.8,5942.6,1.95,0.0203,14.4,180.4,12.73,15.032,119.9,0
77.22,0.963,22.58,1.45,3.502,30.87,5899.1,1.91,0.0792,14.99,154.3,12.41,15.119,129.7,0
77.78,0.963,20.96,0.46,3.62,29.12,6128.0,2.0,0.0471,14.77,165.8,12.36,15.089,121.1,0
78.71,1.327,22.7,0.2,3.517,30.05,5876.5,1.85,0.0152,15.43,185.3,11.86,15.001,116.0,0
77.56,1.497,21.66,1.07,3.464,28.44,5968.6,2.54,0.0504,15.49,164.8,13.35,15.233,116.6,1
77.63,1.004,21.57,0.12,3.425,28.54,6203.3,2.04,0.0493,15.15,187.3,11.01,15.032,126.9,0
77.81,0.621,21.84,2.69,3.496,30.17,5946.1,2.61,0.0035,14.91,178.8,12.46,14.976,120.1,0
76.44,1.024,22.79,0.74,3.472,31.14,5565.8,3.8,0.0401,15.27,187.5,11.14,15.05,119.6,1
78.18,0.322,22.12,0.52,3.547,29.31,5758.9,2.43,0.0278,14.68,193.1,11.43,15.113,115.3,0
76.12,0.864,21.28,0.08,3.434,27.58,6127.9,2.81,0.0035,15.46,190.6,12.0,14.942,121.6,0
73.51,1.428,21.23,0.37,3.64,36.72,5997.6,5.48,0.0062,15.83,194.7,11.99,15.075,104.7,0
76.18,1.799,22.09,0.16,3.454,28.9,6014.2,3.31,0.2098,15.29,173.7,12.7,15.101,122.3,1
76.13,1.327,21.89,0.03,3.512,32.13,6059.8,0.88,0.0357,15.29,182.4,11.61,15.113,121.5,0
77.63,0.934,21.49,0.05,3.543,31.1,5919.2,2.03,0.0253,14.83,169.7,11.47,14.873,122.6,0
77.26,1.086,20.85,0.63,3.455,30.75,5963.1,3.8,0.0416,15.15,186.7,12.61,14.966,113.5,0
76.56,1.214,21.25,0.58,3.518,30.66,6097.0,3.92,0.0531,15.27,171.6,12.79,14.902,121.4,1
75.8,0.589,22.4,0.33,3.552,30.4,6333.7,3.17,0.0291,14.51,171.8,12.11,15.179,124.0,1
79.12,1.667,21.71,0.21,3.55,30.19,6058.0,1.8,0.1053,15.66,166.9,11.67,14.961,119.0,0
76.86,1.21,21.94,1.21,3.459,30.39,5741.8,1.19,0.001,14.3,175.7,10.15,14.938,120.7,0
74.9,1.606,21.48,1.46,3.42,31.41,5741.6,1.37,0.0304,15.89,183.8,10.97,15.08,119.4,1
77.19,0.529,21.96,0.24,3.505,31.03,5794.7,2.82,0.011,15.36,181.9,12.19,15.031,121.2,0
76.57,0.176,22.28,1.47,3.567,24.69,5644.5,2.85,0.0284,15.08,157.5,10.95,15.893,109.1,0
81.34,2.059,23.23,0.98,3.471,30.08,5889.6,2.88,0.0259,14.96,186.6,11.76,15.061,121.9,1
78.62,0.486,22.0,0.02,3.539,29.21,5967.7,2.71,0.0609,15.71,169.2,13.9,15.126,130.0,0
76.55,0.229,23.8,2.96,3.417,30.12,5641.3,0.75,0.0355,14.41,186.8,12.57,14.722,116.0,0
80.79,1.018,21.9,0.34,3.459,30.54,5937.2,2.76,0.0,14.79,174.0,12.13,14.894,120.9,0
77.13,1.315,21.77,0.44,3.472,25.73,6055.1,3.41,0.0572,14.69,177.1,13.12,15.292,112.3,1
78.47,0.519,22.46,0.62,3.547,31.13,5876.8,3.61,0.0341,14.69,182.6,11.36,14.75,123.1,0
78.49,1.548,22.47,0.25,3.488,28.49,6196.5,1.5,0.0553,15.35,177.7,12.63,14.424,128.8,0
77.88,1.255,22.52,0.1,3.506,29.11,5849.2,3.23,0.0703,15.02,178.5,13.78,15.191,122.8,0
78.1,0.847,21.86,0.02,3.478,29.06,6131.3,1.88,0.0484,15.41,173.7,11.53,14.829,120.1,0
79.37,0.612,21.95,0.32,3.508,28.96,6189.5,3.48,0.0385,15.33,189.1,12.05,15.229,122.5,0
79.83,1.012,22.54,0.56,3.479,27.78,6340.2,2.66,0.0675,15.59,183.2,11.78,15.457,122.2,0
80.15,0.082,21.0,0.23,3.445,26.55,6065.6,1.59,0.0202,15.27,174.5,12.14,14.945,124.8,0
78.48,0.897,21.16,0.38,3.481,26.55,5966.7,2.4,0.0395,14.71,175.6,11.34,14.777,121.0,0
79.84,0.616,21.64,0.76,3.504,29.18,6129.9,3.11,0.0577,15.22,180.4,11.56,14.868,123.1,0
78.89,1.113,21.93,0.73,3.519,31.14,6088.0,2.94,0.0035,15.45,182.1,11.29,15.396,122.0,0
77.82,0.856,22.32,0.14,3.49,29.03,6177.1,3.0,0.1005,15.43,177.5,13.54,15.081,123.6,0
76.88,0.378,22.42,0.03,3.512,29.62,5897.1,4.24,0.0051,15.78,185.1,12.88,14.82,126.4,0
78.06,0.655,22.33,0.44,3.45,34.52,6043.1,1.65,0.0018,14.51,172.2,12.45,15.071,118.5,0
76.59,0.478,22.05,2.1,3.53,28.94,6207.7,2.73,0.1044,15.5,176.4,11.34,14.437,119.7,0
77.82,0.699,22.24,1.58,3.466,28.03,6165.4,1.69,0.0406,15.42,194.7,11.88,15.219,122.6,0
77.36,0.556,23.19,0.68,3.447,28.8,5564.4,1.89,0.0117,14.79,177.2,11.6,14.707,117.3,0
78.33,1.397,21.31,0.05,3.498,31.76,6150.5,3.57,0.0044,15.25,171.0,10.45,14.875,117.7,0
76.97,0.78,22.74,1.91,3.525,30.59,6058.6,1.76,0.008,14.45,178.0,12.28,14.946,116.8,0
78.6,1.696,21.59,0.7,3.583,31.39,5891.0,2.34,0.0685,15.08,174.0,12.77,15.532,128.0,0
78.42,0.175,21.65,0.37,3.468,30.6,5866.6,2.06,0.0924,15.34,178.3,11.9,15.099,118.9,1
82.59,2.818,22.57,1.67,3.52,26.13,5667.7,2.92,0.0171,17.22,170.5,12.54,14.985,125.6,0
77.39,0.428,22.91,0.35,3.508,32.61,5596.3,0.24,0.0852,15.26,177.5,13.77,14.843,113.5,0
76.63,0.721,22.19,0.3,3.499,31.37,5976.2,3.19,0.0298,15.28,178.3,10.98,15.216,116.4,1
75.72,0.279,22.0,0.12,3.461,28.51,6098.8,3.96,0.0734,15.28,175.7,12.76,14.872,122.5,1
75.98,0.718,22.27,0.4,3.513,29.64,6344.0,2.91,0.0901,14.28,164.8,11.62,14.996,118.4,0
76.49,0.303,22.43,0.75,3.492,29.12,6291.7,2.39,0.0367,14.55,170.3,11.27,15.087,115.7,0
78.85,1.166,21.53,0.01,3.505,32.96,5876.5,2.44,0.0377,14.89,183.4,11.66,15.0,120.9,0
77.35,0.87,21.92,0.7,3.543,29.43,6156.5,3.03,0.0649,15.1,184.1,11.06,15.106,124.6,0
77.51,1.477,22.12,0.07,3.508,33.04,5594.5,2.87,0.1233,14.98,187.2,12.2,14.952,115.7,1
79.32,0.602,21.72,0.57,3.474,31.63,5857.8,5.5,0.008,14.75,178.9,12.93,14.953,117.9,0
76.03,1.444,21.77,0.37,3.436,31.22,6239.4,2.23,0.0375,14.06,182.2,12.54,14.88,118.9,0
78.45,1.488,21.71,1.18,3.403,28.03,6086.0,2.86,0.0063,14.86,193.1,12.75,14.927,122.0,0
76.59,1.126,22.56,0.81,3.432,30.35,5676.4,3.06,0.0628,15.6,178.6,13.55,14.941,119.0,1
77.6,0.98,21.63,0.41,3.458,29.04,6093.2,2.7,0.0775,15.25,172.7,11.52,14.901,123.6,0
79.4,1.498,21.69,0.18,3.386,29.5,6101.7,3.54,0.0459,14.39,188.2,11.59,15.343,120.8,0
81.54,0.624,22.46,0.59,3.537,32.48,5708.9,3.65,0.0251,16.87,199.8,11.14,14.281,130.7,0
77.31,1.606,21.06,0.23,3.403,30.24,5924.7,3.35,0.0513,14.57,183.5,11.53,15.085,118.5,0
77.44,0.634,21.98,0.06,3.536,29.22,6011.4,0.49,0.0088,15.57,182.1,12.06,15.007,120.0,0
81.64,0.399,22.2,0.24,3.49,31.65,5761.9,2.77,0.0675,15.5,182.8,12.2,15.089,119.6,0
79.09,1.466,21.47,0.16,3.402,30.04,5713.6,1.79,0.0502,15.28,177.1,12.15,15.224,118.0,0
78.25,0.705,22.11,0.52,3.522,28.56,6023.8,4.56,0.0229,14.97,166.5,12.37,15.133,122.4,0
76.13,0.789,21.78,0.95,3.586,31.16,5738.5,0.21,0.1152,15.0,174.1,12.45,15.179,121.8,1
79.94,1.66,21.83,0.44,3.601,30.03,6033.5,0.06,0.0369,15.38,181.6,11.52,15.046,117.0,1
79.54,1.679,22.45,1.94,3.412,32.22,5692.5,1.6,0.1166,14.42,182.0,11.93,14.668,117.4,1
76.61,0.952,21.68,1.92,3.526,28.53,5843.0,2.84,0.0283,13.96,166.9,11.99,14.797,113.4,1
76.29,1.056,22.22,0.39,3.588,32.13,5788.3,3.61,0.0786,15.06,186.4,12.38,14.873,114.9,1
78.26,0.068,22.66,1.12,3.596,27.47,6052.9,1.33,0.0691,14.21,197.2,11.74,15.04,110.6,0
77.0,0.659,22.64,0.28,3.482,32.55,6073.7,2.42,0.0288,15.71,181.2,11.16,14.824,119.4,0
76.92,0.799,21.34,0.11,3.372,28.53,6064.6,4.35,0.0148,15.63,184.8,11.14,14.827,119.0,0
78.74,0.314,21.71,0.65,3.374,29.89,6066.0,3.91,0.0979,14.97,174.2,12.05,15.424,124.7,0
75.49,0.607,21.62,0.1,3.432,26.59,5702.6,2.66,0.0809,14.28,181.4,11.45,15.1,129.1,0
76.81,1.116,21.7,0.09,3.518,28.98,5818.9,3.64,0.0829,14.68,183.6,11.56,15.155,126.7,0
78.11,0.807,22.0,0.93,3.465,31.81,6049.3,2.45,0.006,15.06,168.4,11.32,15.294,131.7,1
79.3,1.197,21.32,0.4,3.527,30.94,6152.8,3.27,0.014,16.49,181.0,12.3,15.027,121.0,0
74.07,1.983,21.95,0.03,3.585,29.89,5697.0,1.4,0.0323,14.31,168.6,10.74,15.13,108.3,0
78.41,0.798,22.61,0.18,3.52,27.95,5848.6,2.63,0.0686,14.85,188.2,11.38,15.555,122.6,0
79.31,1.148,20.95,0.02,3.504,30.46,6167.9,3.87,0.0015,15.49,188.7,11.35,14.787,120.1,0
77.82,1.283,21.8,0.01,3.454,29.04,5848.5,2.48,0.067,14.86,179.3,12.76,15.209,122.2,0
77.14,0.548,21.71,0.37,3.502,30.54,5864.7,1.24,0.0868,15.89,174.4,12.07,14.879,118.5,0
80.03,1.114,22.11,0.09,3.417,30.33,6120.0,1.9,0.061,14.71,174.0,11.56,15.149,124.1,1
79.64,0.9,20.82,0.41,3.479,27.99,5999.1,2.38,0.0264,15.52,174.5,11.73,15.17,123.8,0
79.37,1.671,22.09,0.12,3.442,28.25,5785.1,1.63,0.1108,14.92,189.4,10.24,15.115,118.0,0
74.09,0.605,22.73,0.06,3.406,29.64,6053.1,1.3,0.0825,14.49,176.8,11.47,14.256,127.6,0
76.9,2.216,22.62,0.16,3.41,30.03,5924.1,2.37,0.003,15.21,186.0,13.14,15.16,112.2,1
80.38,0.647,22.6,0.16,3.64,29.19,5659.7,2.16,0.0206,15.34,177.1,12.68,14.959,119.7,1
78.44,1.67,22.1,1.03,3.525,28.94,6031.5,3.35,0.0145,14.55,184.3,12.06,14.897,127.4,0
77.39,1.742,22.22,0.67,3.467,30.02,5832.9,0.96,0.0325,15.06,179.5,12.15,15.066,123.8,1
74.16,0.018,21.31,0.93,3.47,30.26,6041.9,0.65,0.136,15.6,180.5,11.28,14.955,130.8,0
77.34,0.102,23.19,3.44,3.557,25.89,5878.4,1.9,0.0344,15.11,158.4,13.75,14.594,116.4,1
79.49,0.883,21.52,0.16,3.499,32.32,5863.6,2.15,0.0663,15.1,194.4,12.61,14.814,115.2,0
75.81,0.67,20.83,2.12,3.506,30.59,5996.5,2.91,0.0467,15.32,190.1,12.38,15.043,122.0,0
78.57,0.689,21.91,0.21,3.516,31.66,5901.4,3.31,0.0503,15.58,183.9,11.55,15.101,126.8,0
77.37,0.59,22.76,0.32,3.576,29.66,6066.0,2.46,0.0066,15.0,192.7,11.54,15.229,123.6,0
76.76,1.338,21.74,1.06,3.431,27.66,6032.4,1.52,0.0353,14.53,192.0,10.76,14.8,123.5,1
80.97,1.11,22.41,0.05,3.33,30.0,6098.7,3.71,0.0825,15.48,165.5,11.41,14.894,121.3,1
77.59,1.08,22.09,0.17,3.615,30.47,6138.6,2.76,0.0628,14.07,166.3,13.15,15.244,125.4,1
79.67,1.152,22.04,0.12,3.601,32.64,6194.3,2.39,0.1328,14.17,186.7,12.23,15.115,120.0,0
76.56,0.811,23.07,0.28,3.556,28.25,5612.6,3.27,0.0062,15.02,178.0,10.86,15.068,118.4,0
76.18,1.148,21.07,0.05,3.448,28.77,5827.6,3.24,0.028,15.89,175.5,13.78,15.26,120.2,0
79.24,1.067,22.15,1.04,3.616,29.91,6333.1,2.49,0.0269,14.97,185.2,12.11,15.183,118.2,1
76.34,1.445,22.44,0.26,3.547,29.54,5983.2,2.82,0.0676,14.5,188.8,11.94,15.502,116.5,1
77.31,0.647,21.13,0.46,3.476,29.27,5975.8,3.06,0.0645,15.72,178.2,12.74,14.937,118.1,1
79.6,0.917,21.71,0.74,3.491,29.96,6243.3,3.59,0.0703,15.27,181.0,12.58,14.964,126.4,0
80.39,1.379,22.56,0.08,3.483,31.55,6042.9,2.8,0.0022,16.26,188.3,10.75,15.098,120.0,0
76.11,1.268,22.62,0.51,3.475,26.67,5457.7,2.67,0.1755,14.88,166.8,10.28,14.563,138.4,0
77.99,1.119,22.47,0.13,3.519,29.36,5808.7,4.38,0.059,14.72,192.3,10.98,15.168,119.8,0
76.32,1.726,23.82,0.66,3.539,28.08,6253.6,3.45,0.0511,15.45,166.0,12.82,14.714,113.1,0
77.68,0.575,20.74,0.05,3.492,29.87,6053.3,0.85,0.0053,14.5,184.0,11.44,15.019,125.8,0
76.69,0.807,21.42,0.34,3.454,27.87,5960.4,1.02,0.0157,15.75,176.3,10.47,14.699,121.0,0
78.09,1.869,21.05,0.92,3.474,31.14,5935.6,2.7,0.0622,14.53,165.3,12.8,15.163,117.7,0
77.33,0.873,22.02,0.27,3.546,30.07,6167.1,2.85,0.004,14.72,175.9,11.17,14.829,123.0,1
76.42,0.647,21.66,0.4,3.449,28.75,6032.9,0.24,0.0667,14.3,181.6,11.54,15.271,118.3,1
76.45,1.665,21.78,0.25,3.33,31.68,6441.5,3.12,0.0182,14.39,188.5,9.86,15.388,125.1,0
76.24,1.433,22.31,1.82,3.523,29.14,5903.9,2.16,0.0255,15.2,180.8,12.26,15.3,124.8,0
77.65,0.041,21.99,0.02,3.5,29.95,5904.1,1.88,0.0188,14.88,182.1,12.94,14.92,115.3,0
77.5,1.717,23.4,1.3,3.502,29.42,5938.8,4.29,0.0217,15.45,186.7,12.32,15.189,108.3,0
76.62,0.766,22.47,0.46,3.504,30.29,5980.3,1.66,0.0156,14.64,188.1,12.49,15.023,118.9,0
76.65,2.482,22.69,0.73,3.416,29.98,5967.8,0.66,0.0946,14.29,177.0,11.99,15.039,123.4,0
75.15,1.103,19.56,0.58,3.52,29.09,6102.1,6.91,0.0564,14.94,186.6,14.88,15.281,115.1,0
76.0,0.899,21.84,0.03,3.53,29.07,5905.0,3.31,0.0483,14.44,178.3,11.27,14.881,119.6,0
78.28,1.846,22.09,1.42,3.512,28.76,6329.2,1.61,0.0639,14.61,159.2,13.31,15.112,121.7,1
78.11,0.319,22.84,0.18,3.494,29.53,5869.2,1.25,0.0443,14.94,193.4,11.39,15.109,119.3,0
77.77,1.182,21.32,0.07,3.529,27.56,6028.0,2.75,0.0078,14.51,176.7,11.83,15.095,119.4,0
78.76,0.814,22.83,0.37,3.487,30.04,5918.3,3.47,0.0095,15.0,182.0,12.13,15.265,120.8,0
77.97,0.614,22.13,0.03,3.433,29.38,6148.2,2.8,0.0215,14.63,189.8,12.5,14.893,117.6,0
76.6,0.107,23.32,0.12,3.403,30.38,6232.1,3.93,0.0326,15.7,192.2,12.61,14.856,120.9,1
81.7,0.881,22.29,0.15,3.523,30.78,6019.3,3.55,0.015,15.64,174.5,12.35,15.109,119.9,0
74.63,0.924,22.24,0.11,3.486,27.87,6103.1,3.94,0.0316,15.05,180.8,12.05,15.122,119.2,1
77.18,1.153,23.36,1.26,3.616,29.89,5549.0,1.53,0.0321,15.16,177.5,11.67,14.428,108.6,1
77.3,0.147,22.33,4.7,3.317,30.37,6352.4,0.39,0.0298,15.93,169.9,10.82,14.918,117.9,1
75.49,1.816,21.8,0.37,3.407,28.6,5831.8,4.24,0.0212,15.3,167.2,12.97,15.245,121.3,1
77.05,2.742,22.81,0.41,3.572,34.26,6322.4,1.61,0.1282,15.62,169.3,12.04,15.734,120.6,0
77.58,0.781,22.47,0.24,3.513,29.94,6007.2,1.47,0.0282,14.92,176.4,12.37,14.812,118.0,1
74.74,1.246,21.43,0.52,3.505,30.04,5679.7,2.77,0.0116,14.42,171.5,11.89,14.988,112.3,0
79.52,0.301,22.08,1.47,3.533,31.14,6460.3,3.61,0.0383,14.7,173.8,11.87,15.015,124.3,1
76.25,1.341,23.55,0.39,3.451,28.56,6375.9,2.0,0.0194,15.01,186.9,12.3,15.064,112.2,0
77.03,0.934,20.67,0.68,3.554,26.48,5905.0,2.21,0.0212,14.7,191.8,12.45,15.116,115.3,0
77.11,0.658,21.66,0.33,3.537,29.38,5937.4,3.09,0.0074,14.91,174.6,12.04,15.164,122.7,0
78.15,0.927,22.1,0.08,3.505,33.04,6119.8,0.96,0.0037,15.57,176.8,11.96,14.802,118.3,0
77.87,0.732,21.2,0.6,3.382,27.07,5890.2,1.06,0.0571,14.35,181.1,12.2,14.885,121.4,1
77.41,1.018,21.73,0.07,3.572,30.93,5756.3,1.17,0.0209,14.58,191.6,12.6,15.172,115.2,1
76.97,1.21,22.17,0.29,3.473,32.38,6031.5,1.76,0.0205,14.6,178.6,12.01,14.513,131.9,0
77.79,0.339,22.6,0.68,3.566,29.01,5389.3,4.0,0.0116,15.78,177.2,12.67,15.186,120.2,0
76.87,1.267,20.74,0.96,3.528,30.62,5850.0,3.46,0.121,15.58,192.2,13.8,15.251,113.6,0
80.2,1.569,21.23,0.46,3.522,30.73,6020.6,3.28,0.0312,15.31,187.4,11.42,15.402,120.2,1
77.09,1.421,21.07,0.25,3.497,30.54,5877.9,2.81,0.0075,14.92,172.7,11.54,15.434,117.6,0
80.0,0.842,21.98,1.14,3.484,28.93,5902.2,2.95,0.0718,14.23,184.2,12.75,15.105,125.5,0
76.42,0.638,22.47,0.26,3.591,29.87,5818.9,2.27,0.0462,14.91,173.7,12.35,15.09,120.8,0
78.79,1.581,22.54,0.21,3.537,28.93,5978.1,2.03,0.0166,14.7,181.3,12.16,15.049,116.5,0
76.26,1.262,21.97,0.17,3.513,32.06,5969.4,2.46,0.0502,14.61,192.9,11.82,15.053,120.0,0
82.11,0.405,19.72,0.91,3.418,28.65,6211.4,2.03,0.0788,15.46,176.6,11.08,14.496,125.7,0
77.37,1.572,21.89,0.85,3.501,29.46,5904.6,2.49,0.0748,14.93,189.6,11.94,15.202,120.9,0
77.03,1.005,22.15,0.43,3.561,29.33,5929.0,2.95,0.0299,14.61,183.0,11.49,15.041,115.0,0
78.79,0.909,21.81,1.34,3.514,28.53,5903.7,3.73,0.0002,15.51,184.4,12.12,15.05,119.0,0
77.91,2.169,22.99,0.0,3.539,28.99,6029.5,1.82,0.0041,15.07,189.1,12.28,15.281,123.9,0
75.94,1.823,21.39,6.16,3.496,30.68,5054.3,3.83,0.1419,13.16,198.9,10.5,15.087,112.0,0
78.72,1.215,21.2,0.67,3.421,30.07,5744.0,4.25,0.0829,14.69,179.6,12.49,15.153,117.9,0
78.95,0.607,21.24,0.39,3.458,32.23,5992.6,3.27,0.0427,14.1,187.1,10.69,15.198,112.3,0
79.98,1.006,23.12,0.3,3.454,26.16,6195.7,0.55,0.0129,15.26,188.7,11.6,14.522,119.0,1
77.73,1.894,21.42,0.98,3.543,29.83,5954.2,2.43,0.0881,14.13,175.3,12.74,15.046,117.7,1
78.03,1.058,20.93,0.04,3.508,30.85,6070.7,4.17,0.0285,15.38,170.1,13.11,14.984,113.9,0
77.41,0.567,21.54,0.71,3.457,31.22,6092.2,2.08,0.0597,15.35,173.2,13.37,14.591,119.5,0
75.08,1.613,21.53,0.05,3.526,28.19,6182.1,1.32,0.0069,14.76,170.9,11.21,15.264,122.7,1
77.91,0.67,22.46,1.12,3.448,31.87,5562.6,2.03,0.0304,15.34,180.2,12.49,15.254,114.8,0
75.96,0.424,21.84,0.63,3.481,32.18,6130.0,3.2,0.0314,14.12,176.3,12.11,15.399,119.1,0
78.56,1.123,22.06,0.35,3.537,29.36,6048.3,2.52,0.011,15.3,158.8,11.31,14.973,120.1,0
78.15,1.888,22.47,0.16,3.583,32.22,5660.5,4.32,0.0432,14.85,181.2,12.12,14.786,126.1,1
74.6,1.431,22.42,0.08,3.49,28.66,5910.7,3.76,0.1,15.08,186.3,11.69,15.133,116.4,0
77.79,1.669,21.35,0.04,3.553,31.86,6036.1,3.15,0.0073,14.01,166.3,12.3,14.623,121.8,1
80.37,0.291,21.87,0.04,3.472,27.84,6082.0,1.39,0.0411,14.59,185.2,11.87,14.953,124.6,1
79.84,1.001,22.13,0.12,3.456,27.42,6127.1,2.54,0.0145,15.17,174.1,12.97,15.11,115.3,0
77.0,0.285,21.76,0.39,3.526,32.2,6142.8,2.45,0.0094,15.5,177.3,12.54,14.995,128.9,0
79.46,1.104,21.56,0.03,3.524,28.6,5853.1,3.83,0.0326,14.46,172.6,11.15,15.254,119.5,1
80.26,2.271,21.81,0.27,3.526,28.64,5788.7,6.09,0.0122,15.57,177.7,12.67,15.341,103.5,0
78.64,1.309,21.85,0.26,3.498,29.55,5652.0,2.96,0.0206,15.16,170.1,11.25,14.725,115.8,1
80.31,1.637,21.1,0.26,3.433,30.59,5830.9,4.2,0.0404,16.37,174.2,12.41,14.924,119.7,0
75.59,0.757,21.53,0.23,3.486,31.24,5970.5,1.65,0.0175,14.71,180.1,11.19,14.673,123.6,0
76.92,1.091,22.01,1.06,3.485,31.26,5950.8,4.43,0.058,14.48,167.6,10.85,15.211,126.0,1
78.44,1.408,22.06,0.21,3.461,29.83,6078.2,1.74,0.0093,14.58,188.3,12.25,14.713,117.3,0
78.82,0.634,21.53,0.1,3.512,31.92,6238.4,1.96,0.027,15.23,182.7,12.4,15.154,117.7,1
78.27,1.387,22.26,0.57,3.511,29.98,5798.6,2.24,0.0462,14.83,180.5,12.55,14.689,117.0,0
76.65,1.908,21.34,0.2,3.358,28.59,5912.9,2.27,0.0526,14.46,171.6,12.5,15.171,120.2,1
78.67,1.019,21.52,0.3,3.417,30.12,5960.8,1.19,0.0798,14.85,192.4,13.29,14.573,110.2,0
77.22,1.23,22.78,0.63,3.475,29.89,5733.7,3.19,0.0493,15.33,172.9,13.19,15.033,126.9,0
77.47,0.95,23.82,0.14,3.457,27.54,5885.4,2.62,0.0175,15.0,186.8,11.45,14.791,118.1,0
78.71,0.842,21.11,1.17,3.58,31.31,6178.8,2.78,0.0078,15.15,178.8,12.76,14.909,123.2,0
77.04,0.238,22.91,0.52,3.437,29.69,5889.9,2.4,0.0329,15.32,181.6,13.03,15.06,118.0,0
78.35,0.772,23.27,0.07,3.44,30.3,5664.6,3.06,0.0487,14.15,200.2,11.36,15.382,124.8,0
79.26,0.385,22.66,0.85,3.512,32.44,5955.4,1.73,0.0159,14.37,166.0,11.34,14.637,120.9,0
75.7,1.351,22.35,0.11,3.564,29.88,5929.9,2.88,0.046,15.35,191.9,13.27,14.864,122.7,0
79.43,1.185,21.99,0.44,3.44,28.23,5654.7,2.94,0.0157,15.02,187.4,11.12,15.05,118.1,1
83.14,0.463,22.07,0.9,3.529,30.1,6362.7,2.4,0.0627,14.98,181.1,11.84,14.872,121.2,0
77.11,1.978,22.24,0.55,3.469,29.8,6003.3,2.35,0.0462,14.93,193.3,12.57,14.997,118.6,0
80.85,1.453,23.36,0.42,3.498,29.04,5943.9,3.38,0.0238,14.96,192.6,12.13,15.144,120.9,1
77.86,0.924,22.77,0.29,3.545,29.57,6062.8,2.01,0.0004,14.39,186.4,11.75,15.39,122.3,0
75.6,1.449,22.99,0.37,3.55,30.75,6320.1,3.71,0.0353,15.52,185.2,10.82,15.232,128.6,0
77.32,0.8,20.78,0.09,3.567,30.05,5828.4,2.68,0.0238,15.0,167.3,12.75,14.985,126.9,0
77.75,0.962,22.3,0.67,3.563,29.6,6145.4,2.04,0.1168,14.39,149.9,10.91,15.409,126.4,0
77.63,1.201,23.76,0.08,3.565,30.18,6007.8,2.82,0.0364,15.33,179.0,12.08,14.829,120.7,0
79.96,2.01,20.81,0.72,3.527,31.68,6270.9,3.65,0.0609,14.55,182.7,11.43,14.274,116.9,0
75.34,1.643,22.24,0.81,3.492,32.09,5951.3,1.7,0.0871,14.59,188.1,11.5,14.768,113.8,0
78.04,0.488,22.1,0.03,3.454,30.79,6021.1,2.1,0.0523,15.1,184.5,11.96,14.725,127.0,1
76.48,1.553,21.69,0.41,3.465,30.99,6120.2,0.57,0.0021,15.27,173.5,12.62,14.73,121.8,0
78.18,0.924,22.05,1.77,3.421,32.46,5727.7,1.44,0.0133,14.85,188.3,13.05,14.676,120.0,1
78.25,1.566,22.83,0.22,3.444,28.7,5922.1,3.92,0.0433,15.26,192.1,12.89,15.018,129.9,1
83.81,1.724,23.46,1.56,3.645,30.45,5894.4,0.97,0.0453,16.6,168.4,13.63,15.586,125.4,1
76.81,1.373,21.07,0.18,3.435,25.82,6135.6,3.32,0.0079,15.1,187.4,12.75,15.406,128.9,0
78.04,0.681,23.36,0.69,3.54,27.82,6113.7,0.24,0.0064,15.01,169.2,11.38,14.758,127.4,0
78.26,1.218,20.5,1.15,3.503,29.21,6211.8,1.07,0.0078,15.16,179.8,11.79,15.207,113.6,0
77.29,0.614,22.26,0.01,3.518,30.79,6079.4,0.97,0.0337,15.34,175.6,12.31,15.105,120.2,0
75.43,1.744,21.87,1.31,3.422,29.06,6086.5,3.41,0.0111,14.54,184.5,12.57,15.035,117.8,0
73.75,1.548,21.76,0.37,3.568,31.35,6521.3,0.1,0.0569,14.21,169.5,11.49,15.071,126.5,1
76.11,2.813,22.56,0.29,3.569,31.48,6034.0,1.97,0.0173,14.1,186.5,11.51,14.759,112.4,0
76.86,1.525,21.91,0.5,3.473,29.56,6191.1,3.72,0.0339,13.91,164.5,13.37,15.107,120.1,0
79.16,1.051,23.91,0.21,3.452,31.21,6072.5,2.28,0.0537,14.83,185.2,11.87,15.293,121.2,1
78.4,1.753,23.02,0.16,3.468,32.58,6136.2,3.36,0.0047,14.77,182.2,11.95,15.098,117.6,0
75.78,1.336,22.16,0.71,3.441,30.23,6137.8,2.79,0.0369,14.78,189.4,12.51,15.003,116.0,0
80.55,0.89,22.16,1.45,3.461,31.09,5974.7,2.04,0.0171,15.08,187.4,11.54,15.147,132.6,0
78.99,0.751,22.12,0.71,3.45,32.71,6118.0,3.73,0.0397,15.19,197.0,12.06,15.163,121.8,1
78.03,0.802,22.18,0.63,3.544,30.14,6058.3,2.88,0.0034,14.79,177.9,9.78,15.25,120.3,0
78.29,0.686,21.22,0.73,3.505,31.53,5938.2,4.52,0.0556,14.57,185.5,11.06,15.0,120.2,0
78.5,0.68,21.24,0.53,3.552,29.86,6038.5,2.41,0.0346,14.67,179.7,12.25,15.204,120.6,1
79.26,1.026,22.69,1.25,3.5,31.38,6068.5,2.02,0.0379,14.68,180.9,12.82,14.831,121.8,1
80.19,0.163,22.07,0.46,3.562,31.69,5962.9,2.08,0.001,14.58,183.3,12.96,14.765,113.4,0
79.58,1.721,19.32,0.24,3.432,29.85,6008.9,1.61,0.0123,15.32,165.7,12.45,14.829,145.2,0
74.69,1.594,21.89,0.01,3.522,27.58,6324.8,3.27,0.0169,14.36,174.5,12.46,14.951,122.6,0
79.06,0.478,22.37,0.34,3.424,29.08,6111.3,1.34,0.0362,14.41,185.5,12.32,14.944,121.5,0
76.37,0.203,22.17,1.05,3.462,29.9,6041.8,2.81,0.0482,15.22,171.6,12.81,14.868,118.5,0
77.68,0.823,22.24,0.89,3.49,30.3,6260.8,3.04,0.0108,15.09,181.1,12.03,15.044,118.0,0
78.98,1.484,20.8,0.11,3.453,30.27,5900.8,2.8,0.0423,15.16,188.0,11.4,14.904,121.5,0
77.63,0.736,22.49,0.84,3.484,29.85,6150.6,4.19,0.034,15.18,194.3,11.85,14.937,117.0,0
78.25,1.548,23.67,1.24,3.552,31.09,6256.6,0.5,0.0027,14.33,176.6,11.01,14.651,112.0,0
78.2,3.39,23.53,3.63,3.575,35.11,6087.7,0.31,0.0981,14.23,205.1,11.72,14.81,105.0,1
79.46,0.614,21.17,0.02,3.514,28.74,5960.6,4.68,0.0886,14.0,168.7,11.28,14.895,117.9,1
74.17,2.353,23.05,2.6,3.512,26.65,5764.0,2.58,0.1167,13.4,174.2,12.55,15.115,138.6,1
77.26,0.311,20.86,1.16,3.531,30.98,6192.6,2.84,0.0483,13.69,193.1,11.76,14.985,118.9,0
77.38,1.767,20.79,0.08,3.532,31.54,6302.4,3.33,0.0116,14.77,176.3,11.97,14.881,119.5,0
78.43,0.447,22.25,0.57,3.468,33.42,6036.1,1.12,0.0572,14.88,177.2,12.56,14.876,120.4,0
76.32,1.646,21.84,0.23,3.475,30.84,5939.1,1.58,0.0195,13.87,186.5,11.89,14.956,123.3,0
77.06,1.186,23.28,0.43,3.528,29.17,6163.8,3.04,0.041,15.02,194.5,11.57,14.78,121.7,1
78.66,0.964,22.42,0.84,3.513,29.07,5879.4,2.61,0.0041,15.73,190.8,12.49,14.674,126.0,0
77.24,1.457,20.95,0.17,3.517,28.59,6187.7,2.26,0.0524,14.58,177.0,11.51,15.246,121.7,0
76.08,1.049,21.45,0.13,3.536,30.77,6224.2,1.35,0.059,15.29,178.4,10.96,15.069,118.6,0
78.83,0.805,22.03,0.01,3.496,31.0,5958.2,3.98,0.0729,14.99,168.5,12.37,14.827,126.8,0
79.22,1.327,22.53,0.15,3.489,28.97,6075.6,2.34,0.0186,14.9,174.3,13.93,14.974,125.2,0
77.79,1.101,22.19,0.25,3.535,27.8,6229.6,4.66,0.0089,15.12,172.7,11.9,15.128,131.8,1
77.18,0.597,20.96,1.43,3.412,34.04,5883.9,1.73,0.0046,14.35,190.0,11.73,15.086,128.1,0
77.2,1.201,22.58,0.77,3.482,26.89,5957.3,1.79,0.0762,14.88,166.0,12.34,15.215,115.3,0
81.67,1.164,22.22,0.03,3.419,27.31,6057.2,1.62,0.0694,14.77,169.9,13.02,14.952,111.6,1
78.36,0.921,20.38,1.82,3.502,29.92,6226.0,2.9,0.0762,14.6,174.9,12.49,14.983,116.0,0
79.03,0.804,21.82,0.07,3.476,30.0,6089.2,3.07,0.0548,15.08,184.6,12.87,15.083,116.1,0
78.88,0.975,22.17,0.22,3.454,29.75,6256.1,2.75,0.0051,15.35,178.7,10.78,15.076,118.8,0
79.02,1.201,21.92,1.98,3.548,29.54,5891.3,1.27,0.0477,14.62,177.0,10.77,14.671,123.6,0
78.21,0.788,21.93,0.05,3.484,29.46,6067.1,0.89,0.0322,15.34,185.1,12.51,14.923,118.6,0
78.0,1.24,22.15,0.1,3.496,30.36,5967.7,2.22,0.0093,14.92,184.5,11.06,14.996,124.7,0
79.54,1.132,21.8,0.05,3.536,29.75,6123.8,2.22,0.0231,14.92,162.8,11.18,15.263,114.2,0
77.83,2.122,22.18,0.45,3.554,29.92,6024.3,1.71,0.0099,15.44,168.2,12.51,15.184,116.1,0
77.04,0.861,22.55,0.88,3.478,29.8,5978.8,3.27,0.0262,14.92,191.9,11.59,15.182,116.6,0
77.39,1.032,22.48,0.46,3.509,28.67,6224.2,2.35,0.0037,14.98,170.7,13.25,15.002,122.3,0
77.06,1.104,21.38,0.46,3.472,29.48,6094.4,1.62,0.0185,15.95,187.8,11.51,15.029,120.4,0
80.11,0.912,21.92,0.21,3.5,29.29,6108.0,2.83,0.0323,15.69,182.6,12.51,14.911,118.8,0
76.58,0.791,21.63,0.7,3.65,27.48,6296.5,2.26,0.0017,16.07,158.5,13.15,14.887,121.5,1
76.92,1.096,22.19,1.33,3.396,30.16,6127.0,2.21,0.0248,14.72,171.7,12.14,15.266,118.3,0
76.89,0.849,22.42,0.82,3.462,29.6,6134.9,2.28,0.015,14.41,191.9,13.15,14.735,109.9,0
78.62,0.127,23.48,0.11,3.52,29.18,6014.7,3.11,0.0382,15.29,171.6,14.41,15.044,113.0,0
78.77,1.008,23.38,0.01,3.51,30.56,5944.0,2.93,0.1414,14.77,197.0,11.87,14.776,116.3,1
76.54,0.378,22.61,0.61,3.587,30.5,5705.6,3.48,0.0249,14.63,164.5,13.16,15.248,125.7,0
78.13,1.204,21.91,0.22,3.5,30.95,6011.3,4.12,0.0825,14.98,191.0,12.57,15.288,122.5,0
78.76,1.607,22.12,0.17,3.454,31.58,5985.9,2.83,0.1405,15.55,188.7,12.01,15.116,113.5,0
80.1,1.861,22.0,1.1,3.59,30.88,6253.1,3.21,0.0994,15.99,160.6,11.27,15.077,116.2,0
78.49,0.927,23.02,0.34,3.554,28.77,5902.8,1.71,0.035,14.99,175.2,11.98,15.532,119.3,0
80.34,1.467,23.44,1.38,3.522,28.83,6280.0,1.49,0.0313,15.66,193.1,11.07,14.964,117.4,0
79.85,1.146,21.96,1.1,3.523,30.19,6072.4,1.91,0.0422,14.82,193.4,13.02,14.666,113.5,1
78.8,0.115,21.17,0.34,3.506,30.42,5739.0,3.5,0.0301,14.95,171.9,12.76,15.106,122.7,0
72.91,1.222,20.21,0.08,3.453,29.33,5985.7,0.41,0.1573,13.56,161.3,14.32,15.64,121.0,1
78.77,1.11,23.58,0.18,3.459,30.04,5646.7,1.88,0.0662,15.14,198.4,12.5,14.827,120.8,0
78.17,1.113,21.11,0.11,3.469,30.83,6175.4,1.12,0.0227,14.9,173.2,12.91,14.942,119.8,0
78.65,0.048,22.03,2.04,3.429,28.99,6290.8,5.4,0.1603,15.21,194.5,11.79,15.109,111.3,1
78.43,0.431,22.6,0.38,3.606,29.81,6110.6,2.1,0.0147,15.06,182.8,12.32,14.908,117.6,0
79.47,1.486,22.27,0.19,3.477,30.36,6070.2,2.07,0.12,15.18,184.1,12.66,14.779,120.7,0
77.71,0.127,22.58,0.59,3.498,28.8,6355.2,3.16,0.1026,14.75,178.4,11.05,14.935,115.9,0
79.74,0.791,22.27,0.39,3.542,32.29,6236.6,3.13,0.0597,15.29,190.0,11.71,15.427,128.7,0
75.07,0.387,21.98,2.28,3.565,28.39,5975.9,0.97,0.032,14.06,170.6,12.99,14.922,118.5,1
77.87,0.318,23.73,1.63,3.58,31.11,6256.8,1.37,0.0109,14.22,164.6,13.38,14.781,129.7,0
78.65,0.936,22.19,0.13,3.508,29.26,6018.9,2.62,0.0163,15.44,178.1,12.91,14.768,115.0,0
79.74,1.851,21.73,0.8,3.396,31.22,5965.2,6.42,0.0559,14.57,186.8,14.16,14.889,114.0,0
78.76,0.812,22.44,1.06,3.573,29.44,6027.0,3.68,0.0136,14.8,170.3,11.74,14.875,123.3,0
82.76,0.029,21.55,0.13,3.367,29.71,5789.9,2.54,0.0065,14.82,199.6,10.89,15.171,128.3,0
74.6,1.374,21.67,0.43,3.481,30.59,5977.9,4.05,0.0115,14.89,187.3,12.97,15.2,125.0,1
76.77,0.808,23.03,0.72,3.455,31.39,6040.1,3.03,0.034,14.3,175.9,11.44,15.082,123.0,1
78.02,0.613,23.78,0.94,3.414,27.99,6093.2,2.99,0.0619,13.74,175.6,12.48,15.096,124.8,0
78.09,1.136,22.13,0.15,3.401,29.81,6320.8,2.19,0.0114,15.15,192.1,12.05,14.974,114.3,0
80.77,1.112,21.89,0.84,3.525,32.26,6328.7,1.89,0.0465,15.12,195.4,12.99,15.214,117.1,0
79.03,2.044,20.86,0.78,3.605,30.98,5644.2,3.49,0.0529,14.42,164.7,12.34,15.935,111.6,1
78.22,1.162,22.4,0.21,3.485,29.68,5922.9,3.12,0.0088,15.5,185.4,11.8,14.967,121.6,0
77.38,0.327,20.6,0.16,3.553,30.97,5956.0,3.94,0.0287,14.15,173.8,12.1,15.123,124.6,0
77.88,1.033,21.78,0.29,3.455,28.86,6144.5,2.39,0.0491,15.48,174.5,11.53,15.222,120.9,0
77.58,0.5,22.41,0.61,3.453,30.3,5975.5,2.65,0.0371,14.97,177.6,12.53,14.845,123.6,1
80.13,1.275,21.29,0.03,3.527,31.25,5978.0,1.18,0.0232,14.69,175.8,11.6,14.785,120.0,0
78.57,0.835,21.91,0.42,3.479,30.1,6095.4,3.56,0.045,14.45,187.1,12.38,14.865,115.7,0
78.08,0.337,22.14,0.25,3.499,29.3,5913.7,2.93,0.0741,14.98,194.6,12.61,15.217,122.3,0
75.38,1.586,22.68,0.07,3.434,29.54,6050.3,2.53,0.031,14.66,178.5,12.44,15.157,122.9,0
78.75,1.657,21.83,0.24,3.494,28.6,5864.4,1.21,0.0236,15.78,193.3,11.6,14.705,121.6,0
77.48,0.807,21.51,0.5,3.498,29.24,5654.9,3.15,0.0338,14.93,192.0,11.91,15.013,117.3,0
80.02,1.284,21.45,0.61,3.35,27.83,5969.0,5.85,0.0319,15.54,162.6,12.68,14.889,114.3,1
80.19,0.745,22.48,0.21,3.472,31.02,6369.6,2.69,0.0629,15.49,181.7,13.99,15.07,116.2,0
78.27,0.199,23.27,0.05,3.478,30.97,5967.9,4.41,0.0678,15.19,180.3,12.46,14.865,120.1,0
78.99,0.82,21.9,0.23,3.476,28.91,5868.9,1.43,0.0314,14.97,176.7,11.6,15.491,113.6,1
78.41,1.152,21.88,0.04,3.476,30.19,6023.9,1.97,0.0604,13.9,192.8,12.19,14.943,123.1,1
77.7,1.114,22.26,0.41,3.537,28.78,5993.1,1.86,0.0177,15.34,183.1,12.56,14.882,118.4,0
80.47,0.13,21.55,0.08,3.53,34.07,6023.3,2.63,0.0093,14.45,179.6,10.05,14.998,121.8,0
78.89,0.919,21.53,0.14,3.502,29.21,6134.0,3.12,0.0433,14.73,187.6,11.73,15.0,122.8,0
77.49,1.158,21.74,0.8,3.48,31.49,5713.4,2.57,0.0225,15.76,189.9,12.61,14.921,113.1,0
79.97,0.979,22.69,2.93,3.433,30.36,6153.5,3.93,0.0969,15.6,170.3,11.26,14.751,124.3,1
76.54,0.878,21.13,0.43,3.452,28.06,6278.1,3.21,0.0227,14.81,177.1,11.02,15.132,126.6,1
81.92,1.258,22.88,0.0,3.455,30.45,5944.0,3.87,0.0621,14.32,174.0,11.53,14.898,121.5,0
80.0,0.494,21.25,0.47,3.595,30.56,6187.4,3.15,0.0036,14.74,165.3,12.78,14.975,127.3,0
77.13,0.773,21.76,0.3,3.501,29.42,5955.5,2.35,0.0488,14.06,182.7,12.56,14.638,110.7,0
77.68,2.031,22.75,0.43,3.57,27.38,6000.1,2.03,0.0901,15.06,164.7,13.01,14.656,123.6,0
77.97,2.124,21.1,0.52,3.554,27.8,6137.1,2.24,0.0597,14.28,181.6,11.61,14.599,123.6,1
79.31,1.271,21.38,0.68,3.479,31.51,6165.3,3.68,0.0168,14.89,201.7,13.26,14.598,117.5,1
78.75,1.276,21.74,0.43,3.552,30.93,6135.5,1.67,0.0246,14.55,173.3,12.18,15.251,118.2,0
80.78,0.033,19.26,2.52,3.508,31.57,6358.9,1.21,0.0253,15.63,188.4,13.36,15.092,121.4,0
72.51,0.095,22.32,0.72,3.517,31.87,5894.9,0.82,0.0444,13.95,179.9,11.9,14.709,119.3,0
79.07,0.524,22.01,0.4,3.48,28.35,5944.9,1.48,0.0748,15.31,194.6,11.97,15.247,118.8,0
77.39,1.609,22.94,0.07,3.493,30.41,6189.9,3.0,0.0515,15.08,179.2,10.97,15.315,122.1,0
77.18,0.214,21.69,0.64,3.55,29.01,6283.3,3.28,0.0663,14.95,178.7,12.13,14.787,130.0,0
78.74,0.796,22.69,0.15,3.443,28.7,5854.3,2.01,0.0242,14.83,178.8,11.25,15.112,123.8,0
77.93,0.18,23.61,1.34,3.817,31.25,5433.4,2.56,0.0096,14.96,162.9,12.65,14.932,134.3,0
75.24,0.769,22.21,0.05,3.601,29.13,6069.3,4.15,0.009,15.61,168.7,12.97,14.572,130.4,0
76.63,0.577,23.23,1.58,3.428,29.73,5549.5,2.76,0.0425,16.06,179.2,12.86,14.896,125.9,0
76.07,1.448,21.91,0.64,3.521,31.43,5917.3,3.1,0.0017,16.14,166.4,12.05,15.309,117.6,0
79.09,1.177,22.11,0.09,3.547,30.82,6009.3,2.33,0.0302,15.16,175.5,10.79,15.175,121.7,1
78.93,1.529,22.88,2.23,3.458,27.61,5887.6,2.87,0.0614,14.8,181.8,13.21,14.975,114.4,1
77.65,0.97,21.51,0.81,3.552,29.87,5902.2,3.53,0.0636,15.35,180.7,11.6,15.177,114.5,1
77.08,1.145,22.03,0.87,3.563,31.0,5862.8,2.87,0.0115,14.01,179.6,11.9,15.179,114.6,0
75.82,1.173,22.41,0.37,3.525,29.11,6092.5,2.92,0.0204,15.1,166.0,12.13,14.966,125.5,0
77.06,1.621,22.11,0.4,3.477,31.06,6189.1,2.57,0.0013,15.57,178.0,13.34,15.198,123.3,0
75.52,2.028,22.14,0.96,3.487,30.36,5846.6,3.34,0.0624,14.55,182.2,12.21,15.086,120.3,0
77.45,1.023,21.04,0.23,3.478,32.55,6106.8,1.57,0.0445,15.23,169.7,12.99,15.383,125.1,0
77.04,1.524,21.35,0.12,3.513,28.83,5693.0,2.16,0.0223,15.19,183.3,12.27,14.985,127.2,0
78.23,1.542,22.3,1.47,3.492,28.31,6015.6,3.35,0.0738,15.36,178.0,12.92,15.427,116.8,0
76.21,0.888,21.4,0.31,3.451,29.51,6317.4,1.74,0.0037,14.79,182.8,9.87,15.169,118.8,0
77.62,0.56,21.59,1.81,3.524,30.06,5965.8,1.84,0.0285,14.06,179.0,12.42,14.707,120.4,0
78.17,0.56,21.38,0.12,3.53,31.17,5979.1,3.44,0.0074,14.15,182.2,12.53,15.092,121.6,0
75.86,1.004,20.75,0.89,3.471,31.59,6145.6,2.89,0.0,14.6,151.7,12.46,15.075,115.9,1
80.15,0.515,21.3,0.73,3.481,28.53,6416.3,1.96,0.1053,15.24,181.7,11.77,15.062,115.2,1
77.38,1.058,20.62,0.08,3.414,29.61,6239.3,1.77,0.0201,15.37,185.6,11.6,15.133,125.5,0
76.35,0.774,22.63,0.46,3.497,29.59,6144.0,2.09,0.0217,14.25,185.1,11.3,14.786,120.5,0
77.86,0.934,21.52,0.59,3.582,30.94,6348.1,1.82,0.1125,15.21,170.9,11.8,15.004,114.4,0
76.98,0.735,22.1,0.34,3.483,27.19,5783.3,3.89,0.0005,15.71,196.6,11.07,15.045,121.6,0
74.58,0.296,22.35,2.27,3.511,26.99,6013.6,7.43,0.1483,15.42,189.9,10.77,15.628,109.0,0
76.44,1.55,22.31,0.13,3.548,32.02,5797.3,2.76,0.0429,15.25,182.6,11.26,14.876,112.4,0
77.76,1.504,22.57,0.44,3.487,32.75,5685.3,0.9,0.0793,15.25,162.9,10.47,15.129,129.3,0
78.67,1.134,21.55,1.41,3.483,30.71,6157.5,3.7,0.019,15.06,176.9,12.2,15.102,120.8,0
79.76,0.594,21.99,0.21,3.529,27.94,6136.2,6.02,0.0772,15.55,179.8,14.1,14.826,117.1,0
78.15,0.316,22.94,3.86,3.483,31.85,6159.5,3.4,0.0019,15.51,163.2,12.87,15.25,122.6,1
80.66,0.099,21.74,0.2,3.491,28.6,5944.6,0.79,0.0292,15.64,176.5,11.72,14.959,110.9,0
75.11,0.802,21.6,0.88,3.47,31.52,5937.8,2.55,0.112,15.51,158.3,11.63,14.752,112.6,0
76.05,1.181,22.17,0.71,3.526,30.8,6110.9,2.79,0.0139,14.69,198.7,11.72,14.858,116.8,0
78.54,0.02,21.65,0.32,3.548,29.44,6055.0,4.07,0.0217,14.51,169.3,12.25,15.094,122.5,1
78.01,1.169,22.23,0.16,3.542,29.11,5780.0,1.33,0.0074,14.84,173.1,11.57,14.635,121.0,0
78.74,1.397,22.71,0.4,3.579,29.93,5836.8,2.81,0.0333,14.49,178.9,11.56,14.894,121.7,0
78.55,1.148,21.23,0.69,3.538,30.27,5801.1,3.27,0.0872,14.21,171.2,12.84,15.118,121.5,1
78.96,0.967,23.15,0.79,3.457,28.6,6038.7,1.81,0.0237,14.75,180.4,11.27,15.126,118.3,0
78.46,1.046,21.71,0.09,3.557,31.01,6062.2,2.78,0.0458,14.7,170.3,11.22,15.268,118.4,0
77.78,1.376,21.99,0.12,3.438,27.49,6336.4,2.41,0.0255,15.04,175.9,10.86,15.034,117.5,1
78.71,0.849,21.65,0.13,3.496,32.63,5839.5,0.72,0.0293,14.7,180.2,11.31,15.043,118.2,0
77.76,1.414,21.74,0.31,3.597,31.13,5787.9,2.29,0.0943,14.9,192.8,12.48,15.153,120.4,0
80.72,1.245,22.55,1.77,3.445,28.44,5737.3,1.11,0.0288,15.53,185.0,12.71,14.811,117.7,1
75.52,2.203,22.12,0.89,3.588,32.95,5835.3,5.74,0.0078,14.43,194.4,13.76,13.974,117.7,0
77.51,1.678,22.6,1.93,3.497,28.24,6110.6,2.51,0.0064,15.31,171.0,13.0,14.954,123.5,0
79.13,1.296,21.51,0.24,3.536,31.66,6213.3,0.19,0.0228,15.33,183.0,11.46,14.949,122.8,0
77.07,0.461,22.07,1.98,3.573,30.16,5996.1,2.56,0.024,15.98,174.2,11.73,14.608,114.5,0
75.16,2.97,21.84,0.65,3.375,30.0,5922.9,6.26,0.1018,13.45,179.5,11.65,14.608,102.2,1
78.37,0.748,20.97,0.03,3.481,29.25,6071.5,3.8,0.0017,14.86,182.5,11.62,14.709,115.4,0
78.05,1.032,23.57,0.9,3.518,26.68,5934.1,2.37,0.0845,14.38,176.2,10.93,15.072,117.6,0
73.34,2.283,22.42,0.48,3.496,26.09,6111.4,1.78,0.1058,15.8,161.4,11.83,15.874,119.9,0
79.27,0.599,22.46,0.86,3.508,32.16,5947.7,0.98,0.0134,14.12,185.0,13.2,14.809,128.4,0
78.95,0.718,23.96,0.05,3.435,33.83,5971.9,1.18,0.0431,15.37,172.7,12.44,15.17,122.9,0
74.35,1.648,21.67,0.61,3.514,32.74,6228.7,3.81,0.0104,15.76,193.4,9.81,15.205,119.0,0
74.5,0.056,22.09,3.09,3.552,30.93,6237.2,0.23,0.0377,15.47,195.4,10.56,13.964,118.7,1
77.81,0.711,22.64,0.57,3.519,30.92,6074.7,1.53,0.0124,15.07,193.1,12.81,14.886,128.5,0
76.89,1.05,21.64,1.66,3.457,33.81,5607.7,2.74,0.037,14.55,161.4,12.76,14.81,117.6,0
77.49,1.129,23.12,0.23,3.455,29.9,6139.7,1.88,0.0497,14.7,175.3,11.45,14.222,123.5,1
75.35,0.551,22.58,0.91,3.485,30.84,6133.3,2.48,0.0262,14.29,185.0,11.7,14.828,117.1,1
79.85,0.158,22.49,0.29,3.531,33.08,6053.2,1.98,0.0983,15.56,200.2,11.7,14.939,119.5,0
77.96,1.34,23.5,0.83,3.494,27.07,6255.8,2.88,0.0136,15.06,190.9,13.44,15.401,115.0,0
78.28,0.336,20.34,1.65,3.495,28.69,5706.7,2.66,0.0285,14.44,180.2,11.37,14.686,125.4,1
76.93,1.286,22.35,0.22,3.598,28.52,6205.4,2.68,0.055,15.08,184.7,12.32,14.815,126.9,0
77.56,0.859,22.79,0.67,3.344,30.58,5845.0,1.96,0.0015,15.22,177.1,12.01,14.896,119.1,1
79.62,0.935,22.91,0.02,3.481,32.12,6217.4,1.8,0.004,15.01,174.7,13.05,15.067,117.8,0
80.77,0.8,22.13,1.54,3.541,30.79,6013.7,3.21,0.0441,14.57,172.3,13.2,15.231,123.3,0
76.19,2.184,21.92,2.27,3.391,28.75,5979.5,2.06,0.0826,15.83,192.4,12.7,14.955,123.2,1
76.4,1.171,21.02,0.03,3.477,30.53,5901.4,3.26,0.0718,16.08,165.8,12.24,15.143,125.4,0
78.47,1.143,21.49,0.89,3.406,31.6,6358.1,1.43,0.018,14.88,192.7,11.43,15.225,116.8,0
81.78,1.651,21.24,0.01,3.517,28.9,5724.2,1.34,0.0166,14.74,165.8,12.01,14.909,113.7,1
77.83,0.514,23.07,0.98,3.589,29.78,5842.3,2.55,0.0369,15.14,173.2,12.2,15.05,121.9,0
77.74,0.681,21.6,0.02,3.569,28.93,5991.4,2.69,0.0014,15.02,173.4,11.55,15.1,118.1,0
78.34,1.318,23.25,1.38,3.556,29.39,5964.8,2.65,0.0031,15.86,185.0,11.61,15.352,118.9,0
78.12,0.868,22.25,1.15,3.508,32.32,6036.1,2.36,0.0381,15.19,199.3,12.0,15.022,125.1,0
77.84,1.692,21.46,0.21,3.368,30.15,6047.5,2.44,0.0384,15.21,180.4,12.13,14.281,114.9,1
79.09,1.857,21.29,1.1,3.473,28.23,6031.5,2.02,0.0339,15.91,187.1,12.43,15.318,114.8,0
78.44,1.513,22.19,0.05,3.48,29.94,5972.7,3.31,0.064,14.69,184.4,12.16,14.982,115.3,0
80.39,0.161,23.07,0.1,3.509,30.15,5895.7,1.62,0.0035,15.33,180.8,11.09,14.967,124.2,0
78.3,1.347,21.96,0.07,3.465,25.58,6034.4,3.32,0.0263,14.49,171.9,12.32,15.45,112.9,0
79.68,1.419,22.36,1.44,3.463,31.93,6159.8,1.79,0.0152,15.09,175.5,13.35,14.727,121.6,0
78.94,0.53,20.41,0.21,3.519,31.61,5792.9,2.19,0.0161,14.38,172.3,12.61,15.15,114.0,0
78.58,0.821,22.53,0.76,3.495,31.39,5748.2,3.5,0.0561,14.25,173.0,11.86,15.137,116.9,0
80.72,0.874,23.65,0.13,3.421,27.93,6183.9,3.73,0.081,15.31,178.4,12.56,15.022,117.0,0
78.3,0.677,22.27,0.34,3.538,33.79,5882.6,2.75,0.0189,14.4,180.1,12.88,15.383,115.8,0
77.56,1.252,22.34,0.07,3.466,29.85,5752.5,1.99,0.0231,15.42,180.7,11.67,14.788,117.3,0
80.46,0.554,23.09,0.22,3.423,29.9,5969.7,2.26,0.0263,14.07,183.9,12.52,15.255,132.9,0
79.01,1.625,21.6,0.02,3.436,28.76,5890.9,2.44,0.0064,15.06,186.5,11.47,14.846,122.8,0
78.27,1.235,21.28,0.23,3.462,31.37,5811.7,4.01,0.0156,15.18,163.5,10.47,14.815,120.0,0
79.43,1.375,21.75,0.02,3.564,34.01,6059.4,2.66,0.0436,14.73,191.1,10.9,14.467,112.6,0
76.67,1.104,20.44,0.8,3.509,29.04,5659.9,3.59,0.0615,15.63,154.4,12.82,15.352,117.6,0
77.32,0.712,23.73,1.38,3.645,27.98,5984.2,3.77,0.0614,14.92,179.1,11.25,14.916,111.1,1
79.57,2.046,22.66,0.1,3.572,31.13,5699.6,1.93,0.0131,15.74,184.0,11.36,14.948,122.7,0
80.0,0.447,23.22,0.74,3.513,31.0,5865.0,2.81,0.0121,14.83,186.0,12.12,15.022,120.0,0
78.31,1.234,22.17,0.98,3.538,29.96,6169.1,3.11,0.0647,15.17,173.1,12.27,14.943,120.2,0
79.45,1.171,21.92,0.56,3.454,29.85,6186.2,3.51,0.0129,15.15,167.6,11.84,15.061,117.5,0
76.15,1.315,21.88,0.61,3.521,26.76,6103.2,3.05,0.0613,14.51,178.9,11.78,15.254,118.3,0
78.61,0.673,22.1,0.59,3.55,31.16,6393.4,3.36,0.0245,16.19,166.8,11.6,14.697,121.7,1
82.8,1.767,22.38,0.36,3.475,31.16,6217.6,2.28,0.1146,14.66,174.0,11.21,14.618,124.5,1
77.67,1.199,22.48,1.3,3.463,29.05,6022.1,3.54,0.0148,14.36,184.5,12.79,14.872,113.5,1
77.71,1.348,21.42,1.73,3.497,30.44,5820.2,2.02,0.0112,14.01,173.8,11.96,14.76,120.4,0
77.43,1.361,22.14,1.09,3.56,33.49,6086.2,2.23,0.0372,14.86,183.7,12.29,14.99,114.0,0
80.14,1.604,21.18,0.52,3.53,31.84,5506.2,2.79,0.0386,14.68,179.4,12.21,14.791,124.4,0
76.92,1.362,21.6,0.0,3.453,29.24,6040.7,3.29,0.0397,14.95,184.2,11.06,14.836,118.6,0
75.98,1.319,22.79,1.39,3.59,29.99,5795.9,4.39,0.0004,15.22,170.9,10.85,14.976,115.4,0
79.2,0.819,22.12,0.84,3.453,30.77,5799.4,0.84,0.0102,15.62,170.7,11.98,14.877,123.1,0
78.68,0.853,22.56,0.09,3.444,29.1,6169.0,2.0,0.0094,15.37,185.9,12.23,14.982,117.7,0
79.03,0.428,21.56,0.18,3.469,31.95,6013.0,1.37,0.0133,15.09,179.4,11.0,14.749,116.8,1
77.79,0.407,23.48,0.99,3.451,29.79,6042.0,3.65,0.0661,15.16,177.3,13.2,15.342,113.9,1
79.11,1.066,21.02,0.02,3.538,30.27,5921.6,1.55,0.0486,15.37,177.1,12.27,15.584,119.0,0
76.69,1.552,22.08,1.04,3.52,29.7,6028.3,1.43,0.0195,14.74,182.8,11.43,14.949,115.2,0
77.03,0.632,21.57,0.29,3.45,29.22,5633.6,2.64,0.0289,14.76,177.1,12.44,14.984,119.2,0
79.73,0.692,22.1,0.33,3.525,31.25,5593.4,2.46,0.0072,15.36,179.5,12.12,15.222,119.0,0
76.78,1.598,21.91,0.69,3.519,28.33,6194.2,3.21,0.0737,16.12,168.5,12.08,15.09,121.8,0
79.99,0.447,22.87,1.85,3.558,29.58,6077.7,3.9,0.0756,15.14,179.7,11.03,14.979,120.4,0
77.75,1.396,22.81,0.21,3.489,30.44,5662.7,1.96,0.0214,14.93,182.7,12.28,15.032,121.2,0
77.82,0.81,20.79,1.62,3.427,32.77,5951.6,2.89,0.0845,14.11,182.3,10.92,15.043,114.5,0
74.15,1.404,23.44,0.59,3.603,29.01,6163.1,2.92,0.123,14.92,196.2,13.08,15.049,121.9,1
79.85,0.907,22.22,0.92,3.547,31.29,5777.4,2.65,0.0661,15.18,196.8,12.42,15.005,120.9,1
79.08,0.656,22.22,0.31,3.481,30.41,5538.3,3.32,0.04,15.02,182.8,12.87,15.092,119.8,0
77.25,1.54,22.18,0.01,3.553,27.98,5902.3,1.06,0.0111,14.48,179.4,12.3,15.297,114.4,0
78.18,0.975,22.84,0.78,3.485,29.94,6180.1,3.36,0.036,15.9,176.4,11.04,14.824,123.0,0
77.94,0.575,21.33,0.98,3.512,30.05,5886.4,3.02,0.033,14.7,193.1,12.82,14.8,120.6,0
78.09,1.562,21.64,0.36,3.485,32.68,6074.7,2.56,0.0001,14.35,175.0,12.65,15.267,120.7,0
77.82,0.755,22.64,0.03,3.528,30.33,6024.6,2.68,0.0937,14.87,177.7,12.62,14.813,118.7,0
77.69,0.89,22.38,0.85,3.486,29.01,5943.6,1.47,0.0684,14.97,176.4,12.58,15.128,119.3,0
75.91,0.331,21.1,0.66,3.421,29.97,6132.3,2.65,0.1145,15.09,190.7,11.91,15.664,124.4,0
77.42,1.205,22.05,0.29,3.455,26.95,6129.8,2.71,0.023,14.74,178.2,12.61,15.329,120.4,0
74.97,1.421,22.62,0.22,3.533,30.53,6116.7,3.16,0.0875,14.56,187.6,11.29,15.025,118.7,0
78.14,0.792,22.04,0.03,3.549,30.98,5960.2,3.02,0.0609,15.51,185.2,12.13,15.036,122.5,0
78.58,2.155,22.52,0.64,3.498,32.53,6142.4,4.57,0.0894,14.2,173.6,11.93,15.179,125.6,0
79.7,0.677,21.71,0.39,3.483,29.61,6197.2,2.43,0.0337,14.27,174.9,12.08,14.884,119.2,0
77.9,1.244,20.74,0.26,3.487,27.62,5771.7,3.79,0.0794,15.37,178.5,10.67,15.535,127.1,0
79.39,0.437,21.49,0.04,3.464,31.8,5989.9,1.69,0.0664,15.01,178.8,10.22,14.704,117.7,0
78.31,0.765,22.46,0.19,3.503,30.76,5744.2,2.14,0.0829,14.55,176.2,12.26,14.766,120.9,0
78.75,0.511,22.71,0.81,3.535,29.94,5957.2,3.27,0.0198,14.84,188.6,12.06,14.86,119.1,0
79.87,0.158,21.52,0.21,3.475,29.84,5609.8,2.78,0.013,15.08,165.3,11.08,14.589,118.4,0
78.95,1.124,21.84,0.32,3.354,27.2,5704.5,3.61,0.0539,15.04,190.0,13.37,15.028,123.4,0
75.26,0.385,21.72,0.39,3.476,27.34,6313.2,0.94,0.0512,14.63,199.8,13.1,15.128,120.4,1
79.81,1.292,22.01,1.02,3.452,32.47,5898.4,3.23,0.0794,14.74,181.6,11.3,15.278,116.4,0
75.82,1.805,21.67,0.18,3.476,31.32,6169.0,3.5,0.0364,14.89,174.9,13.23,14.928,121.2,0
77.21,0.744,21.85,0.25,3.437,27.2,6158.6,3.0,0.0335,15.54,172.8,10.62,15.407,116.2,0
78.1,1.112,22.01,0.42,3.481,28.37,6018.9,2.84,0.0312,15.72,176.5,12.48,15.3,120.7,0
76.47,0.836,22.86,0.39,3.483,31.38,5905.5,3.28,0.0404,15.77,175.5,12.3,14.872,119.7,0
79.29,1.559,21.31,0.45,3.436,32.66,6123.1,2.97,0.0555,15.41,183.6,11.92,14.764,123.1,0
76.98,0.835,23.25,0.01,3.604,29.53,6043.1,3.86,0.0365,14.58,177.0,13.2,14.728,117.5,1
79.85,1.832,21.76,0.81,3.45,29.64,5894.1,1.23,0.0019,15.02,169.9,12.2,14.762,121.5,0
77.22,1.064,21.57,0.67,3.554,31.52,5807.3,2.59,0.0142,15.37,178.6,11.9,14.764,120.7,0
77.19,1.278,21.11,0.41,3.406,28.4,6144.1,1.9,0.0372,14.38,179.8,12.35,15.072,117.9,0
81.92,0.69,21.4,1.15,3.49,33.17,6317.4,2.67,0.0536,14.95,172.5,12.83,15.049,119.0,0
72.22,1.31,22.78,0.99,3.403,28.47,5950.1,2.74,0.0816,14.9,151.0,11.63,14.701,114.5,0
76.64,0.773,21.72,0.17,3.482,30.45,5981.9,2.65,0.0916,15.16,184.7,11.24,15.069,125.7,0
77.14,1.106,21.3,0.47,3.529,32.69,5741.1,2.63,0.0301,15.32,171.3,11.16,14.961,113.4,0
79.57,1.611,21.71,0.14,3.475,30.04,5983.0,3.37,0.083,14.33,193.2,11.61,14.94,120.0,0
78.56,0.351,21.81,0.13,3.396,26.38,6213.8,3.62,0.0182,16.14,179.6,12.7,14.878,125.1,0
78.3,1.06,21.2,0.55,3.555,32.59,6233.1,3.48,0.0074,14.83,178.9,10.55,14.947,119.3,0
79.64,2.135,21.63,1.18,3.581,32.97,6433.2,0.21,0.0785,14.44,188.4,14.56,14.817,110.0,0
78.24,0.669,22.02,0.87,3.555,30.68,5876.4,2.07,0.0321,14.67,176.6,12.09,14.804,120.6,0
75.54,1.117,20.48,0.47,3.428,30.36,6105.1,2.93,0.0366,15.94,162.7,12.46,15.004,122.6,0
77.75,0.66,21.59,0.2,3.432,29.4,5833.4,3.41,0.0229,15.02,180.2,11.74,15.25,120.7,0
75.09,1.33,21.97,0.39,3.454,31.46,5986.6,4.28,0.054,13.77,203.5,11.35,14.8,119.6,0
79.61,0.943,22.2,0.89,3.463,28.47,5921.9,2.6,0.0235,15.13,182.0,11.92,15.182,121.4,1
78.11,0.785,22.16,1.69,3.448,27.79,6266.6,2.68,0.0146,15.16,182.6,11.48,15.205,123.5,1
76.21,0.535,20.67,1.21,3.516,27.25,6230.0,2.54,0.0055,14.04,192.7,12.63,14.626,122.0,1
79.42,1.671,22.84,0.68,3.468,31.24,5930.8,4.07,0.0544,14.63,189.0,11.49,15.239,112.0,0
78.85,0.761,22.37,0.3,3.568,27.39,5890.6,2.67,0.0005,15.91,177.2,12.2,14.868,115.3,1
76.19,0.393,19.78,0.02,3.543,29.91,5989.9,4.41,0.1003,14.64,198.8,11.27,14.705,111.7,0
74.73,0.32,21.75,1.73,3.552,28.99,6023.9,1.9,0.0528,16.3,165.5,11.83,14.982,119.0,1
78.2,0.524,21.94,0.21,3.493,30.31,6106.4,3.31,0.0568,14.52,167.6,12.14,14.992,119.8,0
78.99,0.64,21.25,0.16,3.522,30.41,6280.9,2.21,0.0524,14.54,195.7,11.77,15.34,123.1,0
77.71,0.755,21.15,0.29,3.531,31.56,6160.6,0.72,0.064,13.97,179.8,12.54,14.563,113.7,0
81.94,1.301,22.16,1.4,3.513,29.42,6320.7,2.3,0.0445,15.71,177.9,11.85,14.633,126.0,0
76.38,1.737,20.38,0.35,3.372,31.05,5957.5,3.95,0.0197,15.51,178.8,12.08,15.158,122.7,0
77.66,0.95,21.57,0.25,3.462,31.94,5762.1,2.29,0.0106,15.13,173.8,12.82,14.949,120.6,0
77.82,1.184,23.14,0.61,3.542,29.53,6017.8,2.35,0.1163,15.24,201.7,12.27,15.081,116.2,0
75.67,1.034,21.76,0.68,3.463,31.94,6071.6,3.07,0.0769,15.57,198.1,10.29,15.083,124.3,1
73.7,0.659,20.8,1.1,3.536,26.37,6190.6,3.15,0.0159,16.74,190.9,13.02,14.659,127.5,1
76.08,1.616,20.59,0.66,3.58,28.49,6180.5,1.38,0.0281,15.13,170.9,11.75,14.872,116.0,0
79.59,0.983,22.64,0.57,3.535,28.23,5885.3,1.98,0.0128,14.4,171.8,13.08,15.238,122.2,0
77.27,1.168,22.06,0.12,3.523,29.25,5941.0,2.56,0.0114,14.43,181.5,12.7,15.257,118.6,0
77.16,1.613,21.89,2.98,3.438,27.8,6049.8,1.01,0.0753,15.0,176.9,12.57,15.022,115.1,0
79.73,1.475,20.45,0.18,3.536,30.8,5831.7,2.97,0.0694,16.08,192.7,13.44,14.963,127.8,0
78.26,0.42,21.64,0.07,3.535,30.15,5857.6,2.45,0.0728,15.91,179.0,12.36,15.323,120.9,0
77.64,1.842,21.94,0.11,3.409,29.26,6257.2,3.9,0.0319,14.75,180.9,10.83,14.496,117.5,0
78.54,1.602,21.21,0.42,3.57,31.9,5916.8,3.47,0.0138,14.5,167.2,12.44,14.98,121.1,0
75.94,2.27,21.59,0.9,3.666,28.94,6003.2,3.02,0.2261,14.29,201.9,11.58,15.731,121.9,0
76.42,1.308,22.47,0.14,3.578,27.12,5844.4,1.79,0.1028,14.78,191.9,12.17,14.833,119.9,0
76.99,0.299,22.74,0.34,3.539,31.34,5959.1,1.97,0.0864,14.52,187.3,13.6,15.204,108.5,1
79.94,1.053,22.58,0.09,3.498,29.5,6083.0,2.17,0.0589,14.29,174.2,12.68,15.367,120.9,0
78.24,1.099,21.99,0.19,3.481,30.93,5885.9,1.44,0.003,15.3,170.4,12.13,14.893,120.6,0
78.98,0.536,23.49,0.03,3.514,31.9,5831.5,2.96,0.155,15.16,171.7,12.06,14.92,116.6,0
77.87,0.335,24.01,2.01,3.529,29.78,6574.7,0.9,0.0941,14.36,177.8,10.52,15.008,131.0,0
80.18,1.156,21.66,0.51,3.476,32.95,6145.6,1.25,0.0354,14.93,181.2,11.77,14.931,114.9,0
74.3,1.092,22.45,0.21,3.492,32.37,6109.2,4.8,0.0361,15.21,183.8,11.61,15.183,126.7,0
79.22,1.124,22.34,0.13,3.394,29.88,6558.0,1.42,0.0818,14.3,188.6,12.13,14.653,120.6,1
77.3,0.881,21.54,0.16,3.545,29.66,6221.2,2.04,0.002,14.47,184.6,13.02,14.838,121.0,0
79.23,0.123,22.63,0.97,3.546,28.55,6077.0,1.66,0.0066,15.29,170.0,13.07,14.893,115.1,0
78.18,0.149,21.42,0.88,3.516,26.93,6099.6,2.48,0.0132,14.69,181.6,12.23,15.037,124.1,0
77.57,0.876,21.97,0.68,3.409,29.98,5978.0,1.54,0.1011,15.26,166.1,12.13,14.856,116.6,0
78.42,1.005,22.79,0.18,3.465,31.42,5917.5,2.11,0.0231,15.04,184.1,10.7,14.894,122.2,0
78.57,0.743,22.75,0.23,3.456,30.68,6102.1,0.75,0.0729,14.78,187.9,12.9,14.756,121.9,0
75.3,0.846,22.07,0.34,3.51,32.29,6020.4,3.48,0.0694,15.33,163.4,12.4,14.746,120.2,0
77.79,1.06,21.91,0.51,3.539,28.28,5940.6,2.39,0.0161,14.54,182.3,12.76,14.796,121.5,0
78.62,1.088,23.17,0.85,3.436,30.14,6032.8,2.41,0.0396,15.04,181.6,12.84,15.269,120.2,1
77.3,1.165,20.86,0.46,3.391,28.36,6307.4,1.66,0.023,14.86,191.2,13.35,15.065,118.3,0
76.45,1.818,23.1,0.22,3.429,28.01,6156.5,3.28,0.0598,14.39,183.4,11.63,15.075,116.3,0
76.32,0.985,22.33,0.31,3.496,30.79,5547.2,3.32,0.0349,15.11,175.2,11.21,15.136,121.4,0
77.68,1.74,21.22,0.27,3.508,28.82,5877.1,3.19,0.0101,14.41,181.5,12.29,14.851,126.4,0
77.64,0.675,22.12,0.82,3.512,30.21,5932.9,3.74,0.0335,15.02,169.6,11.92,15.215,122.1,0
77.35,1.584,23.08,1.6,3.432,29.86,5936.4,2.25,0.0003,14.82,171.1,11.57,14.768,119.3,0
76.61,0.606,22.44,1.08,3.439,31.67,5878.1,2.3,0.0091,14.9,186.0,12.72,15.109,117.8,0
78.06,0.263,22.39,0.82,3.523,29.02,5781.8,2.92,0.0079,15.29,175.4,12.5,14.986,117.5,0
81.56,1.045,22.25,1.78,3.566,29.13,5877.9,2.49,0.0141,15.02,182.2,12.29,15.049,117.1,0
78.28,0.657,20.9,2.35,3.372,28.02,5657.0,1.46,0.0196,13.59,160.8,13.27,15.528,119.9,1
78.52,0.141,22.33,0.59,3.552,30.82,5829.5,2.45,0.046,14.14,182.4,10.65,15.305,117.7,0
79.93,0.578,22.13,0.04,3.494,30.92,5918.9,3.56,0.0179,14.4,173.1,12.72,14.925,121.1,0
76.23,0.894,20.68,1.8,3.521,28.79,5899.0,2.49,0.0318,13.82,194.5,12.27,15.151,117.1,0
78.37,1.044,21.89,0.7,3.382,31.55,5733.8,2.95,0.041,14.97,183.3,12.35,15.056,116.1,0
79.29,0.531,21.18,1.63,3.552,31.22,6100.0,2.69,0.051,15.37,184.3,10.8,14.67,128.4,1
76.78,1.23,23.44,1.58,3.51,30.94,6074.5,2.41,0.0173,14.85,165.9,11.16,14.76,116.6,0
80.35,0.507,22.8,0.66,3.495,29.69,6021.8,1.69,0.0432,15.06,181.5,13.32,14.831,122.5,1
79.86,0.981,21.95,0.04,3.42,27.76,6092.8,2.93,0.1161,15.44,164.2,12.02,15.272,116.6,0
77.04,0.433,21.53,0.11,3.501,28.94,5968.3,2.52,0.0117,15.04,172.4,11.86,14.879,120.6,0
78.97,1.35,22.83,0.04,3.501,28.64,6080.1,3.05,0.0105,14.65,174.7,11.52,15.234,123.2,0
78.39,1.456,22.12,0.25,3.565,30.39,6048.8,0.84,0.0235,13.82,171.3,11.72,15.016,128.0,1
75.69,0.123,22.2,0.03,3.465,29.36,5981.7,1.08,0.0244,15.25,168.6,12.51,15.027,126.8,0
79.79,0.285,21.68,0.01,3.461,32.11,6098.6,2.96,0.002,14.78,183.9,12.8,14.954,122.5,0
78.79,1.198,22.66,0.16,3.509,30.49,6279.8,1.73,0.0279,14.92,190.6,11.69,14.922,119.1,0
76.76,0.899,21.52,0.94,3.467,30.37,6099.2,4.24,0.0071,15.35,173.7,13.15,15.49,116.7,0
71.39,1.7,22.31,0.16,3.49,34.44,5828.3,0.99,0.0607,14.38,176.8,13.18,14.546,108.9,1
78.94,0.593,22.85,0.14,3.458,27.63,5926.3,0.02,0.0325,15.59,174.7,12.99,14.752,120.5,0
80.03,1.014,22.82,0.22,3.528,25.92,5980.4,3.16,0.0558,14.51,175.4,10.9,14.9,123.1,0
78.23,0.599,20.78,0.04,3.502,28.54,6107.5,2.68,0.0202,14.79,175.9,11.78,14.866,119.1,0
78.05,1.418,22.94,0.51,3.487,29.32,6031.2,2.47,0.0533,14.45,166.3,11.77,14.821,120.1,0
76.94,1.193,22.65,0.67,3.502,33.2,6227.8,1.57,0.048,14.81,167.6,11.17,14.539,119.9,0
77.05,1.044,21.78,0.39,3.536,29.28,5634.1,2.73,0.0178,15.24,174.4,12.15,15.111,123.0,1
79.87,2.122,22.17,3.73,3.433,32.55,5777.6,2.34,0.0696,14.23,181.1,12.96,14.737,120.9,0
77.36,1.692,21.13,0.54,3.538,28.87,5963.0,1.21,0.0191,14.43,192.8,13.82,15.451,111.2,1
79.01,1.443,20.88,0.09,3.559,26.3,5945.9,2.32,0.0275,14.52,191.2,11.98,14.907,115.2,0
77.0,0.83,20.93,0.98,3.498,30.65,5814.0,3.2,0.0992,15.07,179.4,11.8,15.291,120.1,0
77.26,1.724,22.98,0.41,3.396,30.95,6093.6,2.6,0.0091,15.52,190.7,11.81,15.569,122.9,0
78.49,0.823,21.87,1.0,3.503,28.3,6028.7,2.52,0.036,14.61,177.4,10.6,14.868,114.5,0
78.19,0.638,21.47,1.2,3.512,29.29,6094.0,1.4,0.0391,15.43,201.8,13.09,14.892,124.9,0
77.45,1.706,21.33,1.02,3.505,29.5,5685.5,2.42,0.0023,14.25,182.8,11.58,14.935,117.3,0
76.93,0.98,22.19,0.76,3.528,29.33,6394.4,1.38,0.0497,14.98,183.9,11.51,15.154,114.3,0
78.17,0.493,22.88,0.17,3.469,29.4,5949.3,2.61,0.0064,15.72,174.4,13.35,15.238,119.0,1
78.12,1.221,22.58,0.21,3.526,29.23,5700.6,3.5,0.0305,15.41,192.4,12.06,14.889,117.5,0
79.22,0.09,21.74,0.2,3.537,26.38,5847.8,2.29,0.0029,15.65,162.8,11.62,14.829,127.9,1
75.07,0.984,21.69,0.01,3.488,30.66,6049.3,2.44,0.0048,15.42,182.4,12.93,14.952,126.5,1
78.13,1.615,21.6,1.5,3.47,29.23,6166.6,4.66,0.0101,15.03,174.9,11.86,15.162,116.6,0
76.42,1.509,21.71,0.19,3.473,30.55,5955.2,2.25,0.0249,15.03,181.9,11.74,14.59,115.2,0
80.16,0.305,22.22,0.63,3.495,30.12,5975.2,2.32,0.0029,15.33,172.8,12.64,15.153,120.2,0
76.11,0.782,21.84,0.3,3.597,31.76,6207.6,3.98,0.0573,14.86,172.7,12.14,15.014,115.4,0
76.27,0.803,21.02,0.27,3.461,28.67,6092.1,2.48,0.0133,14.63,188.1,11.5,15.052,116.3,0
77.82,1.349,21.94,0.12,3.416,32.74,6457.9,0.29,0.0275,14.83,175.8,12.38,15.225,116.3,0
78.39,0.892,22.32,0.2,3.47,27.91,5878.6,1.71,0.0273,14.9,192.1,11.16,14.859,116.0,0
79.96,0.766,20.92,0.13,3.5,31.17,5671.9,0.77,0.0183,14.7,192.4,11.52,15.318,116.9,1
78.24,0.699,21.3,1.44,3.485,29.99,5781.5,2.92,0.0698,14.61,173.5,12.53,15.148,119.8,0
79.14,0.763,22.0,0.07,3.48,29.77,6132.4,3.61,0.022,16.04,176.3,11.14,14.871,118.2,1
78.97,0.66,22.27,1.38,3.455,29.88,5892.0,3.36,0.0534,14.57,181.5,12.82,15.019,110.8,0
77.9,1.243,22.99,0.08,3.498,29.21,5573.4,1.24,0.0258,14.5,172.8,12.67,14.963,129.6,0
77.91,0.615,21.91,0.83,3.466,31.98,6067.5,3.8,0.031,15.01,163.6,11.28,15.09,113.1,0
81.16,1.601,21.96,0.87,3.699,29.73,6189.4,1.81,0.0641,15.07,190.2,12.5,15.521,116.6,1
76.16,0.211,22.3,0.94,3.478,30.15,5853.8,1.1,0.0351,14.05,187.7,11.17,15.051,118.0,0
76.16,0.897,21.39,2.43,3.601,30.24,5792.4,4.1,0.0248,15.34,174.1,11.98,15.0,130.9,0
80.42,1.752,21.16,0.34,3.507,29.22,5697.3,2.62,0.0399,15.72,171.0,10.89,14.949,117.6,0
78.63,0.602,22.55,2.36,3.501,27.63,5809.8,3.21,0.0025,14.72,181.1,12.04,14.957,127.1,0
79.85,1.52,20.94,0.62,3.486,28.88,6045.0,3.57,0.0825,14.32,171.6,10.84,15.171,125.8,0
77.82,1.295,22.91,1.11,3.513,28.21,5880.4,1.26,0.0986,16.42,180.4,13.12,15.069,130.2,0
80.2,0.166,22.69,0.07,3.569,32.49,5959.2,2.04,0.0572,16.11,182.1,12.38,14.865,117.2,0
79.92,1.309,19.88,0.14,3.491,30.71,6201.5,2.14,0.0836,14.4,187.4,12.49,15.175,120.8,0
74.39,1.237,21.54,0.91,3.602,29.4,6101.5,2.75,0.0303,15.9,171.7,11.63,15.252,120.0,0
79.19,0.572,22.01,0.35,3.458,31.16,5995.1,1.74,0.0222,14.95,184.1,11.53,15.318,123.8,0
77.42,0.464,22.83,0.43,3.476,30.88,6258.6,1.36,0.0328,14.52,186.1,11.93,14.91,121.4,0
73.7,1.511,22.92,1.0,3.508,31.09,6069.7,1.86,0.0841,15.23,184.4,12.25,15.758,116.6,0
79.79,1.283,21.36,0.12,3.519,29.92,5893.0,2.71,0.0018,15.89,177.6,12.77,14.601,119.6,0
78.59,1.014,21.64,0.08,3.488,28.77,5695.0,2.56,0.0442,15.47,185.9,12.42,15.223,119.5,0
78.09,0.598,22.49,0.27,3.451,28.63,6016.6,2.16,0.041,14.5,182.7,13.42,15.261,120.0,0
78.76,0.297,22.27,0.77,3.593,28.69,6093.0,4.01,0.0418,15.12,178.5,11.73,14.872,118.2,0
77.39,0.586,21.67,1.31,3.561,32.15,5907.1,2.25,0.0909,14.64,178.1,13.4,14.401,127.3,0
77.92,1.56,21.56,0.06,3.502,29.82,5950.5,4.06,0.0196,14.73,178.0,11.38,14.948,116.4,0
79.88,0.786,21.14,1.86,3.525,27.87,6072.5,1.87,0.0357,14.98,179.7,12.78,15.112,120.8,0
79.52,1.65,22.52,0.23,3.493,27.59,6388.1,1.49,0.0144,14.77,201.8,10.8,15.157,128.3,0
77.56,1.156,20.74,0.52,3.544,28.72,6095.3,3.05,0.0021,15.68,189.7,11.66,15.368,123.8,1
78.82,0.938,21.34,0.71,3.479,32.14,5934.4,3.66,0.0345,15.36,177.1,11.32,15.409,120.4,0
78.52,0.844,21.19,0.75,3.529,29.48,5908.0,2.54,0.0043,14.49,183.8,12.14,14.749,122.4,0
77.37,1.302,21.39,1.17,3.496,32.01,6046.3,2.19,0.0077,14.7,175.2,12.37,15.284,126.2,0
78.9,0.899,21.62,0.26,3.494,29.31,6026.4,1.92,0.0161,14.87,181.8,12.48,15.064,120.6,0
77.27,0.92,21.39,0.29,3.465,29.74,6090.1,1.74,0.0565,15.54,181.1,12.77,15.242,122.0,0
77.61,0.116,22.1,0.19,3.452,29.67,6168.5,3.72,0.1178,15.14,198.6,11.97,15.165,115.0,0
74.7,0.524,22.53,0.51,3.626,26.87,5950.3,2.13,0.0178,15.23,159.3,13.06,15.285,121.9,1
82.01,0.753,21.99,0.28,3.515,29.41,6183.2,0.27,0.058,14.63,183.4,12.78,14.932,119.2,0
76.9,0.069,21.84,0.38,3.467,31.23,5808.4,1.79,0.0147,15.14,187.5,12.27,14.927,119.8,0
79.87,2.028,22.81,0.06,3.529,30.7,5864.8,2.49,0.0082,15.48,189.7,12.59,15.105,121.0,0
76.24,1.024,21.74,0.51,3.425,28.98,5907.4,3.72,0.0173,14.97,180.2,12.0,15.087,124.6,1
79.94,1.625,20.76,1.18,3.506,30.86,5908.8,3.81,0.0173,14.91,164.6,11.32,14.936,117.8,0
76.37,0.951,22.26,0.39,3.462,28.76,5852.4,1.83,0.0012,13.92,183.0,11.86,15.223,128.6,0
77.15,1.539,22.63,0.5,3.509,30.48,6003.4,1.72,0.0304,14.81,174.8,12.03,14.777,125.3,0
77.33,0.798,21.48,0.05,3.428,28.18,5933.9,1.6,0.0199,14.73,180.3,12.85,14.811,123.7,1
78.08,1.57,22.73,1.8,3.746,28.8,6319.4,1.24,0.0029,14.24,162.3,11.08,15.676,123.3,0
80.61,2.032,20.97,0.3,3.464,31.81,6212.1,2.74,0.017,15.51,180.1,13.25,15.21,117.5,1
77.53,1.335,21.77,0.15,3.518,29.41,5817.8,1.53,0.0302,14.92,177.0,12.72,14.937,116.9,0
80.53,1.218,23.34,0.03,3.564,30.07,6095.0,1.02,0.0112,14.9,175.2,11.7,14.914,108.9,0
78.09,1.499,22.81,0.22,3.46,26.43,5943.0,4.24,0.0111,13.79,182.6,11.16,14.573,116.2,0
77.04,0.602,22.61,1.51,3.454,32.41,6037.3,1.64,0.0146,15.69,158.4,13.52,14.642,120.0,0
81.14,2.424,22.01,0.52,3.54,32.35,6082.5,2.34,0.02,15.08,160.0,11.45,14.362,125.7,0
78.46,1.497,23.55,1.27,3.397,32.57,6036.4,2.1,0.0952,15.89,182.4,13.04,15.119,133.9,0
80.08,1.456,22.99,1.24,3.494,29.62,6054.3,1.08,0.0071,14.51,189.9,11.37,15.03,114.4,0
78.57,0.708,22.25,0.76,3.614,29.41,6025.3,1.62,0.0091,14.39,161.0,10.62,15.14,119.0,0
75.3,0.437,23.32,0.55,3.509,26.99,6068.9,3.2,0.0212,15.18,179.7,12.29,14.506,126.6,1
77.25,0.02,22.03,0.97,3.467,30.28,5791.8,2.17,0.1055,14.74,166.7,12.1,15.551,120.7,1
78.39,0.473,22.85,0.07,3.465,32.0,5933.5,3.62,0.0611,14.8,177.3,12.46,14.794,122.7,0
79.02,0.995,21.92,1.06,3.506,31.95,5951.2,1.98,0.0457,14.84,182.0,12.43,14.792,127.3,0
76.04,1.226,21.23,0.55,3.455,30.37,6167.1,2.56,0.0147,15.02,171.6,13.11,14.932,118.6,1
77.85,0.763,22.68,0.15,3.485,29.01,6037.5,2.58,0.069,14.79,184.5,12.34,15.065,120.3,0
77.79,0.987,21.53,0.02,3.485,31.13,6156.6,4.43,0.0991,14.9,181.0,10.8,14.908,126.2,0
77.23,0.699,22.55,0.19,3.483,30.03,5863.0,2.92,0.009,14.58,174.1,12.36,15.486,121.5,0
79.01,0.303,21.85,0.62,3.535,30.78,5848.1,2.37,0.0158,15.83,179.2,12.31,14.793,123.4,1
78.94,1.169,21.7,0.16,3.506,29.92,6440.0,1.63,0.0498,15.72,178.6,10.75,14.914,128.2,0
76.66,1.735,22.34,0.12,3.666,30.17,6243.0,2.84,0.0553,15.34,193.7,11.73,14.678,116.5,0
78.25,1.05,23.07,0.93,3.489,31.13,5999.3,2.39,0.0189,15.22,186.5,12.6,14.867,123.2,0
81.13,1.14,21.7,0.49,3.555,32.36,6155.5,4.77,0.0275,15.14,180.7,12.84,14.748,125.7,1
76.28,1.267,22.63,1.42,3.479,29.83,5921.2,4.18,0.0623,15.38,187.6,13.4,14.582,117.7,0
79.65,1.28,22.14,0.06,3.477,29.48,5962.5,3.12,0.0353,15.52,193.8,11.97,14.978,117.8,0
77.08,0.591,21.51,0.45,3.523,26.6,5806.5,3.82,0.0044,14.83,185.7,12.11,14.562,119.8,0
76.9,0.836,20.64,0.54,3.503,29.19,6311.1,2.36,0.0307,15.06,183.3,12.12,14.682,118.6,0
77.3,1.427,21.38,0.19,3.443,30.19,6075.9,1.82,0.0298,14.89,173.6,11.48,15.037,116.0,0
76.57,0.912,21.78,2.08,3.499,30.01,5905.6,4.26,0.0848,15.54,181.0,11.96,15.407,119.2,1
78.18,1.016,22.04,0.88,3.522,29.58,5894.1,3.47,0.0029,15.16,180.4,12.13,15.219,127.3,0
77.83,1.675,23.11,0.92,3.439,28.21,6059.0,3.27,0.0517,14.97,176.1,11.74,15.026,117.6,0
79.27,0.958,22.26,0.01,3.463,29.12,5775.2,3.39,0.007,15.43,181.8,11.01,14.743,117.1,1
75.89,1.864,22.2,1.13,3.571,29.16,5807.7,2.31,0.0325,15.23,181.7,13.06,14.936,117.1,0
78.92,0.47,22.43,0.1,3.455,31.23,6105.4,3.28,0.0058,15.67,175.5,11.72,14.997,128.1,0
77.48,1.733,23.83,0.5,3.562,29.61,5979.5,1.7,0.0174,15.25,177.2,13.7,14.837,117.7,0
77.65,1.099,21.28,0.36,3.529,32.3,6062.7,1.89,0.1322,15.48,194.0,12.31,15.035,120.2,0
77.58,1.44,22.65,0.44,3.483,30.07,5760.5,1.78,0.0433,14.65,173.8,11.45,15.197,117.2,0
76.69,1.616,21.35,0.58,3.438,31.24,6139.5,2.51,0.0457,14.1,175.2,12.13,15.136,120.3,0
78.47,0.027,22.6,1.61,3.515,29.86,5423.8,0.86,0.0567,14.74,186.2,14.04,14.992,127.2,0
77.22,0.431,22.18,0.12,3.498,31.37,6064.6,1.94,0.0483,14.84,184.2,11.39,14.902,120.9,0
75.48,0.814,23.3,0.41,3.539,33.91,5847.0,1.55,0.1343,15.62,166.5,11.84,15.104,130.0,0
77.03,0.752,20.85,0.18,3.519,29.03,5557.2,2.09,0.0203,15.23,185.0,12.69,15.19,113.6,0
78.07,1.283,21.41,0.95,3.588,31.47,5716.0,3.36,0.1195,15.49,206.1,10.76,14.716,113.5,0
79.66,0.88,20.42,0.54,3.666,31.83,5753.3,2.96,0.0101,14.21,185.3,11.84,14.659,124.3,1
75.98,0.484,22.33,0.12,3.481,29.75,5747.0,2.31,0.0021,14.95,176.7,12.07,15.228,116.2,1
80.19,0.904,22.98,0.1,3.439,32.97,5880.5,4.82,0.133,14.55,167.7,12.93,14.635,123.6,0
80.24,1.302,21.22,0.03,3.45,28.5,5730.9,3.12,0.021,14.62,186.4,11.22,14.776,120.3,0
82.02,1.718,22.84,0.94,3.5,29.49,5907.8,1.38,0.0062,14.7,166.9,11.78,14.903,119.1,0
80.4,1.044,21.97,0.05,3.443,30.21,6130.1,2.52,0.0197,14.97,176.2,12.08,15.239,125.7,1
74.24,0.625,21.32,2.54,3.421,30.29,6154.5,3.45,0.0109,14.63,175.4,12.99,14.958,113.6,0
78.1,1.982,23.58,1.23,3.5,31.93,6002.5,2.03,0.0102,15.62,176.6,11.99,15.4,114.9,0
79.3,0.979,22.62,1.41,3.492,28.63,5998.1,4.69,0.0461,15.29,158.1,12.33,14.958,123.1,0
79.35,1.09,21.92,0.31,3.462,27.76,6220.7,2.24,0.012,15.36,175.1,11.63,14.841,117.3,0
75.83,1.984,21.42,0.52,3.559,28.35,5991.5,3.83,0.0268,15.3,184.5,11.71,14.432,117.3,1
78.57,0.881,22.34,0.51,3.475,29.62,6113.4,3.73,0.0669,15.54,179.7,12.58,14.95,120.7,1
77.88,0.56,21.61,0.01,3.392,28.98,5943.5,2.55,0.0757,15.31,186.9,12.52,15.059,119.2,0
75.38,1.874,21.94,0.22,3.534,30.96,6021.5,2.18,0.0221,15.21,181.3,11.27,14.87,129.8,1
79.09,0.858,20.76,0.11,3.53,28.55,5918.2,3.39,0.0555,15.08,179.3,11.52,15.014,129.3,1
76.99,0.849,21.47,0.49,3.544,29.96,5650.7,3.56,0.0412,15.23,187.1,12.8,15.088,117.1,0
80.8,0.298,22.83,1.05,3.522,30.11,6130.3,2.82,0.0307,15.09,176.1,11.46,14.981,118.2,0
78.59,0.547,22.92,0.06,3.545,28.81,6310.1,2.59,0.0303,14.65,191.1,12.79,14.876,120.2,0
75.72,1.272,21.8,0.29,3.485,30.69,6288.6,3.55,0.0316,14.47,182.1,11.79,15.03,125.1,0
78.52,0.11,22.12,0.19,3.455,28.98,6239.4,5.49,0.0197,14.71,183.9,12.08,15.102,118.9,1
79.51,1.349,22.44,1.56,3.533,29.73,6318.0,2.09,0.0758,14.88,176.5,11.79,15.153,114.2,1
79.24,0.516,22.89,0.07,3.467,31.01,6269.1,4.85,0.0211,14.22,204.7,14.27,14.829,113.7,0
76.94,1.229,21.53,0.54,3.49,33.96,5950.0,2.82,0.0332,15.59,174.6,12.01,15.242,115.2,0
78.91,0.319,21.49,0.65,3.51,32.99,5883.8,2.3,0.1105,14.68,179.2,12.61,15.076,119.2,0
76.54,1.287,22.06,0.91,3.552,28.83,5867.5,3.26,0.0291,15.35,193.0,11.92,14.793,118.5,0
77.78,0.012,22.13,0.15,3.486,30.53,6354.4,3.97,0.0604,13.97,198.6,12.1,14.792,117.0,0
77.54,0.347,21.92,0.02,3.351,30.28,6197.7,2.32,0.0751,14.97,177.3,12.71,14.918,117.4,0
79.42,1.139,22.39,0.1,3.495,28.88,5916.6,3.16,0.0358,15.16,181.9,12.51,14.823,119.9,0
79.48,0.66,21.89,0.02,3.517,29.37,6300.3,1.53,0.0036,14.27,170.8,13.02,14.826,123.0,0
79.29,1.05,21.77,0.74,3.474,32.98,6008.4,1.84,0.0392,15.08,180.2,12.03,15.234,114.8,0
78.46,0.701,22.15,0.48,3.471,29.88,6040.4,3.5,0.0223,13.83,166.6,12.26,14.897,125.8,0
74.37,1.527,22.75,0.78,3.629,30.64,5837.0,2.73,0.0698,15.03,168.6,10.89,15.116,110.8,1
79.02,1.065,22.34,1.3,3.509,29.41,6013.3,2.01,0.0288,14.8,164.2,10.39,14.986,122.6,1
80.8,1.095,22.77,0.04,3.553,30.85,5885.7,2.75,0.1004,14.95,189.1,12.0,15.303,118.1,0
77.93,0.304,21.29,0.22,3.592,28.44,5947.5,5.38,0.0601,14.94,189.1,11.84,14.498,120.7,1
79.72,0.647,22.15,0.02,3.503,31.03,5893.7,2.1,0.0246,15.52,184.5,11.41,15.055,117.3,0
79.78,0.964,22.09,0.22,3.485,30.41,6201.3,1.63,0.0402,15.07,174.9,12.12,14.982,126.8,0
76.87,0.807,22.61,1.1,3.549,29.01,6158.8,2.42,0.1123,14.8,185.0,11.44,14.912,127.4,0
78.22,0.317,20.92,0.29,3.52,30.49,6156.2,2.24,0.0498,15.01,191.0,12.63,15.018,119.1,0
77.52,0.476,22.56,0.29,3.486,28.08,6122.0,3.8,0.16,14.88,188.8,12.32,15.034,130.2,0
77.37,1.826,21.57,0.23,3.548,26.53,6010.8,0.6,0.0916,15.88,173.1,11.36,14.988,118.9,1
75.39,1.002,21.77,0.34,3.47,29.54,5930.3,0.85,0.1233,14.33,166.8,12.47,15.106,120.7,0
79.54,0.851,21.16,0.5,3.463,30.86,5733.1,4.11,0.0197,15.7,173.9,11.34,14.98,119.2,0
77.52,0.883,21.91,0.61,3.424,31.13,6166.9,2.33,0.0693,15.07,188.0,11.52,15.382,121.2,0
76.32,0.131,23.62,1.01,3.397,34.54,5795.5,3.04,0.0322,14.68,197.1,11.45,15.351,101.4,0
79.72,0.014,21.22,0.69,3.532,32.16,5822.0,3.54,0.022,15.06,171.1,11.73,15.215,128.1,1
78.11,2.14,21.84,0.11,3.458,32.09,6334.2,1.63,0.0046,14.99,181.6,12.6,14.894,124.5,0
77.37,0.837,22.58,1.07,3.491,28.65,5994.1,1.58,0.019,15.21,189.8,11.05,14.747,119.4,0
80.26,0.375,20.49,1.11,3.455,30.61,6224.2,2.98,0.0832,13.51,180.1,12.48,14.77,125.0,0
79.8,0.237,21.5,2.03,3.502,27.02,6164.7,2.14,0.1343,15.48,168.5,11.16,15.171,115.9,0
78.06,0.509,23.28,1.44,3.556,32.11,6071.4,3.69,0.0027,15.09,171.2,11.64,15.03,119.8,0
74.46,2.443,20.42,2.03,3.365,33.01,6211.2,7.19,0.0727,14.87,160.3,13.03,14.303,98.1,1
80.73,0.761,22.44,1.19,3.472,31.84,6036.8,1.0,0.1596,13.89,168.2,12.29,14.696,118.9,1
78.73,1.879,21.49,0.4,3.43,29.51,5872.3,2.33,0.0079,15.81,168.4,13.25,14.123,124.6,1
78.74,1.369,22.65,0.58,3.476,32.16,5749.5,2.73,0.1037,14.71,179.6,11.2,15.1,119.6,0
76.04,1.024,21.21,0.32,3.47,30.96,6131.1,4.21,0.0087,14.62,169.5,12.66,15.287,120.8,0
76.9,1.55,21.54,0.06,3.437,28.94,6097.8,2.0,0.003,14.79,196.5,11.23,14.952,126.3,0
79.21,0.144,22.36,0.54,3.507,28.25,5809.1,4.06,0.0625,15.27,185.9,12.19,15.216,124.5,1
78.46,0.698,22.7,0.45,3.572,31.96,5895.7,2.09,0.005,15.32,179.1,13.25,15.205,121.6,0
77.22,0.606,21.19,0.5,3.491,31.48,5842.7,1.04,0.0113,14.04,181.8,13.0,15.19,116.5,0
78.2,1.018,21.51,0.26,3.473,29.19,6228.5,2.8,0.0574,14.76,201.8,11.69,15.305,124.9,0
80.57,1.0,22.58,0.14,3.603,30.67,6343.3,1.3,0.032,14.74,185.7,11.4,15.378,116.6,0
78.25,1.181,22.54,3.28,3.419,33.12,5967.1,2.04,0.0005,15.1,179.4,11.87,15.146,119.2,0
78.73,0.269,21.11,0.08,3.554,30.1,6207.4,2.73,0.0557,14.27,167.1,11.53,14.934,120.5,0
79.01,1.498,24.22,1.19,3.471,30.79,6060.5,1.86,0.1726,15.5,187.1,12.54,15.12,113.6,0
78.02,2.271,22.42,0.28,3.516,30.61,6036.3,1.72,0.0542,14.68,174.1,12.86,15.29,118.9,0
78.22,0.954,23.08,0.27,3.498,26.18,6042.3,1.7,0.0257,15.14,186.8,12.37,15.128,125.9,0
79.11,0.908,21.52,0.06,3.451,31.45,6164.7,1.29,0.0113,14.4,193.7,11.7,14.955,121.6,1
75.9,1.1,21.6,0.07,3.554,31.97,6270.6,5.39,0.0654,15.07,207.9,11.85,14.419,112.6,0
77.83,1.382,21.66,0.41,3.43,31.74,5634.9,1.04,0.0668,13.44,172.6,12.7,15.147,126.5,1
80.73,1.559,20.72,0.68,3.571,30.72,5694.0,0.16,0.0581,14.97,182.7,13.51,14.261,116.1,0
77.42,1.39,22.22,0.14,3.426,31.5,5848.0,3.16,0.0754,15.49,173.2,12.07,14.851,120.4,0
78.17,0.396,21.43,0.18,3.496,29.94,5833.9,1.39,0.0765,15.87,188.6,12.82,15.203,122.1,0
77.5,0.382,22.29,0.1,3.426,28.52,6150.6,4.5,0.0618,14.64,182.8,11.48,15.31,120.8,1
78.76,1.064,22.11,0.35,3.474,30.88,5872.3,3.98,0.043,15.29,192.0,12.73,15.216,116.4,0
78.99,1.032,23.68,0.63,3.469,27.12,6147.6,3.9,0.0598,15.86,185.2,12.63,14.786,124.4,0
76.72,0.73,21.25,0.22,3.406,28.51,5760.4,3.57,0.0785,14.37,194.0,10.49,15.08,124.0,0
77.85,1.043,21.81,0.19,3.537,29.88,5732.8,2.01,0.084,14.73,181.2,12.5,14.656,117.7,0
77.0,0.687,21.11,0.82,3.497,30.15,6308.2,2.7,0.004,15.1,193.0,11.64,14.683,120.6,0
78.64,1.573,21.88,0.08,3.588,29.81,6066.7,4.4,0.0162,14.19,175.1,12.44,15.274,112.9,1
80.91,1.424,21.97,0.06,3.446,31.84,5886.5,2.47,0.0015,15.25,175.5,12.2,14.803,115.6,1
79.25,0.857,23.26,0.18,3.455,29.89,6103.8,1.92,0.0041,15.34,176.7,11.4,15.186,114.9,0
78.53,0.125,22.05,0.55,3.409,31.23,6359.0,3.05,0.0244,15.92,169.5,10.38,15.0,126.1,0
77.55,1.443,24.0,0.83,3.483,29.78,6234.4,3.09,0.0163,14.41,172.6,11.83,14.626,123.6,0
77.46,0.117,22.52,1.35,3.375,32.92,5864.8,2.86,0.0545,13.03,177.3,11.74,15.259,111.3,1
79.37,0.95,22.87,2.07,3.477,33.0,5939.8,2.64,0.0068,14.13,190.3,10.64,15.144,116.0,0
77.79,0.829,21.17,0.68,3.465,27.68,6116.9,3.67,0.0178,14.85,176.1,12.28,15.108,118.5,0
80.99,0.06,24.32,0.43,3.57,35.57,6059.3,1.64,0.1302,13.36,147.3,12.08,14.999,112.3,1
79.21,0.327,21.76,0.05,3.477,30.95,5790.0,3.03,0.0368,14.15,193.3,11.62,14.7,120.4,0
79.21,1.382,22.71,0.39,3.538,30.81,5999.8,3.3,0.0306,15.15,159.0,11.68,14.922,122.7,0
76.71,1.514,22.94,0.13,3.571,28.63,5911.0,3.94,0.0805,15.29,201.7,12.9,15.102,127.1,0
77.16,0.722,22.2,0.38,3.482,31.58,6255.1,0.83,0.0293,15.09,183.5,12.97,14.97,122.9,1
76.8,0.045,21.66,0.31,3.455,32.41,6049.8,3.04,0.0317,15.75,187.5,12.37,14.96,129.7,0
79.41,0.511,21.05,0.03,3.448,30.47,5888.0,2.58,0.065,16.27,190.0,12.18,15.743,117.1,1
80.94,1.311,20.37,0.17,3.481,33.61,6157.7,1.73,0.0662,15.18,174.3,11.96,15.202,115.4,0
78.12,1.479,22.02,0.79,3.508,30.7,6333.7,3.77,0.0392,14.94,177.8,10.17,15.25,123.9,0
80.22,0.867,22.09,2.55,3.373,28.12,6126.5,2.75,0.0804,15.0,173.3,12.88,15.155,120.2,0
79.41,0.321,21.69,0.49,3.516,31.08,6030.1,3.49,0.0162,14.53,169.8,11.81,15.084,116.6,0
77.01,1.597,22.31,0.06,3.46,31.07,6061.0,2.82,0.0061,14.83,188.0,12.58,14.841,120.3,0
76.37,1.012,21.66,0.96,3.601,31.82,5793.8,3.11,0.0195,15.16,159.9,11.14,14.651,125.7,0
80.55,1.011,21.97,1.0,3.47,32.74,6109.7,1.92,0.0066,14.95,168.2,12.72,14.593,124.4,0
78.81,1.274,21.8,0.54,3.469,30.89,6151.5,2.11,0.0068,14.9,182.5,11.76,14.843,123.1,0
75.83,1.272,22.28,0.35,3.557,30.81,6007.5,2.62,0.0346,14.67,188.7,11.81,15.097,121.3,0
78.84,1.517,21.39,0.3,3.51,30.78,6133.8,2.87,0.0108,15.31,189.6,11.96,14.93,116.2,0
77.7,1.635,21.11,0.72,3.508,30.31,6126.8,1.69,0.0277,14.95,173.5,11.95,14.793,114.4,0
78.13,1.413,20.75,1.12,3.456,33.08,5719.3,2.76,0.0029,15.26,168.3,12.02,14.843,117.0,0
77.39,0.147,22.11,1.54,3.58,32.59,6096.6,1.39,0.0952,13.7,183.1,12.44,14.824,125.0,0
79.98,0.774,22.22,0.01,3.455,32.01,5913.7,4.03,0.0313,15.33,181.6,10.26,14.791,113.5,0
77.93,1.416,21.4,1.36,3.488,28.71,6151.5,2.57,0.0134,15.12,197.4,12.24,14.783,120.8,0
79.46,1.695,22.75,0.92,3.601,30.9,6024.7,1.68,0.0253,15.11,181.0,12.55,15.618,120.3,0
79.65,0.665,23.26,0.13,3.439,30.22,6106.3,2.7,0.039,14.86,177.0,11.7,14.738,117.4,1
80.36,1.064,21.98,0.52,3.478,30.72,6188.1,3.15,0.0257,14.75,184.9,11.53,15.056,123.9,0
78.06,0.145,21.41,0.21,3.456,29.0,6178.4,3.46,0.0356,15.16,178.2,11.98,14.788,121.2,0
77.73,1.062,22.51,0.72,3.498,31.47,6429.8,0.09,0.0214,15.3,189.5,12.53,15.078,122.1,0
79.26,1.217,22.36,0.83,3.555,29.4,5905.9,3.46,0.0962,14.39,186.1,12.01,15.077,120.7,1
80.43,1.176,21.96,1.19,3.43,34.73,5983.5,0.77,0.0136,14.89,169.0,12.95,15.083,127.7,0
79.08,0.49,21.15,0.52,3.558,29.51,5807.0,3.35,0.013,14.85,178.2,12.84,15.007,117.2,0
78.34,2.045,18.8,0.34,3.664,29.73,6172.2,1.44,0.0236,13.87,197.7,13.11,14.761,122.2,0
79.67,1.284,23.38,0.3,3.511,31.06,5846.2,3.68,0.0649,14.51,171.9,11.54,14.879,130.9,1
77.31,0.11,21.05,0.3,3.547,33.09,5966.9,1.82,0.0017,15.19,183.7,11.36,15.518,123.3,0
75.81,1.209,22.11,0.4,3.383,28.61,6093.6,3.06,0.0048,15.23,182.1,12.7,14.51,120.0,1
78.26,0.234,20.84,1.06,3.515,34.51,6051.7,0.75,0.1536,15.55,198.4,9.39,15.026,128.3,0
76.16,1.231,21.47,0.13,3.493,29.84,6084.4,1.66,0.0185,14.15,176.3,12.28,15.244,121.6,0
78.28,1.081,22.11,0.09,3.548,29.2,6151.0,2.17,0.0223,15.83,173.5,11.32,15.26,116.9,0
75.67,1.21,22.05,0.5,3.535,30.0,5948.5,0.56,0.075,15.32,180.9,11.41,14.805,113.9,0
79.53,0.853,21.67,0.16,3.48,31.0,6141.5,2.56,0.0577,15.53,176.9,10.93,14.823,120.2,1
76.34,2.005,22.83,0.17,3.449,28.53,6326.2,3.1,0.0016,14.35,174.9,12.14,15.104,128.0,0
77.12,0.81,22.58,4.41,3.552,29.68,5714.3,3.35,0.0709,15.56,161.2,12.1,15.064,124.7,1
80.12,0.761,21.51,0.65,3.645,29.39,6193.2,3.28,0.0242,15.07,183.6,10.53,15.029,129.7,1
78.12,1.407,21.72,0.58,3.477,31.86,5982.8,3.79,0.042,15.65,161.3,12.91,15.714,123.5,1
78.66,1.069,22.82,0.21,3.442,32.06,5981.1,1.85,0.0166,15.54,172.6,12.17,14.527,121.7,0
77.81,0.577,23.92,0.03,3.467,30.33,6042.3,1.86,0.0377,14.39,172.2,12.74,15.291,123.5,0
79.68,0.606,22.35,0.91,3.504,29.94,6125.1,3.51,0.0465,14.81,182.8,11.76,15.143,119.0,0
79.69,1.068,22.33,1.57,3.537,28.76,5936.5,2.55,0.0328,14.86,179.7,12.25,15.172,118.3,0
77.37,0.957,22.89,0.01,3.516,33.1,6145.1,2.85,0.0199,15.2,172.3,12.08,14.832,125.2,1
76.17,0.35,21.74,1.25,3.51,28.91,5832.9,2.15,0.0148,14.8,190.8,11.99,14.994,119.9,0
80.92,0.593,21.63,1.15,3.485,30.46,6161.7,2.93,0.0041,14.31,169.0,11.81,14.876,124.3,0
76.47,0.011,23.05,0.02,3.471,28.2,5873.6,2.84,0.0264,15.66,177.9,12.96,15.235,120.4,0
77.52,0.654,22.51,0.05,3.492,29.87,5872.6,2.31,0.0176,15.22,185.2,11.85,15.248,121.1,0
77.6,1.561,22.75,0.67,3.509,31.18,5834.4,0.92,0.0119,15.11,170.3,11.7,14.85,117.8,1
76.38,0.812,23.14,0.48,3.475,30.58,5933.5,1.15,0.0314,14.48,158.2,11.56,15.39,105.2,0
76.26,0.696,21.86,0.03,3.472,30.27,6082.0,2.72,0.001,15.3,183.9,13.01,15.127,115.9,0
76.85,0.657,22.18,0.33,3.417,29.68,5960.1,2.7,0.0651,15.03,174.9,11.26,15.141,117.5,0
77.67,1.181,22.13,0.51,3.454,30.84,5832.6,2.5,0.0291,14.05,174.3,12.08,15.521,125.0,0
78.86,0.689,20.83,2.28,3.401,29.47,5833.6,2.27,0.0533,14.27,173.6,11.49,14.931,132.8,0
77.56,0.986,23.09,1.18,3.537,31.58,5900.3,1.62,0.0303,15.55,167.0,11.96,14.836,119.4,0
77.4,1.232,22.13,0.95,3.558,31.5,6227.3,4.54,0.0186,14.8,181.5,12.27,14.847,123.9,0
77.42,0.019,21.64,0.15,3.567,28.93,6059.5,1.41,0.0698,13.97,163.8,12.67,15.08,121.4,0
78.25,1.209,23.34,0.23,3.516,31.51,5843.8,2.95,0.0278,15.63,181.2,12.95,15.053,116.7,0
78.66,0.701,23.58,0.75,3.431,29.38,5807.1,4.51,0.0143,14.49,184.1,9.17,15.453,122.4,0
78.78,0.083,21.8,0.23,3.441,30.11,5954.5,2.67,0.0541,14.09,170.4,10.47,15.44,112.5,1
78.61,0.642,21.62,1.34,3.47,29.09,6086.1,2.69,0.0114,15.2,179.1,12.35,14.597,117.9,0
77.05,1.422,22.55,1.75,3.578,31.92,5964.5,3.21,0.0094,15.14,170.5,11.94,15.039,122.6,1
79.18,1.661,21.98,0.52,3.452,27.9,6209.2,1.52,0.0792,14.49,182.2,11.07,15.446,129.3,0
76.48,1.78,21.67,1.28,3.488,27.65,6097.5,2.69,0.1291,14.89,168.0,14.61,14.797,132.1,0
79.81,0.723,21.42,0.16,3.422,29.1,6129.8,3.54,0.0815,15.44,186.8,12.35,14.8,110.1,1
77.45,1.604,21.53,1.7,3.53,35.56,5786.6,3.62,0.056,14.99,174.9,11.69,15.249,115.5,0
76.03,0.601,22.05,1.2,3.479,30.86,5549.6,3.65,0.04,14.33,179.8,14.05,15.194,124.3,0
79.23,1.153,21.32,0.0,3.531,29.9,6048.0,3.56,0.0209,14.8,176.8,11.38,14.975,123.2,1
76.22,1.262,22.32,0.5,3.514,30.3,5902.7,1.15,0.1027,15.24,168.9,12.4,14.974,131.3,0
78.02,0.554,20.82,1.22,3.473,30.47,6133.3,2.15,0.0457,14.49,175.9,11.2,14.682,120.4,0
78.66,0.335,22.23,0.44,3.501,32.33,6081.8,2.45,0.0787,15.4,174.1,11.2,14.554,116.5,0
78.35,1.675,22.13,0.41,3.492,30.58,5752.5,2.26,0.0083,15.16,193.7,12.92,14.59,115.0,0
75.53,0.037,22.47,2.28,3.452,31.58,5747.5,3.58,0.0806,15.3,166.7,11.18,15.276,128.8,1
76.04,0.493,23.11,1.0,3.489,31.63,5886.8,2.21,0.0129,14.37,187.4,11.5,15.007,120.4,0
78.29,0.18,20.46,1.08,3.573,33.37,6565.9,3.15,0.0411,15.33,191.9,10.05,15.419,125.8,0
78.23,1.236,21.51,0.26,3.57,32.02,5990.5,2.66,0.0413,16.14,181.3,11.84,14.944,128.7,1
80.06,0.668,21.8,0.12,3.478,31.02,5255.1,2.66,0.0556,15.52,193.4,11.78,15.249,116.3,0
78.59,0.544,22.73,1.24,3.39,31.27,6332.3,2.03,0.0247,13.83,174.4,11.63,14.678,123.4,0
76.63,1.011,22.09,0.12,3.485,30.73,5894.1,2.63,0.0022,15.34,177.3,11.94,15.179,119.2,0
76.4,1.521,21.52,0.38,3.451,29.55,5912.1,1.99,0.0319,14.89,191.9,12.39,14.769,116.3,0
76.09,0.845,21.77,0.55,3.421,28.68,5818.6,2.7,0.0339,15.28,183.8,11.55,14.904,122.3,0
78.54,0.697,22.24,0.33,3.618,30.35,5972.4,1.69,0.0597,14.59,188.6,11.3,14.822,123.9,1
81.23,1.133,21.95,0.22,3.578,30.59,5858.9,1.13,0.0701,15.37,172.7,10.55,14.936,115.0,0
79.04,0.327,21.97,2.16,3.482,29.31,5941.5,2.47,0.1033,15.08,180.5,11.32,15.172,116.0,1
77.77,0.923,21.52,0.33,3.543,30.18,5748.5,2.33,0.0648,14.76,176.0,12.31,14.988,117.0,0
79.14,0.738,22.55,0.05,3.497,29.65,6331.8,0.91,0.0451,14.28,190.0,10.12,14.693,111.6,0
77.78,1.523,21.38,0.22,3.507,29.69,5983.0,4.21,0.0547,14.87,181.5,12.62,14.586,115.6,0
77.44,0.467,21.82,2.52,3.489,26.88,6234.2,2.55,0.0356,15.72,193.9,13.01,15.259,114.3,0
76.82,1.294,22.15,0.44,3.511,31.47,5862.9,2.53,0.05,15.39,178.4,11.17,14.83,123.2,0
78.57,0.561,22.87,0.05,3.481,27.36,5841.9,4.41,0.0831,14.72,178.3,11.69,15.182,121.6,1
80.19,0.969,22.4,0.73,3.475,32.8,5866.0,1.34,0.0309,15.34,182.4,10.88,14.437,125.7,0
78.8,1.489,22.1,0.88,3.521,28.46,6064.1,1.98,0.0495,14.45,178.9,12.43,14.85,115.2,0
77.67,1.556,21.29,0.61,3.566,32.17,6251.5,1.3,0.1255,14.87,166.3,11.89,15.141,114.9,0
80.61,1.135,19.83,0.34,3.548,32.67,6176.5,4.37,0.0438,14.07,186.9,12.39,15.053,119.0,0
78.53,1.17,21.97,0.18,3.473,29.99,6083.8,2.76,0.0076,13.7,175.5,13.59,15.096,121.8,0
76.19,0.788,21.33,0.2,3.442,29.13,6166.4,3.47,0.0007,14.35,186.7,12.43,15.024,115.0,1
77.43,2.008,21.71,0.22,3.574,28.31,5823.2,2.45,0.0398,15.37,181.8,11.76,14.91,118.6,1
77.07,1.567,20.41,0.51,3.547,28.97,6093.0,1.31,0.0944,15.58,184.4,11.02,14.901,114.1,0
77.51,0.996,22.05,0.0,3.546,30.74,6105.8,1.95,0.0064,14.25,184.8,11.78,14.735,113.8,0
76.65,1.031,22.2,0.65,3.535,29.32,5897.8,2.31,0.0064,13.49,186.6,13.66,14.749,109.5,0
77.51,1.219,22.05,0.9,3.42,30.38,6268.1,3.37,0.0173,14.45,189.7,12.4,14.952,127.5,0
78.7,1.411,23.58,0.71,3.412,31.39,5474.9,3.36,0.0232,15.27,187.1,12.39,14.678,117.8,0
74.01,0.721,21.34,0.95,3.498,32.24,6326.9,2.36,0.0025,14.71,173.7,12.61,14.721,121.8,0
77.68,1.572,22.06,0.1,3.469,28.0,5742.4,3.05,0.0083,14.51,186.1,13.09,15.06,120.3,0
79.25,0.523,21.62,0.21,3.561,30.13,5892.7,1.06,0.0329,13.84,185.7,12.67,15.172,117.2,0
80.34,0.676,22.85,0.85,3.548,28.31,6338.7,3.22,0.0566,14.29,165.9,11.96,14.636,116.7,1
80.45,0.937,21.88,0.07,3.509,31.48,6338.4,1.44,0.0156,14.89,187.1,10.63,14.768,121.5,1
83.44,0.238,22.39,1.39,3.386,24.08,5628.6,0.01,0.0604,15.16,193.7,13.07,15.214,117.4,1
78.43,1.966,20.23,0.37,3.43,31.28,5493.5,3.94,0.0134,14.61,187.3,13.99,15.336,107.3,1
77.72,1.888,20.58,0.63,3.494,30.19,6037.3,3.88,0.0008,13.72,173.7,10.8,15.02,116.5,0
77.39,0.489,22.06,0.42,3.457,31.6,5742.9,1.34,0.0735,15.28,192.3,12.3,15.0,121.8,0
76.65,0.095,22.17,0.26,3.543,30.09,5921.8,2.74,0.0292,14.97,171.3,11.52,15.345,121.7,0
81.34,1.349,22.59,0.29,3.536,27.92,5717.0,3.62,0.06,15.55,181.1,11.93,15.199,111.0,0
79.53,1.332,22.22,0.55,3.505,31.51,6062.8,2.66,0.033,14.81,183.8,11.96,15.322,115.7,1
78.51,1.359,21.73,0.42,3.468,31.79,5910.8,1.96,0.0596,14.15,181.5,12.09,14.772,119.1,0
78.5,1.378,23.15,0.55,3.398,33.28,5782.6,0.67,0.1165,14.34,171.4,12.0,15.102,130.5,0
78.06,0.458,21.58,0.55,3.581,29.56,5734.0,0.71,0.0099,14.91,187.0,11.26,15.202,116.3,0
77.66,1.291,22.92,0.9,3.481,29.26,5875.5,2.44,0.0776,13.74,184.7,12.97,14.896,118.3,0
77.39,1.095,20.87,0.43,3.549,27.78,6160.0,2.78,0.0093,15.25,177.9,11.58,14.981,115.3,1
76.51,1.128,21.9,0.02,3.507,31.05,6145.2,1.1,0.031,15.06,179.2,11.07,14.764,119.6,1
76.69,1.538,21.32,0.42,3.494,30.51,6357.3,2.98,0.0875,14.47,191.3,12.73,14.869,119.8,0
79.97,1.461,21.92,0.09,3.422,26.6,6224.7,2.49,0.0562,15.49,175.5,12.13,14.964,123.0,0
80.23,0.855,22.66,0.33,3.606,32.53,6195.1,1.27,0.0637,15.07,174.8,12.81,15.308,119.9,0
76.42,0.961,21.53,0.04,3.527,29.83,6009.3,2.32,0.0144,15.49,198.8,11.1,14.461,126.7,0
77.92,0.773,22.6,0.46,3.505,32.47,5975.2,4.04,0.0253,15.68,184.0,12.19,14.764,125.2,0
78.09,1.83,22.24,0.02,3.499,31.12,5991.8,2.31,0.0424,14.4,188.9,11.51,14.746,110.4,0
76.94,0.921,21.29,1.88,3.486,27.16,6185.5,1.53,0.0442,14.86,175.5,12.28,15.157,115.9,0
79.77,1.026,21.9,0.22,3.532,31.35,6465.5,2.23,0.0036,15.29,164.3,10.76,15.129,112.8,0
79.09,0.885,21.93,0.48,3.52,30.45,6003.7,3.68,0.0485,14.99,191.4,12.4,14.933,129.0,1
79.85,1.172,22.52,0.01,3.512,27.4,5651.8,3.19,0.0071,14.62,184.7,12.82,15.156,118.6,1
78.12,1.133,22.8,0.2,3.408,29.69,6147.9,2.26,0.0708,15.11,177.9,12.3,15.272,121.7,0
76.67,1.06,23.0,0.21,3.522,30.91,6176.9,1.29,0.0395,15.26,172.9,12.06,15.1,117.3,0
79.56,1.242,22.16,0.16,3.502,33.67,5946.2,2.63,0.0541,15.34,200.9,13.78,15.114,120.7,0
80.63,1.401,21.41,0.36,3.559,32.52,5927.3,2.45,0.0176,14.45,185.6,12.15,15.447,113.5,0
78.18,1.533,22.65,0.07,3.435,29.28,6207.2,3.36,0.04,15.23,173.1,12.31,15.145,122.6,0
81.48,1.198,20.51,0.26,3.521,31.76,6218.3,2.35,0.0697,14.72,187.6,12.07,14.788,118.6,1
80.09,0.863,21.64,1.14,3.425,29.44,5754.8,2.02,0.009,14.79,183.3,12.11,15.409,123.3,1
78.34,1.483,21.84,0.5,3.477,30.04,5949.8,2.62,0.0096,14.05,191.3,12.01,15.028,123.6,0
81.24,0.804,23.01,0.87,3.433,32.11,6073.9,4.26,0.0233,15.04,189.4,12.02,15.344,125.8,1
78.46,1.276,22.3,0.37,3.561,32.0,5910.0,2.12,0.0017,14.93,173.8,12.43,15.079,119.3,0
80.34,0.897,22.07,0.15,3.497,31.33,5871.1,2.62,0.0523,15.18,182.8,12.64,14.933,122.6,0
79.94,0.451,22.11,0.03,3.465,31.5,5777.4,2.2,0.0947,15.69,189.9,12.93,15.207,114.4,0
77.6,0.61,22.03,0.13,3.462,31.32,6039.2,1.07,0.071,15.41,188.7,11.7,15.023,119.6,0
77.98,1.276,23.15,0.4,3.545,29.05,6092.0,2.46,0.089,14.2,191.8,11.93,14.932,118.8,0
75.88,1.384,22.19,0.35,3.532,27.64,5941.8,1.22,0.013,14.53,174.7,10.91,14.799,126.6,0
77.89,1.743,22.65,0.0,3.491,29.42,6310.9,3.91,0.0283,15.1,177.1,13.07,15.017,126.0,0
78.5,1.285,20.71,0.95,3.47,30.45,6311.9,1.62,0.0495,14.62,189.2,12.42,15.029,120.3,0
79.28,1.145,23.38,0.24,3.518,30.97,6151.9,3.14,0.0379,14.0,171.3,12.06,14.985,129.2,0
77.58,1.261,21.13,0.66,3.528,31.48,6436.8,2.33,0.0464,15.29,179.0,11.82,15.161,118.3,0
79.75,0.684,21.77,1.5,3.385,29.87,6112.0,1.38,0.0294,14.72,174.1,12.3,15.378,117.4,1
77.86,0.261,23.19,0.31,3.58,30.12,5952.6,2.42,0.0248,14.36,185.4,10.47,14.993,113.0,0
79.12,0.31,22.45,0.85,3.431,28.86,6160.1,2.41,0.0356,15.54,175.5,12.13,15.298,126.5,1
75.82,0.114,21.64,0.36,3.443,34.1,5519.5,1.61,0.0233,14.67,194.0,10.44,14.938,124.2,0
79.34,1.23,22.09,0.18,3.441,31.03,6049.3,2.3,0.0048,15.18,181.3,11.4,15.02,123.9,0
75.49,1.838,23.18,0.0,3.41,29.88,6102.6,1.02,0.094,15.45,192.0,13.03,15.431,127.3,0
77.84,1.052,21.84,2.45,3.519,27.87,5892.5,3.32,0.019,15.01,159.4,12.0,15.238,127.0,0
77.29,1.671,21.3,0.6,3.546,28.75,6133.0,1.61,0.0443,15.09,176.6,12.02,14.465,115.6,0
78.49,1.343,23.27,1.69,3.544,31.95,6198.4,1.99,0.0042,15.89,183.8,10.96,15.128,127.0,1
75.42,0.414,21.37,2.45,3.494,28.42,5776.5,2.39,0.0487,14.68,182.0,12.8,15.214,120.3,1
77.4,1.325,22.29,0.41,3.516,28.86,6012.4,4.06,0.0346,14.53,165.1,11.5,15.23,115.6,0
79.09,1.328,23.16,0.45,3.495,30.72,5843.2,1.82,0.0046,15.76,202.6,12.21,14.853,115.9,0
76.93,0.409,21.21,1.33,3.507,31.05,5723.2,0.58,0.086,14.84,177.4,11.92,15.12,117.8,0
78.15,0.433,21.62,1.38,3.53,28.77,5822.6,1.64,0.0415,14.93,174.4,11.13,15.055,121.6,0
76.48,0.834,21.79,0.63,3.474,30.58,6244.5,1.66,0.0377,15.14,169.0,11.41,15.304,116.0,0
76.56,0.641,23.18,0.34,3.454,28.8,5891.5,0.95,0.0279,15.39,177.6,12.88,14.525,121.1,0
78.47,0.436,22.16,0.08,3.549,29.91,6145.1,1.93,0.002,15.52,185.8,12.07,14.769,119.9,0
78.66,1.323,22.1,0.63,3.506,31.36,5987.4,1.27,0.0065,14.38,198.3,12.1,14.367,124.7,0
78.5,0.159,22.15,0.38,3.467,30.26,6066.4,4.75,0.0835,15.78,163.0,12.49,14.789,112.3,0
76.81,0.548,23.44,0.02,3.519,29.26,6100.7,1.94,0.1213,14.95,180.5,10.43,14.913,124.4,0
77.75,1.688,22.54,0.06,3.476,28.78,5764.8,2.21,0.0073,15.33,185.4,12.61,14.699,122.6,0
79.25,0.692,23.01,0.09,3.545,27.9,6028.4,3.48,0.018,15.05,185.9,11.97,15.149,122.3,0
78.51,0.501,22.11,0.87,3.493,29.19,5849.6,2.95,0.0001,14.86,187.3,12.21,15.092,122.7,0
75.7,0.889,22.0,1.95,3.5,28.6,6213.1,1.44,0.0175,14.8,176.8,12.59,15.145,125.3,0
78.1,1.959,21.97,0.12,3.383,28.23,6558.5,1.12,0.0056,16.33,180.9,12.4,15.215,121.0,0
79.57,0.38,20.96,0.3,3.497,30.0,5858.3,3.19,0.056,15.43,163.0,11.5,15.067,107.5,1
77.79,0.937,22.46,0.63,3.485,29.92,6172.3,1.32,0.0412,15.33,173.5,11.84,15.505,115.1,0
78.59,0.398,22.36,0.18,3.433,28.63,6344.7,5.08,0.0155,15.09,192.0,11.55,14.864,121.8,0
76.15,0.715,22.38,0.37,3.515,30.38,5984.2,3.52,0.0511,14.87,164.8,11.72,14.86,116.9,1
78.35,0.865,21.79,0.29,3.417,29.74,6099.6,2.75,0.0132,15.53,190.6,12.11,14.825,112.7,0
77.24,1.05,22.08,0.03,3.498,30.01,6064.7,3.09,0.0173,15.4,187.4,12.16,15.106,118.2,0
79.25,0.906,20.79,0.13,3.503,28.8,6025.8,3.09,0.0352,14.72,168.2,11.53,14.582,122.9,0
78.99,1.347,22.36,0.39,3.528,32.78,6117.6,2.14,0.0391,14.96,183.5,11.89,15.013,119.2,1
76.83,1.274,21.52,1.51,3.486,30.05,6262.0,4.16,0.0262,15.06,184.6,11.51,15.264,121.2,0
79.02,0.824,22.76,0.45,3.501,29.79,6174.6,2.78,0.0735,14.37,170.4,12.04,14.647,126.5,0
80.79,0.593,20.4,0.71,3.471,31.5,5999.0,3.72,0.0052,14.7,183.4,11.67,14.995,128.8,0
80.66,1.91,21.78,0.83,3.458,31.15,5928.7,1.33,0.1084,15.13,159.3,12.32,14.528,112.9,0
80.98,0.86,22.37,0.66,3.481,32.29,6181.2,3.22,0.0111,16.03,175.8,12.83,15.34,121.7,0
77.85,1.325,22.57,0.4,3.545,29.35,6009.7,1.1,0.0365,14.66,183.9,10.9,14.924,120.2,1
75.95,0.834,21.55,0.74,3.554,30.07,5776.6,2.51,0.0193,15.69,185.5,12.2,14.909,130.5,0
79.92,0.194,23.43,1.65,3.549,26.87,5854.5,3.59,0.1183,13.34,199.2,13.77,15.195,132.9,0
79.6,1.22,22.41,0.11,3.588,30.49,5814.2,2.15,0.0262,15.16,180.1,12.6,14.711,117.3,1
78.49,1.155,21.85,1.22,3.592,29.53,5870.1,1.51,0.0388,14.69,163.3,12.75,14.76,119.2,1
80.54,0.628,20.44,2.16,3.58,30.31,5910.0,2.46,0.0276,15.42,182.2,12.32,14.639,118.7,0
78.08,1.526,22.68,0.88,3.458,29.74,5867.3,0.99,0.0311,15.08,171.0,12.59,14.967,120.0,0
80.17,1.082,23.89,0.13,3.509,29.64,6206.5,3.24,0.0561,14.89,182.5,12.29,14.617,114.1,0
76.8,0.561,22.09,0.18,3.593,30.68,5616.0,2.24,0.0761,14.92,172.0,12.57,15.236,117.7,1
79.32,0.79,22.92,0.1,3.445,29.56,5835.4,1.72,0.0512,14.75,174.1,13.79,15.096,120.3,0
79.8,0.883,22.53,0.08,3.357,31.81,5977.7,3.45,0.0176,15.33,184.7,12.26,14.692,116.3,0
79.03,1.223,21.69,0.27,3.516,28.5,6049.9,1.83,0.0215,14.91,171.3,11.08,15.286,125.0,1
78.94,0.851,22.34,0.79,3.549,30.16,6160.1,1.6,0.0299,15.17,183.9,10.67,14.883,118.4,0
76.12,0.717,22.82,0.11,3.501,30.86,6082.5,3.29,0.0271,14.82,176.3,11.59,14.83,116.9,0
80.18,1.328,20.79,0.39,3.564,29.9,5821.1,0.13,0.0521,15.46,163.0,12.51,15.145,116.5,0
76.63,1.168,20.51,0.5,3.62,29.12,5724.7,4.72,0.0174,15.64,188.9,12.98,15.459,121.7,0
75.27,0.862,22.17,0.9,3.475,28.15,6083.8,2.53,0.0588,14.77,189.6,12.06,15.254,114.2,0
82.18,0.882,21.36,0.1,3.543,29.92,5923.7,1.69,0.0386,14.4,183.7,12.5,15.193,120.6,0
79.76,1.325,23.01,0.39,3.504,30.83,6071.7,3.22,0.0198,14.92,168.2,11.11,15.402,123.2,1
78.18,1.136,21.58,0.24,3.485,31.11,6064.2,1.21,0.0195,14.68,185.9,11.79,14.673,125.2,0
73.93,0.098,23.14,2.25,3.508,32.14,5853.8,1.7,0.0452,15.42,206.1,11.92,14.877,119.9,1
77.34,1.095,22.79,0.28,3.584,29.79,6127.3,2.85,0.0063,14.57,180.4,12.26,15.226,118.4,0
78.44,0.128,22.97,0.61,3.483,27.39,5768.0,3.51,0.0645,14.91,185.1,12.32,14.938,116.7,0
76.84,0.802,22.44,0.84,3.489,29.13,6005.7,2.37,0.0544,14.72,176.5,12.77,15.068,117.6,0
79.33,0.862,22.19,0.91,3.478,30.81,6015.1,2.76,0.0485,15.21,185.4,11.97,14.914,122.2,0
79.63,0.91,20.53,0.11,3.461,31.29,6079.4,3.11,0.1105,14.45,175.8,12.02,15.34,131.0,0
77.58,0.314,21.74,0.66,3.442,31.3,5806.2,1.69,0.0227,15.18,175.3,11.24,14.864,123.8,0
76.81,0.679,23.03,1.45,3.612,30.24,6320.5,3.54,0.1041,14.91,160.9,11.18,14.842,122.6,0
75.02,1.586,21.99,1.94,3.539,31.23,6077.8,0.8,0.0872,15.2,186.7,12.74,14.631,120.9,0
80.88,1.201,22.81,0.99,3.487,30.93,6020.7,3.4,0.0021,15.67,181.1,11.64,14.816,118.5,0
77.16,0.97,22.8,0.96,3.476,28.16,6097.4,3.1,0.0637,13.66,182.7,12.14,15.003,120.5,0
77.2,0.627,23.29,0.0,3.503,29.27,5916.9,1.3,0.0498,15.1,192.0,11.37,14.539,119.4,0
79.27,1.48,23.68,1.08,3.582,29.2,6005.2,3.54,0.1054,14.99,182.6,12.02,14.865,118.5,0
76.91,1.151,21.73,0.4,3.505,28.77,6092.0,0.79,0.0129,15.17,168.0,11.8,15.002,131.2,0
75.85,0.378,21.48,0.35,3.554,28.81,6131.9,4.52,0.0631,14.87,191.7,11.24,14.538,123.8,0
77.87,1.171,22.4,0.37,3.526,28.75,6210.4,1.91,0.0029,15.66,181.4,12.17,15.03,111.9,0
75.56,1.644,23.09,0.57,3.538,29.98,6071.8,2.52,0.0424,14.95,162.4,13.03,14.834,125.0,0
78.18,1.104,22.35,1.09,3.377,30.36,6148.8,2.52,0.0576,15.57,182.6,11.94,14.907,125.6,0
79.0,1.004,21.58,0.34,3.428,26.54,5923.3,1.15,0.0226,15.15,165.9,12.36,15.054,118.2,0
78.97,1.969,21.69,0.38,3.561,31.06,6182.6,2.24,0.0415,13.78,175.3,11.34,14.865,121.3,0
78.87,0.49,22.25,0.15,3.543,32.64,6126.2,3.09,0.0187,14.89,192.4,11.3,14.987,121.8,0
77.16,1.408,22.14,0.38,3.498,29.03,5533.8,2.66,0.0285,15.2,189.2,12.07,15.125,119.8,1
77.56,1.469,21.65,0.47,3.532,28.64,5871.4,1.67,0.0631,14.5,172.8,12.97,15.219,121.0,1
79.41,0.285,21.07,0.04,3.549,32.35,6053.6,1.37,0.018,14.35,194.0,11.52,15.18,115.8,0
81.19,0.493,21.95,0.15,3.557,31.6,5851.4,0.29,0.0028,15.29,173.1,12.11,15.028,127.6,0
79.61,1.167,22.75,0.77,3.579,33.53,5945.4,1.48,0.1096,13.47,176.1,12.98,14.836,127.1,1
78.8,1.203,21.37,0.69,3.659,31.26,6012.0,1.46,0.0062,13.88,183.4,10.19,14.45,109.2,0
80.1,0.228,22.2,0.6,3.548,29.93,5841.1,2.13,0.1179,15.11,190.1,12.41,14.755,116.0,1
76.69,1.162,22.96,0.0,3.579,28.12,5908.0,2.1,0.0348,15.54,183.4,12.39,15.331,120.0,1
77.87,0.919,22.23,0.77,3.461,28.79,6042.8,1.25,0.0201,15.14,191.2,11.75,15.144,118.6,0
78.48,0.894,21.74,0.06,3.575,27.71,5945.8,1.78,0.081,15.15,187.7,11.99,15.102,118.3,0
78.78,1.005,22.18,0.53,3.505,28.88,6045.8,2.9,0.082,14.9,168.5,12.6,15.257,123.6,0
81.25,0.33,21.68,0.48,3.479,29.19,6007.8,2.66,0.0475,15.3,187.7,11.02,15.226,113.5,0
76.8,0.549,21.93,0.63,3.461,31.27,5885.7,1.41,0.0128,14.96,181.6,12.8,15.029,122.0,0
78.34,1.227,21.01,0.22,3.54,30.59,5860.7,2.98,0.0386,15.01,170.0,12.26,14.994,120.6,1
78.63,1.315,22.38,0.11,3.497,28.71,5830.7,1.62,0.0003,15.49,186.4,12.56,14.873,121.8,0
77.96,0.749,20.68,0.02,3.509,29.67,6126.4,3.81,0.0661,15.11,176.4,12.35,14.981,117.3,0
75.99,0.793,21.42,0.12,3.475,26.57,6191.6,1.79,0.04,14.88,180.3,11.85,14.874,114.1,1
79.47,0.956,21.88,0.95,3.451,29.8,6173.2,3.25,0.018,14.8,182.6,11.45,15.277,119.2,0
77.54,1.16,22.92,0.73,3.449,28.86,5558.4,4.2,0.0145,15.14,163.9,11.77,14.754,113.9,1
75.95,0.135,22.81,0.82,3.487,33.69,6118.7,4.42,0.0455,14.54,180.5,9.99,15.193,118.8,0
79.7,1.111,22.71,1.16,3.599,32.34,5903.0,2.83,0.0246,14.75,180.6,11.26,14.644,117.6,0
78.42,0.998,22.34,0.22,3.491,30.43,5692.5,3.61,0.0243,15.25,162.2,11.98,15.143,117.0,0
77.75,1.181,20.73,1.42,3.42,32.54,6012.6,0.61,0.0906,15.34,191.2,11.26,14.48,124.9,0
76.47,1.277,21.58,0.33,3.444,32.18,6583.0,2.16,0.0978,14.54,179.8,10.93,15.054,118.1,0
77.96,1.934,22.4,0.29,3.49,31.89,5796.8,2.35,0.0193,14.87,185.5,12.36,14.597,114.3,0
77.89,0.655,22.68,0.25,3.506,30.95,5951.8,1.56,0.0238,14.76,177.0,11.08,15.284,117.1,0
76.2,0.961,22.63,0.1,3.553,30.08,5469.7,2.33,0.0469,14.2,168.0,11.95,15.241,127.1,0
77.47,0.988,21.69,0.22,3.481,30.52,6350.1,0.81,0.0088,15.62,189.3,12.45,14.584,124.9,0
78.93,0.743,22.48,0.11,3.567,29.68,6196.6,0.28,0.1029,14.57,181.8,12.76,14.959,123.6,0
75.1,1.137,22.62,0.52,3.54,27.94,5704.7,1.03,0.0079,14.31,189.6,12.32,15.361,113.5,0
77.49,1.526,22.95,0.33,3.566,29.47,6014.4,3.21,0.0172,15.69,184.7,12.35,14.764,118.5,0
78.78,0.49,20.81,0.07,3.524,31.13,5878.0,3.15,0.0016,15.77,168.8,11.82,14.602,122.1,0
79.47,1.838,21.11,0.73,3.513,29.51,5930.3,3.64,0.0017,15.22,180.2,11.41,15.219,119.3,1
79.58,1.308,21.43,0.71,3.459,32.68,5873.8,2.09,0.0119,15.0,180.3,12.31,14.901,111.7,0
78.28,1.693,21.39,0.07,3.554,28.68,6132.8,2.78,0.0375,14.82,190.7,10.75,14.941,120.7,0
75.85,0.538,21.66,0.15,3.517,27.42,5906.2,1.37,0.0396,14.76,188.1,12.25,14.924,120.5,0
80.48,1.58,22.27,0.25,3.512,32.25,6287.3,1.09,0.0272,15.06,198.2,12.41,15.014,119.8,0
79.87,0.457,21.21,0.16,3.531,29.0,6114.3,2.17,0.0336,15.14,172.4,12.95,15.277,125.6,0
76.38,0.467,23.16,0.15,3.592,27.61,5939.9,3.38,0.0509,15.12,188.2,12.73,15.349,119.7,0
77.29,1.276,21.69,0.77,3.537,30.82,6027.1,3.31,0.005,14.81,160.4,11.73,14.696,123.0,0
79.99,0.801,22.52,0.36,3.425,29.02,5774.6,2.47,0.0224,15.41,164.0,13.82,15.654,119.4,0
75.25,1.258,22.23,0.51,3.468,29.1,6285.6,5.27,0.0252,15.6,177.1,12.63,15.039,121.4,0
79.74,0.105,21.94,0.05,3.519,28.53,6154.8,3.6,0.0296,14.86,174.1,12.61,15.125,121.6,0
78.25,0.284,21.94,0.59,3.486,28.93,5919.6,2.82,0.0762,15.54,181.8,12.68,15.127,121.6,0
76.43,1.193,21.59,0.39,3.473,31.75,5923.9,2.32,0.0183,14.86,177.2,12.43,14.975,126.0,0
77.61,1.502,21.98,0.57,3.41,30.13,5981.8,3.1,0.1134,14.77,172.2,12.73,15.164,115.9,0
77.22,0.673,22.29,0.79,3.492,28.54,5662.3,2.16,0.0053,15.44,173.8,11.8,14.997,123.0,0
76.72,0.071,21.87,3.35,3.546,31.47,6175.3,1.22,0.051,15.59,180.9,14.35,15.043,111.0,0
77.34,1.306,22.93,0.02,3.504,30.01,6135.1,2.89,0.0571,14.7,170.7,12.47,15.023,117.9,0
76.64,1.695,22.5,0.78,3.414,29.27,6237.6,2.77,0.0269,16.02,180.1,10.75,14.67,116.8,0
78.31,1.353,22.14,1.59,3.473,29.26,5781.6,2.69,0.0032,15.63,181.5,12.12,15.018,123.0,0
75.72,0.106,22.55,0.77,3.458,29.47,5989.8,1.39,0.1048,14.63,172.1,11.73,14.896,116.6,1
76.78,1.316,23.07,0.37,3.556,31.27,6201.3,4.0,0.0402,16.78,167.6,11.71,14.935,117.5,1
80.33,1.225,21.57,0.71,3.541,28.71,5421.4,1.76,0.1352,15.39,197.6,11.28,15.358,122.2,1
80.23,1.214,20.54,0.28,3.517,28.2,6091.4,2.86,0.0222,15.15,182.6,12.04,15.072,118.2,0
76.03,2.092,22.36,0.65,3.52,29.6,5834.3,2.83,0.0295,15.25,169.0,11.97,14.803,120.7,0
77.21,1.546,23.35,0.2,3.49,28.23,6002.8,2.85,0.0066,14.7,186.9,12.24,14.961,121.3,0
77.35,1.099,22.41,0.21,3.492,29.93,6181.8,1.74,0.0185,14.83,184.4,11.26,14.87,121.9,0
78.97,0.981,21.36,0.36,3.441,28.08,5972.4,3.04,0.0156,14.94,169.9,12.09,14.993,116.5,0
81.6,0.99,22.22,0.97,3.48,30.8,5958.2,2.82,0.0053,15.2,172.8,11.63,15.254,122.4,0
77.06,0.823,21.37,0.45,3.614,28.43,5780.8,4.32,0.0747,14.58,176.3,9.76,14.941,127.5,1
79.42,1.048,22.8,1.66,3.51,29.34,6153.1,3.26,0.0039,14.28,180.3,11.81,14.675,113.4,1
78.94,1.306,21.3,0.3,3.464,29.1,6045.5,1.04,0.0387,15.34,185.7,12.3,15.138,112.8,0
77.67,1.097,23.04,0.26,3.557,31.72,6226.9,2.51,0.0223,14.92,183.1,12.04,14.963,126.6,0
76.6,0.846,23.07,0.03,3.399,30.59,5981.8,2.62,0.0379,14.83,175.9,12.01,14.861,123.3,0
75.43,0.846,21.89,0.46,3.568,31.42,6114.7,0.6,0.0158,15.19,178.7,11.62,14.824,117.1,1
77.42,1.447,22.31,0.54,3.476,29.39,5959.7,1.63,0.0122,14.68,189.8,11.99,14.736,121.0,1
79.66,1.351,22.27,0.1,3.517,29.74,6011.2,1.87,0.048,15.67,179.8,12.15,15.043,119.6,0
79.07,1.443,21.23,0.27,3.545,27.17,6006.8,1.62,0.0354,15.39,176.8,12.29,14.891,119.9,0
79.33,0.985,21.46,0.02,3.469,30.09,6192.7,3.41,0.0792,14.98,193.7,11.91,15.195,123.2,0
77.56,0.813,21.94,0.37,3.462,29.93,6127.1,1.62,0.0698,14.4,169.6,13.28,15.173,120.4,0
78.06,0.937,22.22,1.04,3.498,29.21,6029.6,2.9,0.0122,14.29,179.2,12.03,15.077,120.6,0
75.23,0.425,23.96,0.06,3.517,30.14,5605.6,3.16,0.0401,15.66,149.9,11.85,14.692,120.2,0
75.32,0.683,22.67,0.57,3.423,28.48,5785.0,2.33,0.0272,15.3,166.8,12.88,15.198,112.0,0
77.95,1.424,22.02,0.55,3.473,30.22,6040.4,3.0,0.0199,14.81,164.1,10.86,15.474,120.4,0
80.08,0.568,21.04,0.46,3.401,31.95,5716.7,2.48,0.0274,14.63,169.4,12.37,14.824,115.4,0
78.93,1.554,23.18,0.66,3.462,31.06,5674.6,3.06,0.0733,16.2,177.1,11.68,14.896,115.9,0
78.43,0.834,22.71,0.76,3.572,31.46,6117.3,2.9,0.0127,14.88,174.1,11.87,14.986,119.3,0
76.05,0.662,23.06,0.48,3.574,35.01,6079.9,4.82,0.0701,14.06,192.0,12.13,16.12,118.8,0
77.89,0.624,22.37,0.26,3.472,29.83,5966.8,2.36,0.0106,15.55,166.9,11.97,14.763,117.0,0
78.16,0.646,21.57,0.34,3.486,28.95,6143.0,2.54,0.0279,14.0,173.3,11.44,15.107,117.6,0
78.3,0.382,22.55,0.15,3.546,29.92,6219.6,2.88,0.0251,15.39,172.9,12.15,15.109,127.6,0
78.96,1.041,22.91,0.02,3.56,30.6,5855.8,1.75,0.0054,15.01,173.9,11.34,14.822,119.0,0
75.73,1.076,22.43,0.74,3.476,30.44,5992.1,2.15,0.0117,14.92,195.3,11.4,15.293,117.1,0
76.16,0.555,21.66,0.52,3.48,31.29,6002.5,1.05,0.0265,14.86,177.5,11.51,14.916,115.8,0
80.04,1.169,20.36,1.1,3.444,29.74,5763.0,4.17,0.0074,14.54,178.6,10.54,14.993,115.3,0
77.01,1.133,22.77,0.0,3.427,30.93,5653.2,2.33,0.0679,14.37,178.9,11.11,15.142,117.6,0
78.93,0.945,21.24,0.59,3.544,29.33,5696.7,3.25,0.0668,14.2,176.2,11.63,14.937,115.2,0
77.55,1.009,20.99,1.65,3.556,31.86,6347.5,2.48,0.0862,15.79,175.6,11.54,15.115,119.4,0
76.13,1.328,21.03,0.4,3.521,31.33,5900.1,2.79,0.0041,14.94,178.3,12.04,14.701,120.9,0
77.56,0.121,22.2,0.14,3.356,31.65,6252.3,2.63,0.0333,15.14,187.6,12.28,14.601,124.1,1
76.83,1.432,22.81,0.25,3.5,32.16,5974.2,1.94,0.0093,15.39,177.6,11.26,14.744,122.6,0
74.92,0.015,21.7,2.0,3.562,27.37,5954.6,3.87,0.0804,13.85,188.3,14.15,14.816,139.0,0
78.35,1.548,22.28,2.64,3.539,31.46,5884.2,1.97,0.0373,14.87,175.4,12.09,15.389,118.2,0
78.85,1.191,23.53,0.38,3.523,31.41,5678.6,2.53,0.0473,15.17,177.8,11.27,15.384,121.5,0
78.05,2.083,22.61,0.02,3.531,28.15,6250.0,1.09,0.0086,14.18,194.8,10.8,14.684,125.7,0
78.19,1.096,20.56,0.47,3.49,30.86,5843.0,4.37,0.0232,15.42,181.9,11.35,14.88,121.7,1
79.97,0.967,21.81,1.1,3.488,30.69,6001.3,2.89,0.0727,15.43,181.4,11.82,15.698,122.6,1
78.0,2.245,22.42,1.37,3.588,30.84,5845.1,1.98,0.0119,14.78,197.7,13.44,14.93,118.0,0
78.75,1.137,22.77,0.1,3.462,31.38,5887.2,3.48,0.0666,15.13,189.8,11.56,15.104,118.7,1
78.78,1.335,22.43,2.88,3.509,29.05,5737.0,6.13,0.0075,16.41,193.0,12.66,14.941,110.1,1
74.68,0.89,22.16,0.31,3.528,29.65,5829.1,1.98,0.0813,14.59,168.6,11.26,15.115,116.9,0
77.32,1.432,23.16,0.34,3.511,30.22,5773.2,3.51,0.0683,14.6,166.9,12.32,15.032,119.7,0
75.43,1.234,21.93,1.29,3.525,28.07,6086.5,1.55,0.0042,14.18,175.0,13.1,15.321,121.0,0
75.35,1.435,21.31,0.47,3.458,32.56,5790.7,1.98,0.0035,16.37,180.6,11.31,14.709,118.6,0
77.3,1.564,21.43,0.37,3.497,29.97,5889.5,2.13,0.0561,15.07,187.6,13.28,15.5,118.3,0
77.03,2.215,22.47,1.27,3.503,31.84,5976.2,2.87,0.0106,14.68,168.8,12.55,14.898,118.8,0
77.1,1.13,20.38,0.01,3.527,30.95,5830.6,1.91,0.0325,14.52,175.3,11.91,14.928,118.5,1
81.75,1.611,22.21,0.15,3.581,33.9,5760.2,1.54,0.0417,15.25,203.3,12.47,15.006,115.0,0
80.12,0.694,23.18,3.38,3.48,32.17,5894.8,2.65,0.0178,15.33,187.6,12.01,14.854,114.2,1
76.21,1.106,23.17,1.52,3.554,30.43,6182.8,2.63,0.0269,15.34,173.2,11.97,15.203,116.1,0
77.24,0.635,22.41,0.05,3.507,31.31,5872.7,3.54,0.0422,15.23,185.5,11.62,14.924,126.3,0
77.88,0.892,21.71,0.17,3.39,29.83,6108.8,3.21,0.0125,15.59,174.3,12.43,15.091,122.3,0
78.3,1.214,21.5,0.05,3.511,28.82,6152.8,1.74,0.0844,14.06,180.5,11.69,14.92,123.3,0
76.66,0.313,21.72,0.03,3.572,27.76,5912.8,2.48,0.0126,15.3,176.3,11.31,15.098,120.9,0
74.29,1.011,21.37,0.04,3.568,31.32,5931.8,2.73,0.0577,14.12,177.8,12.54,15.128,116.7,0
76.89,1.356,22.53,0.51,3.482,30.15,6161.7,1.26,0.0046,14.68,182.2,10.64,15.005,122.0,1
78.02,1.618,22.36,0.3,3.463,29.91,5916.6,3.1,0.0,16.27,169.1,11.65,14.867,122.3,1
79.16,0.714,22.72,0.09,3.479,30.12,6262.6,2.92,0.0313,14.74,172.7,13.82,14.894,123.5,0
78.69,0.228,21.57,1.06,3.503,29.97,6193.8,3.15,0.0472,15.3,175.2,11.44,15.044,118.7,0
78.65,1.555,22.63,0.01,3.412,32.16,6076.5,3.11,0.0232,14.8,187.7,10.47,15.271,117.2,0
76.18,1.109,22.63,3.25,3.481,27.91,5920.7,5.16,0.0248,13.93,178.9,12.8,14.888,116.7,1
77.38,1.738,21.53,0.26,3.492,29.36,5944.0,2.36,0.0875,15.01,180.9,12.22,15.06,115.6,0
76.8,0.828,21.95,0.23,3.599,28.62,5730.1,0.34,0.0332,14.33,166.9,12.19,15.18,121.3,1
79.08,0.32,22.13,0.44,3.405,29.39,5979.4,3.14,0.0503,15.73,174.0,11.88,15.008,125.6,0
78.69,1.248,21.17,0.12,3.558,28.62,5706.2,3.14,0.0641,15.45,187.7,12.0,15.157,120.1,0
78.73,0.851,22.66,0.4,3.544,30.8,5998.9,3.55,0.0453,14.97,176.9,11.96,14.934,119.6,0
74.62,1.202,21.91,0.21,3.495,32.45,6040.0,2.59,0.0356,14.7,172.2,11.03,14.53,113.5,0
76.02,0.949,21.3,0.71,3.541,29.88,5814.0,2.74,0.0275,14.19,183.3,12.27,15.062,125.0,0
77.58,0.586,21.95,1.01,3.551,30.56,6080.6,1.75,0.0389,15.48,173.3,12.39,15.234,113.4,0
79.52,0.829,22.06,0.6,3.493,30.41,5748.0,2.55,0.0028,14.95,166.1,12.21,14.968,123.3,1
79.27,0.705,23.81,0.07,3.537,29.96,6349.9,2.45,0.0494,14.05,180.4,13.05,15.359,112.9,1
76.67,1.168,21.98,1.42,3.507,29.82,6098.6,3.41,0.01,15.13,188.1,10.84,15.219,124.0,0
76.55,0.909,21.09,0.48,3.444,30.41,6023.7,3.24,0.0164,15.58,184.0,12.01,15.312,114.7,0
77.05,0.733,22.6,1.04,3.587,31.16,6050.0,2.0,0.003,15.05,179.2,10.99,14.741,111.5,0
77.64,1.021,22.65,1.6,3.488,30.4,5750.5,2.68,0.0721,15.25,168.2,12.42,14.852,120.4,0
81.2,0.78,22.47,0.06,3.41,29.52,5719.6,3.96,0.0442,14.1,196.0,12.69,14.727,114.3,0
77.51,1.095,23.15,0.82,3.528,32.31,6032.3,2.5,0.0232,14.56,182.9,11.42,14.728,121.0,1
75.96,2.326,22.14,0.22,3.585,29.48,5933.4,1.66,0.0012,14.63,190.4,12.62,14.994,125.1,0
78.67,0.728,21.97,0.06,3.525,31.68,5968.2,1.57,0.0354,14.44,165.4,12.48,14.915,123.2,0
72.88,0.222,22.18,0.36,3.477,31.9,5854.2,3.74,0.0501,14.21,162.6,11.12,14.993,117.4,0
75.94,1.587,21.39,1.5,3.478,31.3,5915.5,2.04,0.0083,15.5,188.4,12.38,14.788,115.1,0
78.21,1.029,21.93,0.2,3.537,30.29,5823.0,1.7,0.0681,15.41,191.9,11.27,14.884,127.1,0
77.07,1.1,22.0,1.67,3.393,30.84,5966.6,2.41,0.0154,14.93,185.8,11.85,14.925,124.1,0
76.78,1.174,21.39,0.43,3.515,28.92,6003.5,2.49,0.0145,15.11,165.3,10.36,15.38,117.6,0
75.34,1.541,22.21,0.24,3.508,33.45,5868.1,0.56,0.0527,15.24,174.8,12.28,15.208,119.6,0
77.27,1.723,21.62,0.12,3.509,29.87,5806.6,2.94,0.0409,14.6,182.9,12.4,14.914,126.3,0
78.25,0.735,22.57,0.29,3.467,28.69,6277.7,2.13,0.0099,14.73,173.1,12.35,14.786,124.5,1
74.18,1.723,21.23,1.03,3.637,27.4,6329.9,2.6,0.0299,15.18,193.2,11.79,15.114,124.2,0
80.65,0.074,22.4,0.45,3.624,31.36,6118.3,2.33,0.0029,15.59,189.4,11.18,14.69,119.4,1
75.58,1.136,22.17,0.43,3.519,26.49,6108.6,1.71,0.0755,13.98,185.4,12.14,14.98,123.1,0
80.64,0.736,22.14,0.14,3.448,31.58,5864.6,2.53,0.0312,15.86,187.7,12.39,15.1,120.8,1
79.88,1.202,22.09,1.24,3.512,31.62,5942.1,2.95,0.0019,14.64,175.7,12.14,14.944,117.6,0
77.62,2.059,22.3,0.29,3.478,29.41,5895.0,3.02,0.0029,14.78,181.2,11.38,14.893,111.5,1
77.88,0.477,20.7,0.6,3.51,30.4,6089.4,2.69,0.0526,14.5,183.0,13.4,14.8,123.7,0
80.67,0.749,22.51,5.46,3.494,32.59,6059.6,0.03,0.2076,14.39,178.2,10.73,14.932,120.6,1
79.07,0.849,22.35,0.02,3.531,28.61,6416.2,2.83,0.0334,15.58,197.2,12.01,14.854,120.0,0
76.2,0.099,20.63,0.06,3.515,33.74,6006.3,3.91,0.0196,14.74,165.1,12.51,15.196,116.4,0
76.8,1.421,21.45,0.14,3.485,30.29,5978.2,2.03,0.0272,14.36,170.2,13.25,14.589,108.9,0
76.38,0.44,22.68,1.58,3.466,28.51,5400.8,2.85,0.0783,14.97,180.9,10.77,15.144,109.3,0
76.77,0.945,21.35,0.41,3.481,29.72,6233.2,3.16,0.0158,14.51,169.3,12.2,15.286,117.1,0
78.35,0.867,22.73,0.33,3.479,31.7,6217.1,1.05,0.0531,15.24,172.4,12.23,15.038,111.3,0
76.72,0.082,21.39,0.19,3.521,29.66,5912.0,3.37,0.0174,14.71,183.5,11.79,14.926,120.0,0
77.99,1.179,22.32,2.03,3.484,27.92,6123.3,3.36,0.0425,15.38,178.4,11.64,14.602,118.4,0
76.58,1.526,22.36,0.05,3.545,29.19,5695.5,2.7,0.0549,15.07,185.7,11.6,15.021,121.5,0
75.9,2.944,20.56,4.75,3.65,30.52,7001.9,1.84,0.2052,15.98,187.4,10.49,14.861,117.1,1
78.67,1.083,22.11,0.08,3.495,29.58,5886.1,3.34,0.0822,15.37,174.2,13.03,15.038,121.3,0
77.35,0.839,20.76,0.19,3.451,28.34,5740.4,1.73,0.0112,15.61,177.8,11.6,15.201,118.5,0
79.11,0.034,21.05,0.2,3.508,32.21,5726.9,2.85,0.0202,15.45,168.0,12.59,14.778,123.7,0
77.77,1.382,21.9,1.95,3.48,31.28,6089.4,4.24,0.0479,14.14,177.0,11.04,14.77,122.6,0
78.44,1.277,21.01,0.28,3.475,27.41,6544.3,3.83,0.1362,15.0,186.2,12.54,14.825,115.4,0
77.3,1.528,21.55,1.01,3.468,32.02,6015.6,2.68,0.0139,15.64,181.1,10.35,14.772,111.6,0
79.58,1.408,22.16,0.0,3.581,28.51,6014.6,1.88,0.041,15.92,175.9,10.75,14.96,127.0,0
76.83,1.048,22.17,0.37,3.459,29.58,5853.4,1.61,0.0516,14.86,172.4,11.38,14.996,124.6,0
78.5,1.488,21.26,2.35,3.487,27.31,6252.6,0.36,0.0225,14.48,184.0,12.33,15.119,116.6,0
78.18,1.065,21.25,0.98,3.535,30.49,6074.0,3.7,0.0703,15.45,180.4,13.11,15.143,118.5,0
78.05,0.86,22.14,0.61,3.511,27.79,5743.1,1.92,0.0059,15.05,190.4,11.69,14.808,126.1,0
78.61,0.847,21.43,0.58,3.564,32.54,6085.8,2.33,0.029,15.48,182.7,10.24,15.364,114.2,0
77.47,1.509,20.57,1.4,3.538,32.36,5843.4,2.53,0.0848,15.0,186.8,11.43,15.089,115.9,0
77.97,0.886,21.82,0.57,3.532,32.0,5986.8,2.21,0.0564,14.41,171.0,11.67,14.765,116.9,0
77.64,0.465,21.38,0.0,3.494,28.96,6003.9,3.11,0.0104,15.28,174.4,11.15,15.165,122.5,0
80.18,0.591,21.93,0.74,3.479,29.83,5977.9,0.78,0.0016,14.7,187.3,13.2,14.911,119.7,0
79.1,0.601,22.52,0.33,3.46,29.32,6070.0,3.32,0.0366,15.17,180.9,12.39,15.245,115.1,0
78.31,1.042,21.69,0.13,3.496,28.47,5942.8,2.51,0.1401,14.62,183.0,12.27,14.732,118.1,0
80.48,1.213,21.96,0.13,3.414,27.28,6136.1,2.45,0.039,13.48,171.8,11.1,14.961,120.9,0
77.25,1.067,22.05,0.19,3.537,29.78,5963.8,2.6,0.0165,15.52,182.5,11.39,14.852,127.8,0
79.03,1.331,21.92,0.43,3.492,27.92,6132.3,2.71,0.0226,15.6,189.8,13.04,15.491,115.5,0
77.39,1.012,21.91,0.76,3.467,28.57,5799.4,2.52,0.069,15.48,186.4,11.72,14.889,115.8,0
78.28,1.203,20.81,0.21,3.602,29.05,5765.4,4.03,0.0913,15.31,171.6,12.64,15.183,119.4,0
80.24,1.125,21.63,0.74,3.551,27.61,5851.4,1.63,0.0077,15.1,185.7,13.64,14.9,123.8,0
76.56,0.864,22.34,0.05,3.459,31.68,5818.5,2.85,0.0513,15.78,167.5,11.93,15.249,120.6,0
74.74,0.615,21.78,0.58,3.544,28.99,5962.3,2.0,0.0192,14.17,190.3,12.21,15.085,116.1,0
76.59,0.875,22.53,0.36,3.443,29.53,5952.3,1.77,0.0682,14.32,179.0,12.92,15.485,120.7,1
78.2,1.304,21.8,0.65,3.413,30.46,5885.7,0.92,0.0445,15.17,182.6,11.88,15.174,117.2,0
79.08,0.602,22.58,0.01,3.526,30.47,6168.3,1.74,0.0261,14.46,174.8,13.22,14.909,119.4,0
78.44,2.366,22.18,0.48,3.512,29.39,6136.3,1.4,0.042,15.09,179.5,10.76,15.209,128.9,0
79.75,0.91,22.03,2.03,3.499,28.77,5966.5,0.51,0.0346,14.98,168.7,12.02,15.382,116.4,0
76.87,0.574,22.26,0.21,3.46,30.66,5904.9,2.55,0.0204,15.19,195.0,12.13,15.124,117.0,0
78.89,1.973,23.02,0.12,3.478,30.03,5965.6,2.25,0.0214,15.45,186.0,11.6,14.848,117.0,1
80.6,0.068,21.57,1.04,3.497,32.0,5532.0,1.18,0.0269,15.13,178.5,12.09,14.95,115.4,0
76.87,0.113,22.92,0.36,3.443,27.22,6087.7,1.47,0.0281,15.71,182.5,11.88,14.957,117.3,1
80.22,1.407,21.53,2.24,3.384,30.5,5951.0,1.76,0.0944,14.73,185.0,12.44,14.649,114.1,0
80.83,0.418,21.37,1.41,3.499,28.85,6198.6,2.53,0.0204,15.03,175.9,11.38,15.07,109.5,0
77.82,1.281,20.84,1.09,3.507,29.13,6136.1,1.67,0.0252,13.95,172.9,11.76,14.925,124.7,0
79.77,1.133,22.14,3.53,3.526,25.97,5770.7,3.67,0.0058,15.63,162.3,14.03,14.874,109.8,1
76.64,1.368,20.7,1.65,3.582,27.09,5995.5,3.13,0.0366,16.41,172.9,12.38,14.779,117.6,0
81.2,0.93,22.72,0.51,3.415,27.19,5906.7,1.1,0.0225,14.76,175.8,11.84,14.976,123.3,1
79.24,1.344,22.23,0.08,3.477,29.39,6136.2,3.75,0.0024,14.59,173.7,12.22,15.123,119.9,0
76.06,1.4,21.99,0.43,3.423,29.17,6101.9,0.65,0.0342,15.39,168.9,12.02,15.035,118.9,0
78.35,1.226,22.04,0.44,3.471,29.85,6106.6,0.43,0.0171,16.31,200.3,11.66,14.939,119.2,0
80.27,1.201,21.75,0.87,3.577,26.61,5899.9,3.08,0.0608,14.93,168.2,12.04,14.854,119.0,0
77.32,1.158,22.42,0.05,3.373,30.11,5898.7,1.86,0.0325,14.17,175.9,12.64,15.116,122.0,0
78.18,1.295,22.55,0.24,3.529,32.84,6100.1,3.24,0.0634,15.55,177.7,11.69,15.386,116.0,1
80.85,1.438,21.91,0.08,3.49,29.53,6182.6,0.8,0.0349,15.15,182.7,11.94,15.097,126.1,0
75.59,1.053,22.39,0.23,3.465,30.62,5755.5,2.51,0.0338,15.7,187.3,12.44,15.282,122.7,0
77.86,0.931,21.63,0.21,3.461,29.1,5968.2,2.89,0.0055,15.34,182.1,11.26,15.215,121.9,0
75.26,0.778,22.06,0.72,3.469,32.51,5943.1,2.35,0.04,14.66,175.9,12.55,15.029,115.3,0
77.28,0.439,22.0,0.15,3.503,31.54,5811.6,2.12,0.0091,14.83,173.1,13.26,15.014,119.0,0
77.87,1.735,21.59,0.12,3.48,28.44,6635.1,3.88,0.046,14.13,170.4,11.1,15.204,119.8,0
77.45,0.674,21.91,0.32,3.469,30.37,5790.0,1.19,0.0248,14.72,189.0,11.8,14.993,115.2,1
78.51,1.613,21.4,0.8,3.502,27.94,6220.8,1.41,0.0224,14.97,181.7,13.28,14.934,119.5,0
76.37,1.089,22.27,2.12,3.434,34.51,5802.6,3.91,0.0062,15.83,191.5,11.43,15.179,110.7,0
77.37,0.671,22.58,0.09,3.486,30.79,5738.5,3.32,0.0596,14.2,187.0,12.84,15.004,121.2,0
80.23,0.101,22.17,0.75,3.499,30.65,5788.2,2.77,0.0806,15.01,168.2,12.74,14.668,120.8,0
79.37,0.024,22.17,0.4,3.501,32.52,5863.9,2.04,0.0416,14.6,201.7,10.75,14.56,112.4,1
75.89,1.615,21.11,1.11,3.478,30.29,5965.0,1.23,0.015,15.97,183.6,12.5,14.823,120.8,0
76.24,0.803,22.62,0.36,3.544,29.49,6091.1,1.49,0.0433,15.44,180.6,11.32,15.197,114.6,1
80.49,0.344,22.17,0.56,3.496,31.34,5811.9,2.03,0.0036,15.23,176.4,11.46,14.868,114.3,0
78.65,1.042,20.41,0.78,3.494,31.01,5740.5,1.85,0.0454,14.82,182.0,11.14,14.997,114.0,0
78.39,0.399,22.19,0.46,3.433,30.11,5850.1,3.16,0.0443,15.5,171.2,12.69,14.819,122.1,0
77.6,0.032,23.75,3.32,3.587,26.87,6054.5,1.98,0.0183,14.64,176.9,13.36,15.011,126.3,0
78.29,0.746,23.01,0.08,3.535,27.92,6126.0,2.9,0.0293,15.05,180.8,12.68,15.251,129.5,0
78.14,0.623,21.8,1.8,3.565,29.34,5646.2,1.16,0.0828,15.17,181.6,13.39,14.488,121.2,1
77.54,1.271,22.53,0.01,3.541,31.53,5976.2,1.66,0.0102,15.05,170.2,12.71,14.966,118.7,0
77.64,0.585,21.8,0.26,3.478,30.42,5849.9,0.16,0.0277,14.9,172.2,12.67,14.754,123.0,1
76.85,0.859,23.31,1.89,3.655,27.89,6025.8,2.08,0.0263,14.42,172.9,11.47,14.6,124.0,0
76.18,0.863,22.44,0.02,3.483,31.28,6003.1,2.04,0.0314,14.8,190.1,11.47,15.12,119.6,0
78.58,1.238,22.28,0.68,3.444,30.87,5811.4,3.62,0.0038,15.82,191.0,12.14,15.024,123.1,0
73.33,0.728,21.85,0.46,3.438,27.04,6160.6,0.44,0.0148,14.32,173.1,12.59,14.996,117.0,0
79.19,1.189,21.92,0.02,3.474,32.63,6234.3,1.48,0.0102,15.13,181.4,12.15,14.673,119.0,1
78.76,0.728,21.89,0.48,3.438,32.02,5804.7,4.03,0.0043,15.67,186.8,12.56,14.625,120.8,0
76.04,0.852,21.01,0.84,3.551,29.37,5868.4,1.6,0.0415,15.5,166.7,11.88,15.065,116.1,0
76.5,1.31,23.13,0.17,3.497,30.83,5730.6,1.77,0.0465,14.95,176.0,11.36,14.82,116.0,0
79.39,0.248,21.13,1.8,3.546,28.04,5902.9,0.46,0.0931,14.94,182.3,11.44,14.828,124.0,0
78.56,1.505,21.95,0.68,3.463,29.49,6009.3,1.49,0.0371,15.83,184.5,11.59,15.085,116.0,0
75.27,2.202,21.26,0.49,3.589,31.93,5891.0,0.75,0.0864,16.31,189.5,13.31,15.292,114.1,1
79.6,0.886,22.44,0.21,3.555,30.04,6083.4,1.85,0.08,14.34,168.5,12.67,15.084,125.1,0
77.16,1.128,22.16,0.31,3.518,29.37,6133.8,1.24,0.0219,14.98,174.8,12.12,15.258,118.3,0
79.5,0.812,21.39,0.92,3.492,33.43,5479.0,3.06,0.0013,14.66,172.5,12.98,14.672,115.5,0
74.39,0.57,21.04,1.23,3.44,28.9,5846.0,2.42,0.0161,15.75,191.7,13.76,15.592,108.6,1
78.71,0.486,22.55,0.41,3.469,33.49,5874.3,0.39,0.0709,14.6,183.7,11.62,15.168,117.4,0
78.98,0.888,20.95,0.17,3.504,27.8,5766.2,3.29,0.0233,14.95,180.5,11.94,15.016,119.1,0
74.33,1.442,19.49,0.86,3.386,29.04,6221.4,3.34,0.1404,14.64,186.6,11.33,15.135,120.1,0
77.71,1.463,22.15,1.14,3.525,27.25,6184.0,2.46,0.0082,14.55,178.1,11.82,14.954,122.8,0
74.47,0.138,21.33,0.12,3.499,29.43,5987.0,3.46,0.0439,15.35,182.6,11.42,14.895,117.9,0
74.7,2.045,21.55,0.52,3.495,26.51,5887.3,0.02,0.014,13.81,171.2,13.11,14.871,122.1,1
78.46,1.572,22.34,0.53,3.456,30.87,6112.2,3.66,0.0235,14.86,175.2,13.25,14.933,118.7,0
77.03,1.061,22.04,0.44,3.428,31.36,5947.3,1.96,0.0893,15.11,169.2,10.87,14.862,116.6,1
78.16,0.898,21.78,1.21,3.487,31.61,5988.9,1.92,0.0143,14.6,188.2,12.2,14.885,115.6,0
79.63,0.595,23.02,0.28,3.497,30.09,5622.0,2.62,0.0439,15.1,184.6,11.95,15.068,122.6,0
80.63,1.417,21.79,0.13,3.468,27.84,6162.0,2.64,0.0787,15.57,183.5,11.74,14.783,120.5,0
80.48,1.734,21.62,0.38,3.524,30.24,5859.6,0.66,0.0065,14.5,174.8,11.52,15.141,129.1,1
76.67,1.275,21.59,0.16,3.48,29.48,5901.4,2.71,0.0431,15.1,181.2,12.43,15.139,124.0,0
79.44,1.102,21.62,0.84,3.565,28.9,6060.9,2.03,0.0906,15.34,194.3,11.04,15.303,114.4,0
78.93,0.04,22.11,0.48,3.543,31.6,6190.6,2.55,0.0256,15.15,177.1,12.06,15.174,122.0,0
76.62,1.125,22.2,0.27,3.405,31.88,5866.6,2.22,0.0762,14.64,177.4,12.26,15.123,125.5,1
78.94,0.037,21.96,0.04,3.536,29.17,5877.4,1.95,0.0046,14.48,177.0,12.47,15.047,118.3,1
78.54,1.038,21.43,0.41,3.441,31.54,5931.3,2.93,0.044,15.95,178.2,12.35,15.261,120.1,1
75.91,0.797,22.18,0.19,3.595,29.22,6103.6,4.42,0.1034,14.81,169.4,10.68,14.936,121.4,0
78.14,0.947,22.35,0.02,3.479,28.52,6217.4,2.03,0.034,16.09,190.1,11.68,14.952,121.8,0
79.98,0.914,22.7,0.43,3.42,32.05,5941.2,2.25,0.035,14.48,175.7,11.68,15.348,120.6,0
77.94,0.325,22.68,0.16,3.372,28.63,6122.8,2.39,0.0583,15.29,182.3,12.64,14.933,105.9,0
77.78,0.711,21.42,0.47,3.503,28.29,6018.1,2.52,0.0103,14.4,176.9,10.37,14.898,117.0,0
76.39,0.165,22.25,0.78,3.481,27.91,6130.9,3.16,0.0389,14.85,166.0,12.5,14.918,120.4,0
79.15,0.986,21.85,1.36,3.561,28.05,5736.6,1.12,0.0009,15.4,188.3,12.78,14.938,118.1,0
76.92,1.446,21.66,0.22,3.603,31.3,5994.2,1.74,0.088,15.15,176.8,12.67,14.865,116.2,0
80.21,1.094,21.95,0.64,3.495,29.2,5966.0,2.98,0.0161,15.38,172.3,12.04,14.986,118.1,1
77.1,0.835,22.13,1.53,3.48,31.42,6114.2,3.72,0.0112,15.17,177.7,11.82,15.122,121.9,0
77.87,1.463,22.55,0.2,3.406,29.33,5710.3,3.26,0.0172,15.1,175.0,11.35,14.625,125.9,0
80.46,1.84,21.64,0.32,3.601,30.75,5514.2,1.28,0.0177,15.4,203.7,12.94,15.108,124.9,1
78.56,1.661,22.55,1.16,3.559,29.91,5904.6,0.39,0.055,14.3,175.8,11.92,14.811,120.4,0
78.62,0.225,22.62,0.49,3.461,28.03,5841.2,2.94,0.098,15.03,178.2,12.12,15.387,118.6,0
77.41,1.048,22.72,0.05,3.413,30.53,5717.9,1.79,0.0563,15.18,183.4,12.16,15.298,117.2,1
78.07,0.078,22.36,0.03,3.51,29.94,5744.5,2.9,0.0204,15.25,176.1,11.81,14.834,119.1,0
76.23,0.349,21.34,0.91,3.57,30.35,5622.2,5.58,0.0533,14.14,194.7,11.29,14.581,120.3,1
78.11,2.38,21.96,2.92,3.505,28.85,5842.9,2.66,0.0107,14.24,186.8,12.8,14.952,127.0,0
76.99,0.491,23.09,0.08,3.506,30.79,5433.8,0.14,0.0705,14.24,176.1,10.62,15.379,124.7,0
77.95,1.033,21.7,0.84,3.473,32.17,6061.8,2.16,0.0702,15.49,179.3,12.54,15.392,124.3,0
77.64,0.997,21.33,1.16,3.486,29.66,6036.6,2.39,0.0712,14.45,165.4,12.53,14.902,121.4,0
78.53,0.27,21.38,0.09,3.55,30.09,5768.6,3.85,0.051,14.89,180.5,13.07,15.145,114.6,1
79.01,1.782,20.74,0.54,3.459,28.03,5958.8,3.86,0.0054,14.76,177.9,10.28,15.164,107.2,0
79.06,1.53,21.64,2.26,3.577,30.52,5995.1,3.59,0.0456,14.93,191.2,11.57,14.799,119.7,0
79.22,0.775,22.09,0.66,3.502,28.36,6254.7,2.03,0.0187,15.21,182.8,11.44,14.561,114.6,0
77.43,0.234,22.29,0.57,3.54,28.44,6051.1,3.23,0.0962,14.09,177.4,12.37,14.734,115.8,0
78.11,1.021,21.68,0.69,3.462,28.82,6155.9,0.86,0.078,15.1,182.8,13.27,15.208,124.2,0
78.12,1.133,22.44,0.09,3.479,29.02,5977.0,1.75,0.0109,15.1,198.2,11.42,15.096,119.9,0
79.09,1.447,21.98,0.97,3.474,27.27,6065.0,2.23,0.0615,15.35,170.9,12.9,14.855,121.1,1
79.0,1.015,23.14,1.96,3.393,30.0,6232.9,0.13,0.0042,14.08,188.7,11.36,14.857,119.9,0
77.95,0.649,21.54,1.09,3.522,29.54,5931.8,4.19,0.0633,15.02,186.0,12.87,15.158,120.4,0
78.63,1.121,22.5,1.5,3.479,29.57,5581.1,1.91,0.1039,15.0,179.8,12.14,14.82,115.7,0
77.54,1.005,21.69,4.03,3.494,29.64,5741.7,0.84,0.028,15.7,177.3,12.03,14.906,120.4,1
77.99,1.09,21.81,0.42,3.434,27.65,5783.2,3.08,0.0407,15.14,192.9,12.32,15.105,119.7,0
80.71,1.514,21.85,0.17,3.332,28.45,6131.8,3.72,0.0033,15.29,205.9,11.83,15.001,124.1,0
80.52,0.906,22.89,0.06,3.521,30.11,6451.7,4.36,0.01,14.98,166.0,10.97,15.003,119.1,0
76.48,0.652,21.68,0.44,3.466,29.23,6019.8,1.29,0.0347,14.12,204.8,12.41,15.398,114.3,0
81.59,1.99,22.43,3.06,3.492,30.16,6250.2,2.13,0.0136,15.18,173.2,10.03,15.182,119.7,1
78.39,1.11,22.47,0.7,3.413,33.43,6160.0,1.87,0.0488,15.69,181.5,12.1,15.302,126.0,0
77.36,0.786,21.88,0.22,3.557,32.52,5882.0,1.44,0.0225,15.38,175.2,12.29,15.134,117.9,0
81.12,0.041,21.54,0.87,3.533,29.11,5671.5,1.1,0.0756,14.92,170.5,11.34,16.232,128.6,1
79.45,1.079,22.59,2.05,3.486,30.4,6148.2,3.41,0.0256,15.17,172.3,12.3,14.789,118.2,0
79.67,1.116,22.44,0.12,3.468,28.2,5996.3,3.46,0.0163,15.84,197.4,12.95,15.238,125.7,0
76.77,1.164,23.05,2.98,3.583,31.93,5683.2,1.88,0.0292,15.31,178.8,12.16,15.06,122.2,0
76.47,0.839,22.3,0.07,3.534,33.32,5807.9,3.54,0.0561,14.83,181.1,12.35,15.346,118.8,1
77.09,1.339,22.56,1.14,3.505,25.91,6186.1,3.35,0.0272,14.86,176.1,12.05,14.802,125.0,0
76.29,1.72,22.14,0.01,3.513,29.53,5798.6,3.79,0.0073,14.53,183.6,11.39,15.331,120.4,0
77.65,1.355,20.6,0.1,3.539,31.3,5678.8,4.5,0.0513,15.24,197.8,12.01,14.935,115.9,0
79.42,0.653,22.26,0.6,3.455,30.42,5944.9,2.08,0.0319,14.59,178.8,11.15,14.788,117.9,1
81.0,0.763,22.06,1.44,3.447,30.55,6127.5,3.74,0.0319,14.18,169.5,11.4,14.823,122.9,1
77.8,1.526,22.55,0.1,3.579,28.91,5841.6,3.06,0.0094,15.34,189.3,13.3,14.829,117.4,0
79.85,0.546,20.96,1.78,3.49,28.53,6253.6,0.38,0.0154,15.78,166.2,13.4,15.682,113.6,1
77.3,1.865,22.33,0.36,3.503,31.07,6126.5,1.01,0.044,15.02,185.1,12.81,15.097,114.9,0
76.76,1.342,21.3,0.53,3.505,29.81,5615.1,4.15,0.0077,14.04,186.3,10.89,15.096,124.0,1
76.75,0.595,22.38,0.43,3.458,29.41,6025.6,0.99,0.0061,15.81,179.8,12.58,15.159,121.1,1
77.22,1.061,23.81,0.18,3.426,31.71,5897.1,3.8,0.0251,14.72,188.9,11.85,14.792,124.6,1
80.32,0.459,21.19,0.22,3.6,28.16,5950.7,3.42,0.0705,14.83,173.8,13.39,15.114,117.3,0
81.89,1.106,21.39,2.22,3.563,29.94,6633.7,1.74,0.1033,15.56,169.6,9.71,15.14,121.4,0
79.69,0.971,21.74,0.38,3.577,31.53,6137.6,1.07,0.0204,15.81,177.0,11.47,15.403,117.0,1
78.94,1.395,21.65,2.88,3.462,30.81,5976.9,2.32,0.1138,14.19,173.6,11.41,14.851,118.0,0
77.85,1.023,22.13,2.29,3.547,29.71,5768.0,2.68,0.0116,15.18,172.4,13.03,14.878,119.2,0
76.53,1.456,22.06,0.31,3.449,29.39,5979.9,1.31,0.0444,16.0,182.4,11.23,15.057,127.3,0
80.78,0.931,22.15,0.2,3.522,31.85,5998.8,2.19,0.0563,14.81,182.6,11.89,14.696,122.4,0
79.75,0.304,23.25,1.04,3.513,27.91,6135.1,0.34,0.0517,14.81,173.4,11.53,14.572,122.4,0
76.99,0.036,22.26,0.04,3.515,28.67,5716.6,2.88,0.0417,15.23,182.2,10.28,15.141,111.0,1
76.62,1.142,22.26,0.13,3.445,29.41,5940.8,4.21,0.1043,14.18,180.0,11.93,15.265,123.0,0
78.71,0.674,22.17,1.64,3.438,28.84,6138.2,3.79,0.0229,14.35,175.8,12.42,14.859,120.9,0
74.87,0.88,21.26,0.45,3.568,29.52,6123.1,1.76,0.0696,16.09,182.3,12.6,14.701,114.2,0
75.91,1.128,21.03,0.76,3.462,29.76,6268.9,0.69,0.0117,15.36,180.1,12.96,15.101,124.9,0
79.01,0.288,21.37,0.49,3.526,30.3,6168.3,1.91,0.0228,14.99,169.8,12.2,14.81,125.7,0
77.35,2.139,21.99,0.08,3.509,28.0,6036.6,2.81,0.0376,14.16,182.8,11.31,14.962,124.9,0
77.89,0.202,21.01,0.79,3.525,30.01,6072.8,3.45,0.0505,15.05,193.4,11.05,14.991,117.3,0
76.92,0.138,22.13,0.85,3.496,30.77,5946.5,2.9,0.0796,15.04,190.8,12.19,15.066,122.7,0
78.14,0.375,22.75,0.31,3.523,27.6,5979.1,1.92,0.0546,15.48,174.0,11.18,15.24,116.5,0
76.63,0.274,24.02,0.26,3.501,30.76,6013.0,1.89,0.0463,15.04,168.9,11.74,15.019,116.3,0
77.48,1.216,23.08,1.26,3.522,28.2,6018.7,3.82,0.0279,15.09,185.9,10.59,15.331,119.2,0
79.28,0.767,22.46,0.71,3.574,32.28,6207.0,3.1,0.0257,15.27,175.5,11.84,14.812,119.0,0
78.93,0.684,20.67,0.42,3.505,31.18,6079.1,2.35,0.0135,15.21,183.0,11.36,15.161,121.1,0
77.53,1.229,22.93,0.08,3.478,29.98,5876.5,3.31,0.0655,14.28,194.8,12.94,15.288,119.9,0
78.27,1.472,22.53,0.41,3.459,32.96,6108.7,1.06,0.0068,14.49,186.6,12.05,14.949,122.7,0
78.02,1.219,20.66,0.03,3.524,30.05,6619.1,2.94,0.0163,15.3,198.5,11.14,14.609,106.9,0
78.61,0.139,21.44,0.06,3.518,29.56,6187.7,3.22,0.0076,14.42,187.5,11.75,14.834,124.6,0
74.59,1.408,23.4,0.11,3.527,30.17,5912.1,1.45,0.0248,15.81,189.9,13.38,15.044,123.2,0
78.51,1.064,22.41,0.65,3.497,28.5,5959.6,2.24,0.0079,14.81,174.0,12.8,15.085,116.9,0
78.03,0.512,22.82,0.88,3.491,29.19,5593.7,0.94,0.1179,14.05,171.5,11.07,15.061,122.0,1
80.02,0.742,21.64,0.35,3.615,31.87,5596.6,1.78,0.0253,14.21,168.7,12.5,15.458,106.8,0
76.37,0.559,23.42,0.13,3.619,32.79,5962.6,4.16,0.0117,15.51,187.0,11.39,15.136,120.0,0
77.54,1.116,21.73,0.11,3.456,28.55,6019.3,3.5,0.0478,14.8,172.9,12.72,15.009,118.0,0
80.1,1.583,20.63,0.37,3.495,31.84,5846.8,0.89,0.0879,15.35,177.7,12.62,14.785,120.9,0
76.54,0.677,21.7,0.48,3.392,31.19,5970.8,2.44,0.0831,15.44,184.8,12.18,14.164,113.9,1
79.1,1.249,21.13,1.52,3.499,30.38,5943.7,3.44,0.0605,14.98,182.7,13.52,14.74,120.7,0
76.85,0.671,20.91,0.29,3.516,28.36,5519.0,2.08,0.0501,14.74,188.9,11.76,14.801,124.4,0
76.44,0.403,21.49,0.04,3.498,29.65,5912.4,3.81,0.0576,14.78,170.1,11.68,15.044,125.4,0
76.58,0.729,22.39,0.42,3.467,30.47,6285.6,2.76,0.037,14.58,179.1,11.0,15.146,124.9,0
78.87,0.995,21.48,0.26,3.538,30.27,6329.7,2.01,0.0013,14.86,170.4,12.73,15.157,120.9,0
78.75,0.51,22.42,0.05,3.417,27.07,6389.0,3.01,0.0307,14.59,180.6,12.54,14.899,111.6,1
76.99,0.642,21.86,0.42,3.471,29.81,5874.1,3.2,0.0069,15.57,182.7,11.67,14.955,124.8,0
78.21,1.199,22.11,0.31,3.484,31.12,6050.1,3.66,0.0854,15.26,175.6,11.51,14.573,121.5,0
77.74,0.871,20.74,0.65,3.542,29.33,6084.0,1.41,0.0139,14.8,177.2,13.14,14.892,119.7,0
76.92,1.013,21.76,0.3,3.382,29.33,6091.7,1.35,0.0128,15.5,176.9,12.29,15.07,119.7,0
76.76,1.733,22.35,1.17,3.457,31.03,5951.4,4.12,0.0257,14.8,178.5,11.26,14.895,120.1,0
78.48,0.227,24.3,0.14,3.477,30.2,5940.0,2.89,0.0102,15.32,189.4,11.98,14.988,130.1,0
76.2,0.744,22.98,0.13,3.532,30.03,5475.4,1.54,0.007,16.12,190.2,10.93,15.44,115.1,0
78.51,1.734,21.2,0.0,3.5,33.38,6295.3,2.92,0.109,14.9,181.8,11.55,15.085,116.5,0
79.58,1.116,22.25,0.02,3.464,30.8,5960.9,2.78,0.008,15.62,168.3,12.57,14.99,119.0,0
77.42,0.775,22.03,0.4,3.517,28.28,5932.0,2.92,0.0295,14.64,190.8,11.18,15.169,119.1,0
78.95,1.454,22.45,0.69,3.499,30.43,6258.9,3.49,0.0129,14.27,178.6,11.94,14.672,117.2,0
78.2,0.926,21.82,0.23,3.519,28.73,5839.5,1.04,0.0279,15.06,166.6,12.11,15.181,119.2,0
77.51,2.086,21.89,0.11,3.519,27.4,6250.5,2.54,0.0182,15.4,177.0,11.41,14.924,117.9,0
77.94,0.444,22.47,0.12,3.572,32.25,6321.4,2.36,0.005,15.61,181.0,11.38,15.267,120.5,0
76.7,0.88,24.21,0.11,3.556,31.68,5966.2,2.08,0.0088,16.05,169.6,11.97,15.039,116.0,0
78.84,1.224,20.98,0.34,3.442,29.93,6115.4,2.18,0.0319,14.79,180.2,10.89,14.66,124.3,0
75.86,0.542,21.86,0.58,3.467,30.05,5666.1,2.19,0.0165,14.82,176.5,13.25,14.614,121.7,0
76.39,1.254,21.81,1.16,3.446,33.78,5903.8,1.08,0.0379,14.46,173.6,11.65,14.875,130.9,1
78.84,0.562,22.51,2.09,3.498,30.72,6179.7,1.7,0.0647,14.93,172.0,11.42,15.113,122.0,0
77.54,0.934,21.68,0.24,3.452,26.11,6030.7,3.6,0.001,15.05,171.3,13.42,15.346,121.7,0
73.3,0.81,23.66,0.75,3.464,29.34,5519.6,3.1,0.0345,16.5,174.3,12.38,14.758,127.7,0
77.59,0.987,20.63,1.45,3.485,29.56,5964.8,2.84,0.0114,15.92,183.5,11.87,15.215,117.2,1
76.89,1.104,22.04,0.26,3.516,30.69,6128.0,3.38,0.0056,14.37,162.1,11.91,14.95,122.5,0
76.18,0.785,22.19,0.07,3.591,28.73,5786.9,3.73,0.0902,15.15,194.2,12.12,14.51,115.7,0
82.25,1.341,21.92,0.77,3.535,32.7,6171.2,1.98,0.0527,13.54,188.8,14.2,14.834,120.0,1
77.1,1.389,21.88,1.56,3.599,29.2,5896.0,2.68,0.0385,15.25,182.4,11.58,14.966,121.5,1
73.75,1.026,22.45,0.61,3.683,31.83,5916.0,2.14,0.0016,15.61,187.5,11.82,14.853,104.4,0
78.68,1.221,23.03,0.12,3.511,30.55,6129.1,0.7,0.0044,14.45,188.7,11.51,14.796,113.3,0
79.94,1.302,23.38,1.07,3.455,33.5,6393.4,1.6,0.007,14.96,183.7,10.47,15.096,122.7,0
77.17,0.861,22.86,0.29,3.495,29.94,5671.3,3.62,0.0955,14.71,188.4,12.97,15.07,123.4,0
76.34,0.249,22.75,0.05,3.509,30.64,6165.4,2.72,0.0081,14.67,169.2,12.28,14.987,125.8,0
81.09,0.862,21.01,1.72,3.569,30.34,5702.6,0.82,0.046,15.34,177.8,12.16,14.74,108.4,0
76.38,0.974,23.0,1.32,3.439,31.12,6003.6,2.85,0.07,15.78,184.1,12.87,14.905,115.8,1
78.79,1.022,21.32,0.39,3.536,28.41,5827.6,1.99,0.0079,15.57,179.5,11.57,14.888,117.8,0
79.56,0.108,21.27,0.45,3.589,31.83,6443.1,1.74,0.0755,14.37,189.6,12.84,15.577,119.7,0
80.5,0.414,22.01,0.29,3.467,27.65,6157.6,2.59,0.0459,14.85,188.9,13.26,14.902,117.7,0
77.35,0.948,19.72,0.64,3.5,33.42,5689.8,2.11,0.0125,15.63,183.8,12.97,15.117,123.2,0
77.51,0.615,23.16,1.66,3.585,28.79,6135.2,3.07,0.029,15.66,189.3,12.97,15.014,123.1,0
78.3,0.825,20.82,0.22,3.565,31.91,5996.3,2.65,0.0298,14.99,173.1,12.18,14.952,112.3,0
76.65,1.021,21.64,0.5,3.608,30.9,5547.9,2.3,0.1108,14.26,172.4,14.07,14.414,128.6,0
76.46,0.568,21.75,0.98,3.501,30.55,5773.2,3.3,0.0078,15.33,165.3,12.1,14.791,118.3,1
77.83,1.0,21.4,0.27,3.494,30.92,5953.9,1.85,0.0435,14.26,184.0,10.71,15.12,121.1,0
79.31,0.715,21.68,0.5,3.506,28.5,5603.4,2.39,0.018,14.97,179.4,12.29,14.997,121.5,0
76.89,1.301,21.57,0.51,3.418,29.22,6081.5,1.77,0.0367,15.29,173.1,11.94,15.342,117.3,0
76.88,1.455,23.0,0.82,3.478,30.33,6005.0,0.68,0.0578,15.7,185.7,12.91,14.85,122.7,0
77.8,1.135,22.39,0.12,3.476,28.43,6297.8,2.6,0.0353,15.29,180.9,11.16,14.813,121.3,0
76.83,1.288,20.72,0.11,3.584,32.48,5895.0,3.09,0.0838,16.09,177.2,10.41,15.178,118.8,0
77.44,1.019,22.08,1.25,3.456,29.67,6058.3,3.71,0.0577,15.58,174.7,12.96,15.29,117.7,0
79.22,1.124,21.59,0.1,3.534,27.67,6209.0,2.86,0.0352,15.2,180.4,12.17,14.954,126.6,0
77.18,1.827,20.97,0.38,3.418,24.26,6042.6,2.36,0.0567,15.34,179.5,10.59,15.258,111.2,1
76.65,0.759,22.48,0.22,3.479,31.71,5918.2,2.65,0.0359,14.27,173.7,12.25,14.72,121.3,0
82.03,0.477,21.79,0.35,3.434,34.69,5578.0,1.46,0.0489,15.67,167.4,12.54,14.598,122.8,0
75.94,0.249,22.31,2.28,3.444,32.92,6085.8,2.86,0.0553,13.95,185.3,12.45,14.82,130.5,0
75.64,1.066,24.53,0.03,3.477,31.47,6107.6,0.32,0.0773,14.12,176.6,13.13,15.277,116.9,0
74.42,1.201,21.61,0.02,3.409,33.53,5728.4,2.17,0.0286,15.28,209.9,12.91,15.347,123.8,0
79.84,1.085,21.21,0.05,3.523,29.95,5976.1,1.81,0.0148,14.75,180.4,12.67,15.183,116.4,0
78.58,1.174,21.77,1.39,3.466,26.88,6047.6,2.56,0.0812,14.68,174.2,9.56,14.625,119.6,0
78.99,0.622,23.51,1.17,3.416,28.7,6322.5,0.91,0.1154,13.53,189.1,9.61,14.689,108.2,0
79.41,0.77,20.79,0.12,3.508,25.21,5724.9,2.33,0.0234,14.44,163.6,12.23,15.284,121.1,0
75.66,0.784,21.61,1.56,3.514,27.46,5854.9,3.32,0.0172,15.57,180.2,12.56,14.792,123.7,0
78.02,1.673,22.38,0.1,3.482,30.1,6171.2,3.28,0.0503,15.3,186.4,13.08,14.836,118.8,0
77.04,1.188,23.51,0.47,3.542,31.2,6121.4,2.49,0.0674,15.43,173.0,11.19,14.982,122.5,0
77.83,0.46,22.25,0.09,3.54,30.14,6382.2,3.02,0.0137,15.03,173.2,12.66,14.827,118.3,1
77.74,1.059,21.3,0.13,3.49,32.44,6223.5,2.44,0.014,15.01,177.9,10.97,14.997,119.4,0
79.05,0.653,21.08,0.01,3.451,26.57,5713.6,1.34,0.0006,15.46,172.7,12.11,14.884,128.1,1
80.1,0.497,22.28,0.23,3.381,31.1,6206.3,2.03,0.0207,14.58,187.9,11.64,15.239,121.7,0
78.38,0.867,21.96,0.12,3.499,31.23,5857.4,1.78,0.1276,14.9,174.5,12.98,15.107,115.9,0
77.42,1.889,21.32,2.46,3.389,32.14,5895.8,1.67,0.0751,15.88,199.0,11.09,15.208,119.1,0
77.31,0.102,20.98,0.27,3.401,29.87,6251.1,1.96,0.0417,15.37,178.8,11.89,14.733,123.8,0
77.34,0.533,22.78,0.02,3.482,30.65,5943.7,2.39,0.1502,14.98,190.6,11.74,15.248,121.7,0
79.57,0.723,22.18,0.61,3.519,29.17,6017.3,2.1,0.0061,14.98,188.2,12.18,15.138,123.8,0
79.17,1.308,23.27,0.41,3.525,31.18,6170.0,3.36,0.0355,14.9,162.1,10.49,15.005,116.8,0
78.85,1.137,22.69,1.69,3.508,31.43,6425.7,1.95,0.0019,14.8,175.9,11.66,14.83,115.4,0
75.21,0.917,22.39,0.09,3.461,28.84,6026.5,2.79,0.0057,14.7,176.1,11.26,14.999,119.2,0
78.6,1.826,21.62,0.18,3.505,33.0,6355.5,2.77,0.0245,15.31,174.6,11.2,15.218,132.1,0
77.9,0.481,22.92,0.62,3.538,28.98,5995.2,1.75,0.0961,14.12,176.1,13.34,15.031,122.5,0
79.3,1.503,23.22,0.17,3.46,29.07,5839.8,1.58,0.0534,14.4,171.6,11.87,14.93,113.8,0
81.11,0.672,19.66,0.4,3.54,32.31,5811.9,1.52,0.1683,16.1,183.6,12.44,14.846,115.5,0
76.19,1.08,21.85,0.05,3.273,31.2,6139.9,2.62,0.0085,14.34,192.6,13.37,15.722,117.4,0
78.23,0.662,22.52,0.69,3.496,30.08,5903.1,1.05,0.1053,15.21,173.4,12.12,15.315,119.4,1
78.14,1.107,22.12,0.24,3.513,31.4,6094.4,3.94,0.0629,14.95,181.5,12.29,14.995,122.3,0
78.75,0.698,22.21,1.37,3.553,29.41,6240.4,0.93,0.0303,14.54,165.0,10.41,15.101,124.9,0
77.22,1.218,22.39,0.58,3.476,29.33,5958.1,3.71,0.0539,15.04,185.2,11.39,15.242,121.3,0
80.71,0.436,22.06,0.03,3.483,31.49,6144.8,1.76,0.0441,15.12,178.5,11.52,14.831,120.6,0
78.05,0.931,21.95,0.32,3.419,29.85,5908.9,2.11,0.0474,15.25,185.8,12.33,14.96,117.0,0
77.96,0.936,23.48,0.05,3.538,29.95,5959.5,2.58,0.0838,14.97,184.7,9.42,15.2,124.2,0
76.85,1.218,22.23,0.07,3.43,27.96,6224.0,3.08,0.0187,15.6,185.8,11.98,14.947,116.7,0
78.09,1.086,21.39,0.33,3.529,31.8,5965.9,2.88,0.0831,15.27,167.1,12.03,14.712,125.8,0
79.3,0.512,23.0,0.15,3.574,29.34,5961.4,1.52,0.0682,15.51,183.6,12.18,14.386,124.0,0
77.29,0.73,22.54,1.0,3.583,28.33,5930.7,2.4,0.0501,15.87,166.8,10.81,14.851,116.8,0
77.12,0.862,21.14,0.93,3.398,28.41,5830.3,1.73,0.0037,14.39,185.5,13.32,14.515,114.4,1
75.82,2.936,22.73,0.94,3.492,31.38,5715.9,1.66,0.0116,15.62,183.2,13.35,15.191,121.2,0
77.2,0.054,22.19,0.22,3.508,25.45,6048.1,1.5,0.009,14.62,185.0,12.8,14.884,117.6,0
79.87,0.984,20.21,0.0,3.455,28.35,6097.8,1.93,0.0149,14.58,166.4,10.96,15.435,121.2,0
77.81,1.641,22.66,1.03,3.505,32.29,5691.3,0.69,0.0675,15.98,186.9,12.58,15.087,120.9,0
78.66,1.595,21.91,0.18,3.508,28.84,6386.0,3.25,0.0319,14.94,180.6,12.62,14.676,120.7,1
78.31,1.166,21.51,0.66,3.48,28.08,5871.1,1.4,0.0009,15.11,183.8,12.07,14.984,119.4,0
77.32,0.541,22.44,0.21,3.474,29.46,6067.3,2.28,0.0207,15.41,176.6,10.81,15.214,115.7,0
81.55,2.009,23.0,0.92,3.558,33.82,6053.9,3.62,0.0224,14.58,185.3,13.46,15.11,119.4,1
77.31,1.427,22.08,0.0,3.516,29.93,5859.2,3.5,0.0371,14.55,168.5,12.84,15.076,119.2,0
79.63,1.191,21.84,0.37,3.469,31.88,6116.1,2.83,0.0035,15.36,169.9,11.81,15.466,120.5,0
76.11,1.064,21.38,0.25,3.431,28.41,6261.7,2.53,0.1042,15.43,179.5,13.23,15.201,115.1,0
76.92,1.409,22.35,0.43,3.533,30.1,6108.8,2.84,0.0067,14.32,175.3,11.48,14.927,115.0,0
78.67,1.234,22.99,0.03,3.48,30.78,5757.3,3.42,0.0536,14.94,173.8,11.9,15.289,113.3,0
81.42,1.263,22.59,0.59,3.543,29.67,5676.6,0.83,0.0203,14.27,177.7,11.74,14.895,123.5,0
75.89,0.608,23.4,1.09,3.433,29.75,6135.8,2.08,0.0366,15.5,176.1,12.9,15.243,120.5,0
78.41,1.36,22.47,0.98,3.437,31.91,5634.5,2.49,0.0904,14.9,176.4,12.26,14.887,123.0,0
77.94,1.102,20.69,0.4,3.489,29.33,5939.7,2.26,0.0081,15.3,190.2,11.4,14.726,120.1,0
78.44,0.874,22.31,0.2,3.549,26.35,5893.6,0.9,0.0269,13.76,176.6,11.95,15.211,115.9,0
81.85,1.513,23.28,1.12,3.513,31.65,5686.6,3.39,0.0936,14.64,180.0,12.97,15.017,110.7,1
77.53,0.767,22.22,0.7,3.4,32.73,5732.7,1.04,0.0136,14.56,174.9,10.62,14.938,116.5,0
78.13,1.177,22.85,0.26,3.555,30.83,6143.3,2.38,0.0355,14.52,188.9,10.86,14.929,117.0,1
77.93,0.027,22.81,0.16,3.515,31.24,5919.3,3.34,0.0047,14.15,170.5,12.42,15.292,118.9,0
75.43,0.854,21.93,0.33,3.454,30.31,6040.4,2.97,0.0205,14.85,172.9,12.88,14.943,114.8,0
77.72,0.749,21.66,0.64,3.584,27.99,5777.7,2.61,0.0564,15.92,184.0,12.03,15.123,122.6,1
78.06,1.709,21.5,1.29,3.553,29.72,6284.0,2.87,0.0143,14.8,179.1,11.52,15.309,119.3,0
75.99,1.053,20.72,1.53,3.554,29.14,6158.1,2.95,0.0851,15.51,191.3,11.82,14.426,120.7,1
79.45,0.981,21.15,0.2,3.452,29.85,5806.2,2.86,0.0088,15.48,183.0,12.0,14.774,116.7,0
75.42,0.749,19.8,0.8,3.556,29.16,5686.2,4.02,0.119,15.14,176.9,11.38,15.011,121.2,1
78.58,0.461,21.5,0.28,3.493,27.9,6142.1,3.59,0.0328,15.25,173.3,12.33,14.642,120.0,0
77.17,1.175,22.54,0.0,3.562,30.47,5865.6,3.58,0.0154,15.05,176.8,12.13,15.105,123.8,1
77.94,0.491,22.95,1.06,3.495,29.87,5931.2,1.04,0.0243,15.57,175.7,12.03,14.955,116.7,0
79.1,0.802,22.19,0.15,3.57,31.94,6233.2,0.93,0.0346,14.63,188.1,11.28,14.961,118.3,0
78.37,1.141,22.28,0.4,3.505,30.98,6148.2,3.91,0.0502,15.24,166.6,12.24,14.796,119.8,0
77.67,1.953,22.19,0.13,3.476,31.04,5938.6,2.49,0.0618,14.37,180.7,12.49,14.92,120.7,1
81.41,1.559,22.59,0.9,3.487,28.35,5876.7,2.24,0.096,15.4,171.5,12.0,14.774,113.7,0
76.46,1.974,20.48,0.95,3.509,29.93,5976.2,4.36,0.0054,14.93,198.6,11.87,14.747,119.2,0
77.71,0.755,23.14,0.4,3.452,29.47,5996.9,3.41,0.0076,15.42,165.7,11.53,15.019,120.6,0
78.66,0.149,20.8,0.41,3.577,28.79,6175.5,2.83,0.0502,14.76,181.7,13.36,15.224,120.3,0
81.21,1.458,21.78,0.25,3.589,30.84,5992.8,0.24,0.1235,15.6,196.3,13.44,14.725,120.5,0
76.55,1.453,21.76,0.13,3.501,29.9,6232.8,2.92,0.0155,15.08,172.1,11.64,15.158,118.9,0
78.78,1.152,23.14,1.29,3.384,28.77,5865.5,1.93,0.0613,15.08,185.1,11.82,15.23,112.4,0
77.71,0.808,23.31,0.45,3.511,28.63,6205.5,2.59,0.0755,14.62,177.5,12.8,14.953,119.8,0
80.75,0.835,21.76,0.04,3.551,28.66,6553.5,2.78,0.0368,13.87,161.5,12.32,14.56,110.3,1
80.8,0.073,22.09,0.1,3.461,29.72,6395.4,4.47,0.0788,14.14,172.0,11.9,15.019,118.6,0
77.59,1.617,22.15,0.31,3.494,27.97,6010.7,2.13,0.0468,14.82,173.3,12.16,15.352,121.7,0
76.56,1.788,20.62,0.78,3.538,29.63,5864.6,2.5,0.0124,14.7,185.5,11.23,14.768,119.2,0
79.16,0.896,21.71,0.1,3.484,27.39,6037.4,2.16,0.0249,15.05,190.4,10.52,14.904,117.2,0
79.27,0.778,21.52,0.32,3.516,30.91,5787.6,2.57,0.0393,15.15,188.5,12.76,15.172,113.8,1
77.93,1.209,20.42,0.87,3.393,29.25,5723.9,4.72,0.0057,14.43,169.6,11.83,15.43,118.0,0
75.95,0.895,21.48,0.61,3.466,31.56,6130.2,1.73,0.0432,15.27,189.2,13.55,15.024,117.4,0
77.71,0.986,22.66,0.23,3.528,31.78,5690.8,4.65,0.0742,14.81,176.6,12.4,14.723,126.0,0
78.31,0.968,23.0,0.32,3.38,28.81,5728.5,3.59,0.0894,15.97,176.4,11.36,15.009,125.6,0
80.16,1.028,22.93,1.73,3.492,31.19,6323.6,3.58,0.0447,14.76,158.6,11.27,15.084,112.1,0
78.46,0.765,21.64,2.52,3.488,28.7,6203.8,5.32,0.046,15.33,167.6,13.92,15.602,122.9,1
73.54,0.659,22.32,0.11,3.583,31.75,5974.5,2.01,0.0128,14.62,169.4,13.74,14.82,116.5,0
79.97,1.211,23.21,0.55,3.473,30.22,5846.8,1.12,0.0406,14.21,181.6,11.09,15.497,116.8,0
79.55,1.114,22.47,0.3,3.535,28.19,5940.7,3.46,0.022,15.03,184.4,12.13,15.326,123.6,0
78.62,0.849,21.0,0.13,3.477,31.55,5752.0,0.81,0.0018,15.27,195.8,12.12,15.082,121.7,0
76.7,0.407,21.93,0.34,3.557,32.71,5863.7,1.82,0.0256,15.71,181.3,11.06,15.081,121.5,0
73.67,1.75,20.87,0.09,3.455,30.16,5670.9,0.01,0.003,16.03,184.7,12.33,15.242,96.6,0
75.0,0.535,22.61,0.63,3.586,30.31,6137.1,3.87,0.0042,15.33,182.1,13.34,14.734,130.2,0
77.1,1.393,21.92,1.0,3.448,32.53,5925.8,4.1,0.0218,15.6,175.9,12.39,14.885,116.4,0
79.0,1.411,21.78,0.68,3.477,29.56,5944.4,4.26,0.0035,14.46,178.8,13.15,15.003,122.4,0
78.74,1.385,22.06,2.1,3.535,30.68,5899.9,2.44,0.0237,15.65,183.6,12.05,15.092,115.2,1
81.65,1.454,22.51,0.07,3.469,30.4,5926.5,3.81,0.0761,14.73,182.4,11.14,15.147,112.9,1
76.64,1.553,22.42,0.72,3.549,29.2,6072.3,0.85,0.0021,13.73,184.1,11.53,14.811,116.1,0
79.86,0.401,21.99,0.29,3.55,28.99,5963.9,1.56,0.0494,14.29,179.1,10.92,15.05,114.0,0
76.96,0.271,21.53,0.12,3.69,31.29,6321.3,2.67,0.039,14.67,153.6,10.68,15.197,122.6,0
80.7,1.722,24.29,0.33,3.465,30.27,6603.1,1.16,0.0044,15.55,214.3,12.74,15.201,100.5,0
77.43,1.282,22.16,1.03,3.568,29.2,5968.2,1.83,0.0155,14.66,173.5,13.07,15.075,111.9,0
76.46,0.826,21.55,0.2,3.464,28.2,5974.2,2.72,0.0299,14.5,193.4,12.07,15.194,111.6,0
76.58,0.119,21.9,0.31,3.469,30.04,5789.4,3.11,0.0519,14.79,174.2,11.77,14.854,121.8,1
78.5,0.66,21.06,0.8,3.475,30.32,5981.4,1.68,0.0207,15.54,172.0,12.95,15.264,123.5,0
78.34,1.243,22.06,0.16,3.558,29.87,5944.2,1.26,0.0602,14.74,175.0,12.79,15.421,125.0,0
77.38,0.52,21.93,1.81,3.402,29.67,6376.3,3.7,0.0268,15.38,165.1,13.13,14.619,122.8,0
77.84,1.691,22.03,0.87,3.5,32.16,6233.2,4.34,0.0143,15.41,179.9,12.41,14.917,122.1,0
79.31,0.814,22.89,1.28,3.552,27.89,5890.8,2.85,0.0101,15.39,179.0,12.14,15.146,128.8,0
77.36,0.628,21.99,0.11,3.55,29.33,5806.3,3.17,0.0209,15.35,183.1,11.9,15.192,116.6,0
77.09,1.959,23.2,1.25,3.383,31.42,5810.6,0.6,0.0245,13.87,187.9,12.6,14.986,121.0,0
78.43,1.197,21.11,0.84,3.454,27.82,6056.5,2.15,0.0346,14.94,192.8,12.9,15.054,119.8,0
77.72,1.731,23.19,0.09,3.51,28.34,5905.5,2.52,0.0251,15.17,177.6,10.1,14.608,120.2,1
79.56,0.33,22.99,0.77,3.42,27.74,5717.8,1.8,0.0359,15.06,194.1,15.25,14.681,121.3,1
77.98,1.488,22.72,0.13,3.534,29.64,6101.2,1.94,0.0079,16.82,177.4,13.56,14.535,132.7,0
76.78,0.586,22.01,0.09,3.439,29.55,6026.0,3.51,0.0172,14.01,176.5,11.95,14.852,122.2,1
76.37,1.326,21.46,0.56,3.442,29.01,6161.1,3.23,0.0622,14.73,174.6,11.45,14.964,116.5,0
81.42,0.843,21.76,0.22,3.562,31.92,6187.6,1.84,0.0389,15.13,195.0,12.11,15.195,118.6,0
77.44,1.098,20.79,0.28,3.436,28.71,5966.1,2.81,0.036,15.05,167.1,11.91,15.171,125.2,0
79.26,0.238,22.22,1.05,3.471,32.03,5813.4,1.37,0.0491,14.47,174.7,11.98,14.759,125.5,0
78.81,0.65,21.9,0.65,3.53,32.25,6085.2,3.04,0.0036,15.26,176.5,12.24,15.087,116.4,0
78.26,0.996,21.67,0.16,3.531,30.37,5936.4,1.84,0.0226,14.6,177.1,11.17,14.906,115.7,0
77.15,0.979,23.23,0.64,3.565,28.28,6017.3,2.05,0.0037,14.84,181.4,13.35,14.801,117.7,0
78.1,0.453,21.24,0.34,3.532,30.43,5995.2,2.85,0.0348,14.78,187.5,11.41,15.181,122.0,0
78.62,1.235,22.36,0.27,3.505,29.23,6103.8,2.95,0.0861,15.15,196.8,11.65,15.126,124.1,1
77.74,1.193,22.12,1.78,3.475,30.14,6219.1,3.76,0.0586,14.83,178.5,11.74,15.113,121.9,0
79.2,1.08,22.4,0.36,3.49,30.31,6164.6,2.11,0.0137,13.93,173.4,12.57,15.081,107.7,0
78.29,0.503,22.85,0.51,3.515,29.76,5865.0,1.86,0.0389,15.52,176.7,14.66,14.851,120.7,1
78.26,1.513,23.02,0.46,3.514,33.51,6036.3,3.84,0.0268,15.18,179.4,12.28,14.968,110.0,1
80.79,0.741,21.9,0.11,3.468,28.74,5796.3,3.59,0.0114,14.9,180.5,12.39,14.639,117.0,0
79.28,1.26,22.04,0.86,3.539,31.18,6240.6,2.95,0.0569,15.17,175.5,12.7,15.238,117.9,0
77.83,1.535,22.15,0.56,3.451,30.36,5872.8,1.82,0.0125,15.43,188.1,12.24,15.116,117.3,0
78.15,2.216,21.92,1.35,3.476,30.74,6087.7,1.37,0.1402,14.51,184.0,12.97,15.137,119.7,0
78.98,1.887,20.77,0.55,3.443,30.48,5926.2,2.16,0.0146,15.32,164.6,11.48,15.018,111.5,0
78.72,0.68,22.41,0.36,3.552,29.73,5880.8,3.3,0.017,15.18,183.1,13.24,14.906,119.1,0
80.22,1.473,21.36,0.07,3.551,30.91,5884.2,2.54,0.0179,15.56,175.6,12.58,14.487,125.1,0
77.76,0.508,22.18,1.26,3.523,29.68,6135.9,3.41,0.0612,15.43,169.9,11.74,15.091,120.4,0
77.42,0.9,21.89,0.31,3.525,30.07,5870.4,2.87,0.0593,15.15,169.1,12.03,14.805,121.7,0
75.81,0.952,22.36,0.54,3.431,31.39,5941.4,3.49,0.0281,14.74,175.9,11.72,15.119,119.0,0
77.74,1.337,22.97,0.46,3.496,29.0,5880.4,2.1,0.0209,14.78,183.0,10.92,15.564,128.3,0
80.63,2.059,22.32,1.51,3.416,26.73,5666.0,6.3,0.109,14.74,191.8,11.46,15.491,117.8,1
79.4,0.81,23.26,0.09,3.512,31.57,5864.9,2.17,0.0241,14.8,179.3,12.49,15.121,119.1,0
80.78,1.961,23.61,0.43,3.57,30.06,5757.6,2.61,0.0476,14.19,161.9,11.21,14.83,122.8,0
80.94,0.824,21.76,0.79,3.534,25.99,6126.2,1.11,0.0532,14.39,174.4,11.71,14.578,130.6,0
73.64,1.345,20.96,0.34,3.527,31.4,6048.7,3.29,0.1047,14.67,159.8,12.05,14.729,113.5,0
79.68,0.377,21.35,0.18,3.517,29.99,6004.2,3.01,0.0132,15.44,185.7,13.19,15.017,126.4,1
78.0,0.641,23.42,1.13,3.563,30.76,6008.4,3.12,0.0007,15.28,180.8,12.82,14.896,123.5,0
76.01,0.84,23.39,0.22,3.388,29.23,5896.3,1.8,0.0804,14.88,178.8,12.45,15.467,107.0,0
77.85,0.748,22.17,0.17,3.517,29.68,6282.0,2.47,0.0177,14.59,187.1,12.73,14.819,119.1,1
77.22,0.439,22.45,0.7,3.484,31.07,6313.6,1.71,0.102,16.27,179.2,11.85,15.356,117.6,1
78.05,1.535,21.38,0.15,3.444,30.66,6111.0,4.44,0.0151,14.85,173.2,12.18,14.564,118.1,1
76.56,1.258,22.17,0.06,3.442,29.48,6122.8,3.54,0.0267,14.17,169.5,12.57,15.044,120.6,1
78.77,2.02,21.06,0.12,3.527,30.08,6201.4,1.47,0.0131,15.9,183.4,13.42,15.178,117.4,0
77.05,1.379,22.92,1.06,3.36,30.06,5835.2,4.59,0.0798,15.44,183.7,12.17,14.994,125.4,1
76.94,1.018,21.98,0.24,3.496,33.21,6155.1,2.82,0.0796,14.87,183.8,12.62,14.929,114.9,0
80.64,1.2,22.07,0.21,3.579,30.23,5814.4,1.8,0.1089,15.58,191.7,11.54,15.069,120.5,1
77.59,1.522,22.32,0.47,3.5,29.36,6068.8,1.27,0.0254,14.88,179.5,11.0,15.1,124.4,0
76.5,0.718,22.83,0.09,3.523,29.59,6155.2,2.8,0.0011,14.12,199.6,12.0,15.1,119.4,0
73.56,1.276,22.83,0.07,3.596,32.04,5918.3,4.92,0.0291,14.61,175.4,14.08,14.779,125.1,1
77.96,1.335,21.92,1.04,3.609,29.68,6083.8,3.01,0.0168,14.38,185.5,12.47,15.013,129.0,0
79.8,0.823,21.68,1.47,3.465,30.79,6142.3,2.62,0.0145,15.85,162.0,12.85,14.932,122.7,0
78.63,0.918,21.42,0.09,3.508,30.83,5926.8,2.32,0.0324,15.12,183.9,11.71,15.358,126.5,0
76.97,0.742,21.8,0.08,3.509,31.39,6117.9,3.13,0.0358,14.95,180.2,11.41,15.03,114.6,0
76.9,0.994,21.83,0.03,3.478,31.79,6111.1,2.52,0.0053,15.5,170.6,13.53,14.938,125.5,0
77.26,0.779,22.57,0.37,3.472,27.85,5718.0,2.74,0.0372,14.19,175.9,12.2,15.01,117.2,0
79.63,1.107,23.02,0.0,3.512,30.4,5575.7,3.49,0.0478,15.89,194.9,12.42,15.155,114.9,0
75.58,1.026,22.13,0.29,3.498,30.01,6067.7,2.77,0.017,14.96,179.7,12.28,15.236,127.4,0
78.67,0.843,22.96,1.48,3.596,33.09,6098.6,4.08,0.004,14.14,194.2,13.5,14.838,123.4,0
78.59,1.223,21.4,0.6,3.478,29.54,6153.0,2.68,0.0308,15.37,185.3,10.75,15.112,127.3,0
78.27,0.395,22.19,0.98,3.508,32.06,6082.3,2.43,0.0184,14.62,185.8,11.13,14.987,124.8,0
78.26,1.717,22.17,0.23,3.608,28.97,5909.6,2.7,0.0223,15.26,170.5,12.3,14.489,116.4,0
77.66,1.436,23.17,0.11,3.495,30.23,5957.7,1.49,0.0408,14.79,206.1,11.85,15.179,118.6,0
77.27,1.203,23.23,0.41,3.454,30.5,5816.7,3.03,0.0284,14.26,185.6,10.98,15.183,125.6,0
76.88,0.74,20.89,0.46,3.548,26.82,6396.3,2.83,0.0533,15.77,177.3,12.02,15.149,125.9,0
75.97,0.669,21.69,0.01,3.534,31.34,6142.7,3.05,0.0665,14.69,188.5,11.59,15.175,119.3,0
76.55,0.406,23.33,1.89,3.508,30.21,5848.5,1.54,0.0426,15.12,175.0,12.08,15.062,118.2,0
73.38,0.56,21.39,0.6,3.506,28.74,6028.4,1.63,0.0471,15.62,194.9,12.02,15.432,121.4,0
79.71,1.779,22.56,0.01,3.49,29.69,6035.4,2.42,0.0515,14.83,174.7,11.42,15.045,114.3,0
80.1,0.66,21.74,0.42,3.526,27.86,6255.1,4.07,0.0103,14.96,202.0,12.89,15.179,114.8,1
77.03,1.637,22.87,0.9,3.539,30.18,5799.8,3.85,0.1259,14.64,165.3,11.97,14.691,114.8,0
77.71,0.784,22.78,2.61,3.462,28.63,5980.2,2.62,0.0103,14.98,173.7,11.58,14.989,122.5,0
79.08,1.285,21.82,0.44,3.459,30.0,5671.1,2.74,0.0598,14.99,180.0,11.66,14.613,117.9,0
77.73,1.109,22.63,1.42,3.68,29.36,6007.2,1.95,0.0251,15.73,163.8,12.89,14.819,112.3,0
81.24,0.122,18.83,0.67,3.475,31.71,5824.9,2.53,0.0036,14.28,193.4,10.81,15.205,118.3,0
77.07,0.492,22.09,0.74,3.436,31.17,5695.1,0.97,0.0121,14.67,173.1,11.88,15.258,115.9,0
79.02,0.738,21.56,0.25,3.578,29.2,6205.5,1.41,0.0325,15.58,192.6,12.41,14.835,122.4,1
78.03,0.2,21.62,0.53,3.484,29.74,5994.1,1.9,0.0873,15.29,189.9,9.77,15.137,111.7,1
78.67,1.5,21.64,0.82,3.539,29.95,5991.3,2.86,0.052,15.24,171.9,11.48,15.091,117.9,1
78.43,1.796,22.06,0.41,3.542,31.0,5863.7,2.36,0.0701,15.09,176.1,12.27,14.944,126.1,0
78.22,0.966,21.63,0.2,3.441,31.01,6042.4,5.48,0.0283,14.99,189.3,12.51,14.568,120.6,0
78.32,1.524,22.98,0.62,3.477,32.51,5924.9,1.57,0.0163,15.44,177.4,10.68,14.919,116.2,1
76.04,0.668,20.95,0.09,3.518,27.05,6143.0,3.22,0.0514,14.92,181.2,13.39,14.975,124.2,0
79.41,0.976,22.27,1.34,3.612,29.66,6000.2,2.77,0.0863,15.31,171.2,13.0,14.751,118.7,0
78.63,0.795,21.83,1.63,3.484,29.61,5961.2,1.7,0.0248,15.74,176.9,11.34,14.999,111.9,0
73.85,1.495,21.0,1.26,3.465,30.22,5844.5,3.69,0.0952,14.08,180.2,10.51,14.891,120.5,1
79.07,1.17,21.63,1.09,3.384,29.82,5714.1,2.31,0.0639,14.87,174.5,11.8,15.109,126.0,0
75.59,0.894,22.63,0.42,3.532,30.41,5918.2,3.6,0.0129,15.07,196.7,11.92,15.465,124.4,0
78.87,0.773,22.95,0.25,3.551,27.46,5465.9,2.46,0.1206,15.38,186.4,11.9,14.978,114.5,1
79.2,2.295,22.92,0.27,3.513,30.96,6060.0,1.69,0.0719,14.82,182.0,11.38,15.226,128.0,1
74.76,0.827,22.06,0.79,3.503,29.82,6003.3,1.14,0.0025,14.75,169.4,12.52,15.223,116.0,0
76.88,1.566,21.85,0.15,3.503,28.61,5929.9,2.01,0.0351,14.72,178.2,11.19,15.208,128.3,0
78.44,0.135,21.32,0.18,3.474,29.54,6146.2,2.29,0.017,14.97,182.1,12.84,15.363,121.3,0
79.91,1.484,22.95,1.21,3.611,28.93,6165.9,0.86,0.0914,15.37,181.8,12.97,15.221,122.7,0
78.41,1.06,22.2,0.07,3.542,29.33,5934.1,2.82,0.0346,14.78,169.4,12.86,14.528,118.7,0
76.71,1.584,21.86,0.69,3.372,29.84,5788.6,0.4,0.0895,14.71,171.7,11.15,15.058,117.4,0
78.04,1.209,21.53,0.01,3.451,29.85,6067.7,2.51,0.0188,14.39,174.9,12.47,14.665,131.1,1
73.49,0.365,21.36,1.96,3.485,32.9,5883.7,3.64,0.0209,14.93,188.9,10.7,15.068,119.7,0
77.44,0.037,23.22,0.32,3.479,30.23,6053.0,3.41,0.0056,16.59,182.7,12.44,15.161,120.9,0
75.56,0.732,21.45,0.77,3.575,26.84,5622.6,3.57,0.0045,14.46,186.1,12.35,14.957,134.7,0
80.73,0.914,22.58,0.4,3.543,31.95,6134.1,2.1,0.0829,15.1,170.9,11.6,14.912,121.7,1
77.76,0.23,21.94,0.38,3.503,28.24,5804.2,2.14,0.055,14.82,176.7,11.33,14.888,121.3,0
79.02,0.465,22.08,1.41,3.48,32.18,6155.5,2.37,0.0145,14.58,183.3,11.4,14.826,119.1,0
77.33,1.256,23.41,2.79,3.448,27.75,5957.3,2.2,0.03,15.81,180.8,12.35,15.271,120.5,0
76.52,0.338,21.0,0.61,3.473,25.94,5760.8,2.15,0.0531,15.6,201.2,12.2,15.178,112.9,0
77.81,1.815,21.52,0.26,3.573,30.84,5900.1,2.17,0.0693,14.92,180.2,11.63,14.989,126.8,0
74.54,0.413,22.08,0.29,3.371,29.06,6102.9,2.07,0.0678,15.75,176.1,10.06,14.595,119.3,0
74.63,1.825,20.68,0.13,3.513,29.42,5688.4,3.39,0.0914,14.61,174.2,11.03,15.417,125.8,0
76.77,1.368,21.88,0.3,3.603,27.74,5643.8,1.79,0.0616,15.07,166.6,11.0,14.912,121.0,0
77.16,1.268,23.29,0.49,3.455,28.97,5894.9,2.75,0.0231,14.16,186.4,12.06,15.389,123.9,0
79.47,1.189,20.98,0.01,3.474,31.59,5952.6,2.99,0.0319,14.31,184.1,12.64,15.129,125.8,0
76.23,0.703,21.86,1.24,3.502,33.51,6205.7,0.9,0.0647,14.29,211.9,11.35,14.95,117.8,0
76.62,1.383,20.89,1.6,3.533,29.23,5895.6,0.63,0.0681,14.63,197.2,11.02,15.604,121.9,1
75.85,0.037,21.65,1.09,3.545,29.01,6164.9,1.37,0.009,14.78,185.4,11.56,14.843,128.4,0
79.06,0.577,22.88,1.05,3.474,29.31,5667.1,2.03,0.0003,14.95,185.1,12.13,15.036,110.7,0
79.02,0.347,22.45,0.2,3.465,30.5,6128.2,1.85,0.0161,15.34,174.3,11.45,14.957,126.0,0
80.83,1.092,21.52,0.19,3.502,31.03,5792.0,2.56,0.074,14.5,167.6,12.39,15.351,119.9,0
78.49,0.497,22.83,1.13,3.497,30.21,5680.6,2.64,0.1124,13.84,181.7,13.61,15.452,110.2,0
76.8,1.15,22.7,0.31,3.512,32.45,6146.3,0.87,0.0155,15.65,179.4,12.45,15.055,122.1,0
76.7,1.297,22.17,0.06,3.537,28.38,5812.8,3.03,0.0094,15.14,170.0,11.36,14.872,117.2,0
75.31,0.5,21.19,0.64,3.532,30.94,5786.5,2.25,0.0247,14.23,176.4,11.92,14.806,112.5,0
78.02,0.703,21.73,0.07,3.503,27.84,5583.7,1.1,0.0511,15.13,187.6,11.36,15.078,126.9,0
76.76,1.148,22.52,0.29,3.54,29.72,5908.6,3.36,0.0104,15.08,188.9,11.83,14.979,114.6,0
77.03,1.333,22.64,1.13,3.481,30.01,6027.7,2.82,0.0063,14.82,182.5,11.33,14.93,121.7,0
78.78,0.676,23.89,0.66,3.481,29.7,6059.4,1.15,0.0778,14.73,175.1,12.62,15.398,126.3,1
75.76,2.046,22.08,2.83,3.562,32.23,6120.2,1.82,0.0295,14.34,157.9,12.34,14.716,122.4,1
74.28,0.793,21.65,0.2,3.409,28.93,6191.0,0.13,0.0613,15.13,169.5,12.69,15.022,118.0,1
78.38,0.91,23.1,0.11,3.591,29.24,6048.9,3.73,0.0539,15.27,184.2,12.65,14.76,118.5,0
78.99,0.898,22.51,0.43,3.481,30.55,5849.6,1.96,0.0197,14.54,179.6,12.32,14.816,125.6,0
76.14,0.428,22.07,0.63,3.487,31.65,6067.1,2.4,0.0664,15.48,174.9,12.04,15.102,116.5,0
79.38,1.249,21.92,1.51,3.546,26.88,5981.0,3.33,0.007,14.63,169.0,11.61,14.661,120.9,0
77.14,1.713,22.1,0.16,3.572,28.72,5843.9,1.29,0.0588,14.6,169.2,12.97,14.621,109.0,0
78.53,1.291,22.19,0.0,3.577,29.97,6070.7,2.47,0.063,15.08,174.6,11.92,15.046,122.5,0
76.01,1.468,22.09,0.95,3.497,32.66,5957.0,1.87,0.0756,16.05,179.1,11.85,15.215,111.5,0
76.76,0.61,23.89,0.97,3.495,29.66,6279.5,3.12,0.0435,15.25,186.8,11.33,15.17,123.5,0
80.6,1.078,21.48,0.17,3.488,29.91,6270.3,1.84,0.0343,14.61,175.7,11.31,14.88,120.5,1
78.75,1.844,21.63,0.58,3.466,27.7,6122.3,2.55,0.0719,15.36,188.4,11.71,15.11,118.7,0
75.01,1.328,21.96,0.39,3.446,26.65,6046.2,1.09,0.0591,15.92,168.7,13.0,15.088,118.5,1
78.09,1.215,21.62,1.13,3.52,27.14,5781.1,4.13,0.0082,15.03,157.5,12.66,15.292,115.2,1
76.46,1.518,22.75,0.25,3.461,31.02,6116.4,2.55,0.0279,14.76,171.5,12.72,15.163,119.2,0
76.96,0.608,21.66,0.25,3.484,30.15,6095.1,2.53,0.0154,14.67,177.1,11.66,15.064,123.4,0
80.54,3.146,24.58,1.51,3.565,30.36,6097.1,2.59,0.0212,13.69,166.8,14.0,14.143,120.2,0
78.8,1.404,23.28,1.3,3.433,28.76,5776.4,3.36,0.0273,14.54,190.4,11.77,15.224,111.2,0
75.52,0.966,22.47,0.89,3.457,30.36,5955.3,1.97,0.0019,14.97,176.4,11.44,14.784,123.8,0
79.49,1.38,21.4,0.28,3.456,32.29,5912.3,2.5,0.0306,15.36,184.9,13.3,14.955,121.1,1
79.03,2.678,22.39,1.31,3.446,29.77,6335.1,0.28,0.0039,15.12,179.4,11.2,14.74,127.8,0
76.6,1.789,20.89,2.04,3.528,31.44,6103.9,3.05,0.0748,15.6,164.4,12.34,15.025,119.2,1
76.57,1.109,21.29,0.78,3.577,30.46,6043.9,3.41,0.0236,14.48,184.3,11.84,15.386,113.8,1
76.48,0.212,18.9,0.14,3.447,27.65,5910.4,3.32,0.0235,14.32,163.2,12.84,14.844,120.0,1
77.07,0.775,21.99,0.4,3.421,29.92,5760.2,4.16,0.0144,14.74,175.7,12.49,14.17,109.1,0
79.99,0.786,21.78,0.43,3.55,30.51,5858.4,2.53,0.0602,15.41,173.6,10.76,14.821,119.9,0
77.47,1.457,23.63,0.64,3.525,31.4,6082.4,2.29,0.0609,14.88,179.9,10.81,14.986,121.1,0
77.94,1.147,21.67,0.83,3.48,30.19,6074.6,2.29,0.0227,14.79,178.2,11.57,14.748,122.6,0
77.3,0.507,23.0,1.12,3.462,30.11,5894.6,0.61,0.1303,13.92,177.5,12.1,15.133,123.6,0
76.47,1.207,23.16,0.22,3.505,27.24,5499.1,2.36,0.0643,15.31,182.8,11.53,14.954,117.2,0
77.59,1.377,20.82,0.42,3.488,31.01,6304.7,3.05,0.1235,16.07,178.0,11.13,15.308,127.5,1
75.82,0.791,21.13,0.54,3.467,31.22,6004.8,3.71,0.0087,14.14,166.4,11.06,15.09,121.9,0
78.97,0.688,23.48,0.27,3.433,32.33,6167.7,3.43,0.0434,14.62,165.6,12.45,14.888,126.9,0
77.9,0.389,22.92,0.35,3.513,32.31,5899.7,2.96,0.0491,14.07,171.1,13.17,15.446,125.7,0
77.51,1.01,22.49,0.35,3.463,30.0,5992.3,1.66,0.0021,14.79,181.9,11.44,15.088,126.6,0
78.63,0.947,21.07,0.6,3.495,28.28,5999.5,3.03,0.0046,15.21,179.0,12.4,15.107,123.8,0
75.59,0.395,22.82,0.14,3.443,24.96,5702.5,2.72,0.0493,14.7,173.3,12.55,14.269,106.9,1
78.59,0.627,22.34,0.09,3.511,28.77,5911.1,2.3,0.0523,15.09,174.1,13.03,15.088,123.1,0
76.97,0.665,22.25,0.06,3.521,31.27,5968.2,3.16,0.0617,15.07,186.6,12.01,14.874,122.5,0
79.25,1.116,21.35,0.55,3.443,29.0,5963.6,2.85,0.0486,13.78,170.5,12.1,14.981,123.6,0
79.26,0.435,22.17,0.52,3.593,32.36,5856.9,3.32,0.044,15.06,176.4,10.36,15.231,114.1,0
77.08,0.337,21.05,0.18,3.461,30.04,5851.6,1.77,0.0228,14.77,166.4,11.76,14.959,119.8,0
78.0,0.956,21.83,0.6,3.543,31.92,5890.4,1.16,0.0255,15.15,183.3,12.36,15.058,121.0,0
80.69,0.987,21.97,0.31,3.632,30.05,5860.6,3.35,0.0672,14.62,180.5,11.81,14.966,114.8,0
78.62,2.046,22.39,0.42,3.613,29.66,5810.4,2.82,0.0077,13.72,173.5,12.69,14.936,105.6,0
78.16,1.216,21.36,0.18,3.466,30.25,6266.8,2.52,0.0738,15.22,185.6,11.65,15.003,118.2,0
77.55,0.723,22.61,0.64,3.555,29.61,5770.6,3.6,0.0235,14.18,183.0,11.83,15.047,119.1,0
76.83,1.314,22.33,0.39,3.534,28.53,6264.6,2.92,0.0306,14.95,180.9,12.3,14.901,121.2,1
80.83,1.105,23.27,0.11,3.466,32.54,6322.2,2.53,0.0317,16.15,186.2,11.09,14.982,115.2,0
77.07,1.524,21.74,0.21,3.511,31.84,6122.9,0.59,0.0254,14.27,183.0,12.3,14.915,128.2,0
78.46,0.879,22.42,0.03,3.478,31.16,6063.7,2.37,0.0211,15.01,186.4,12.59,15.253,117.5,0
78.35,0.823,22.52,0.45,3.542,31.83,6006.2,2.65,0.0076,15.02,178.2,12.28,15.25,123.1,0
79.6,0.55,21.17,0.29,3.5,29.68,5844.3,2.83,0.0049,15.07,179.5,11.93,15.027,114.4,0
84.07,0.864,22.04,1.19,3.434,30.95,5845.0,1.52,0.2153,15.47,195.8,13.45,14.546,114.9,1
77.36,1.687,22.44,0.13,3.525,30.5,5699.3,1.51,0.0778,15.26,181.5,12.78,15.111,112.8,0
78.77,1.737,22.93,2.73,3.335,29.49,5357.3,1.46,0.1015,14.64,180.2,11.76,14.969,107.8,1
78.62,0.84,22.14,0.02,3.541,30.86,5628.4,2.82,0.0713,15.1,169.8,13.33,14.877,119.8,0
78.48,1.321,21.59,0.08,3.466,29.98,5859.6,1.46,0.054,14.47,185.4,10.98,14.594,116.7,1
80.59,1.162,22.08,0.53,3.497,29.36,6265.9,2.27,0.0141,14.53,177.9,11.69,15.019,123.7,0
78.59,0.873,22.68,0.47,3.45,29.98,6582.3,1.3,0.0486,14.35,177.2,13.01,14.831,118.8,0
76.4,1.559,21.88,0.0,3.484,26.39,6002.8,2.92,0.0279,14.99,179.1,11.52,14.766,125.2,0
78.62,0.507,20.93,2.11,3.517,29.58,6073.0,1.87,0.0702,14.84,172.7,11.61,15.124,119.5,0
72.02,1.488,22.96,0.19,3.398,32.31,6159.2,1.06,0.1272,15.43,174.0,12.39,15.39,122.4,1
75.9,0.521,22.22,0.28,3.506,29.04,5891.1,3.77,0.0069,14.54,174.9,12.31,14.825,115.6,1
76.87,0.172,21.78,0.94,3.527,30.71,5819.9,3.5,0.032,15.01,161.6,11.91,14.859,117.7,0
77.71,0.64,21.96,0.11,3.585,29.92,6199.8,2.6,0.0814,15.6,175.0,11.4,14.818,122.1,0
78.34,1.22,20.72,0.56,3.582,30.61,6126.3,3.11,0.09,15.17,182.9,12.57,14.589,118.9,0
76.03,1.806,22.08,0.41,3.524,29.12,6112.1,2.75,0.0258,15.45,174.7,12.85,15.276,121.7,0
78.19,1.331,22.49,0.19,3.471,31.32,5872.0,1.54,0.0242,15.02,171.6,12.21,15.089,114.5,0
76.24,0.111,22.8,0.8,3.548,29.95,6135.1,2.61,0.0452,15.4,177.7,12.86,14.906,118.3,0
75.95,2.21,22.27,0.27,3.47,31.78,6178.4,1.64,0.0288,14.76,169.9,12.4,14.961,117.6,0
78.83,1.318,21.51,1.21,3.387,31.39,6254.9,1.48,0.0132,15.25,185.1,12.38,14.864,120.0,0
76.68,1.186,22.51,0.58,3.469,30.75,5867.7,5.57,0.0093,14.38,185.5,12.69,14.839,121.2,0
79.15,1.882,23.14,0.53,3.544,31.21,6023.9,0.01,0.0831,14.43,183.4,12.64,14.846,127.6,0
76.88,0.626,22.76,0.52,3.486,27.98,6074.2,2.41,0.0563,15.66,180.4,11.08,14.878,120.5,1
74.69,1.259,21.26,0.98,3.471,30.13,6202.3,2.49,0.0919,14.87,180.1,11.79,14.817,119.4,0
76.16,1.093,23.21,0.26,3.448,25.97,6006.2,2.86,0.1068,14.37,170.2,10.77,15.019,123.1,1
75.98,0.807,22.84,0.34,3.49,29.61,5803.2,1.89,0.0082,14.2,184.8,10.96,14.896,124.2,0
78.73,0.798,22.42,0.15,3.595,31.24,6063.8,0.6,0.0135,14.97,179.8,13.18,14.78,118.1,1
78.78,1.699,19.88,2.17,3.655,30.61,6374.7,2.2,0.0485,15.91,189.1,13.85,14.81,118.7,0
79.41,0.716,22.2,0.2,3.568,29.81,6014.2,2.67,0.0196,14.3,158.8,12.18,15.137,119.9,1
78.11,0.998,21.54,0.16,3.444,29.59,5947.6,3.08,0.0552,15.15,179.2,11.79,14.879,119.5,0
77.97,1.198,21.11,0.29,3.487,28.86,6084.5,1.97,0.0072,14.21,184.5,11.76,15.282,118.2,0
80.84,1.855,23.5,0.82,3.356,31.51,5857.7,1.48,0.072,14.88,162.5,12.97,15.229,125.9,0
81.16,0.892,21.46,1.02,3.56,28.73,5941.2,4.42,0.0844,15.41,174.4,10.93,15.344,120.5,1
76.27,0.695,22.73,0.51,3.558,28.57,6013.0,3.01,0.0902,14.63,180.9,12.18,15.061,120.8,0
72.95,0.616,21.56,0.39,3.45,29.48,6029.8,2.55,0.0172,15.37,172.6,11.3,14.555,123.7,1
74.2,1.045,21.96,0.15,3.483,28.75,6300.4,3.38,0.025,13.99,198.8,12.53,15.211,129.8,0
75.86,0.305,23.05,0.25,3.55,31.65,5968.5,2.64,0.0332,15.9,176.0,11.92,14.936,118.7,1
75.89,1.681,21.44,1.23,3.423,31.53,6350.7,1.94,0.0554,14.47,218.5,11.76,14.441,118.8,0
76.59,1.663,20.22,0.74,3.459,26.37,5840.1,1.17,0.0519,15.19,191.6,12.46,15.049,115.5,0
84.9,0.388,23.47,0.8,3.529,31.32,5980.4,2.99,0.0597,16.21,182.0,12.11,14.786,119.0,0
77.17,1.354,22.62,0.36,3.524,31.12,5903.6,3.38,0.0254,15.28,181.1,11.8,15.045,124.8,0
78.1,0.916,23.08,1.11,3.58,31.6,6074.1,3.34,0.0159,15.56,176.9,12.27,15.213,127.8,0
76.62,0.495,23.23,0.14,3.477,32.56,6004.2,3.62,0.0324,15.17,191.8,11.73,14.503,129.6,0
81.95,0.161,21.83,0.54,3.537,30.49,5746.3,4.0,0.0518,14.54,179.2,12.27,14.721,123.2,0
75.61,0.25,21.73,0.0,3.588,30.91,5938.8,2.52,0.0053,15.16,184.8,10.97,14.619,124.1,0
78.86,0.848,23.83,5.13,3.566,31.27,5728.5,2.95,0.0302,14.89,159.8,12.07,14.915,122.4,1
80.6,0.48,22.38,1.0,3.549,27.26,6066.0,3.27,0.0325,14.56,194.9,10.48,14.783,114.0,0
77.58,1.042,21.97,0.32,3.472,29.7,6273.9,2.52,0.0281,15.68,191.7,12.69,15.03,117.4,0
76.47,0.828,22.7,0.81,3.435,30.44,6060.0,3.41,0.146,15.25,177.0,11.25,15.023,122.8,0
78.83,0.879,21.94,0.99,3.534,28.03,5754.9,3.72,0.065,14.99,185.7,10.64,15.116,115.4,1
80.3,0.458,21.55,0.75,3.501,28.33,6260.5,1.83,0.0469,13.98,181.5,12.17,15.03,111.0,0
77.86,0.95,22.53,0.11,3.544,31.71,6169.1,0.01,0.008,15.14,176.3,11.95,15.103,117.4,0
79.02,0.43,21.86,0.88,3.51,29.63,6203.1,2.68,0.0869,14.75,162.9,11.84,14.696,119.2,0
78.97,1.559,21.32,1.09,3.446,30.46,6294.9,2.08,0.0187,14.47,181.0,11.62,15.061,112.4,1
76.95,1.387,22.35,0.11,3.415,28.67,5750.9,2.3,0.08,15.55,177.6,11.82,15.044,119.7,0
77.64,0.906,23.26,0.59,3.557,33.02,5709.1,2.97,0.0353,15.68,177.1,12.48,14.723,117.7,0
75.25,0.52,22.36,0.44,3.563,28.99,5355.5,2.96,0.0484,14.97,181.6,13.04,14.537,120.6,0
73.46,0.055,22.54,2.1,3.533,30.59,6380.1,0.75,0.0014,17.63,149.1,12.53,14.559,118.4,0
77.02,0.156,23.2,1.9,3.481,27.79,6069.7,1.95,0.0114,15.03,179.7,11.27,15.072,118.1,1
75.81,0.589,22.48,0.07,3.505,28.33,6102.7,1.19,0.1056,15.13,179.2,12.89,15.08,124.4,0
78.21,1.832,20.64,0.55,3.496,30.53,5867.8,2.71,0.0134,15.58,182.5,12.04,15.212,121.0,1
78.75,1.137,21.18,0.05,3.531,28.91,6326.7,4.03,0.0164,15.98,185.1,10.98,15.133,111.3,0
79.29,1.122,22.88,0.27,3.551,29.7,6397.4,2.57,0.0456,15.04,188.6,12.62,15.101,117.3,0
79.18,0.511,22.33,1.51,3.49,32.38,5530.0,0.21,0.0255,15.04,192.2,12.51,14.929,129.3,0
79.07,0.76,23.29,0.01,3.483,29.1,5723.8,1.4,0.002,15.01,175.4,12.29,15.297,121.0,0
76.69,0.916,23.13,0.73,3.481,29.47,5891.8,2.7,0.0383,14.55,191.7,11.82,14.719,114.6,0
79.06,0.734,21.02,0.08,3.478,29.98,6277.6,4.15,0.0327,14.74,186.0,11.6,15.065,124.7,0
80.57,0.208,22.39,0.03,3.483,29.44,6106.3,3.71,0.0757,14.1,185.0,13.19,14.858,116.6,0
80.18,2.01,21.49,0.14,3.563,29.29,5651.5,1.86,0.0343,15.24,177.5,11.54,14.768,122.7,1
78.33,0.597,22.27,0.04,3.496,29.68,5869.7,2.28,0.0154,15.37,192.6,13.04,15.248,127.8,0
77.18,2.332,22.4,0.86,3.584,30.6,6188.1,2.47,0.0406,15.15,188.0,12.85,15.113,119.0,0
79.25,1.673,21.9,0.84,3.503,34.81,5777.4,3.61,0.0165,15.01,193.6,12.77,15.065,121.0,0
77.9,0.666,22.26,0.7,3.532,28.9,6318.6,1.02,0.0186,14.83,202.8,14.63,14.98,117.9,1
79.49,0.502,20.35,1.09,3.555,32.67,6450.4,3.81,0.0876,15.29,173.5,11.43,14.576,129.9,0
74.93,1.964,21.62,0.11,3.645,29.7,5989.3,2.56,0.0776,15.15,155.2,13.52,15.394,115.7,0
79.58,1.817,22.16,0.72,3.563,29.55,6093.7,3.23,0.0285,14.37,177.7,12.02,15.061,124.3,0
77.72,1.423,21.19,0.05,3.585,33.34,6066.2,2.19,0.046,14.49,190.8,14.08,14.577,126.5,0
79.73,0.455,21.95,0.77,3.589,32.34,6043.8,2.54,0.034,14.82,176.8,12.83,14.907,113.8,0
76.55,1.389,22.83,0.26,3.555,29.26,5871.7,3.96,0.0308,14.2,176.9,12.73,14.661,114.6,0
78.54,0.88,21.58,0.16,3.508,30.53,6100.0,2.8,0.06,14.99,181.9,11.18,14.949,122.7,0
78.78,1.522,21.83,0.6,3.478,30.05,5634.3,2.96,0.0393,15.95,178.6,11.57,14.749,117.8,1
75.81,1.656,21.35,2.99,3.507,28.64,6116.0,2.98,0.1008,15.23,167.9,12.45,15.211,116.0,0
75.22,1.624,23.42,0.18,3.52,29.39,5999.9,4.98,0.0894,14.76,177.0,11.66,14.72,120.0,0
78.01,1.015,21.16,0.07,3.499,28.94,6138.6,2.2,0.0256,14.01,186.7,12.64,14.901,121.8,0
80.49,0.782,22.38,0.35,3.55,31.12,6357.5,3.26,0.0239,14.86,189.5,12.31,14.972,125.0,1
79.49,1.073,24.3,0.17,3.697,28.77,6563.0,0.86,0.0199,13.52,184.3,10.59,15.84,145.8,0
78.15,1.001,22.1,0.15,3.411,25.15,5920.6,2.91,0.1143,15.57,173.4,10.37,14.701,129.3,0
80.64,1.499,23.16,0.13,3.445,29.74,5922.1,2.33,0.016,14.85,164.2,11.27,14.443,121.2,0
79.05,0.191,21.1,0.83,3.447,30.13,5537.8,5.73,0.043,17.09,178.3,12.27,14.951,116.4,1
78.33,1.545,21.67,3.48,3.404,31.39,5826.1,1.92,0.0984,15.0,180.6,10.56,15.212,120.5,1
77.75,1.173,21.83,0.18,3.489,29.55,6145.5,2.65,0.0142,15.03,181.9,11.52,15.039,122.1,0
79.85,0.247,22.85,0.4,3.476,30.58,6042.0,3.49,0.0133,14.86,182.5,12.01,14.993,121.8,0
76.82,1.322,22.57,1.89,3.475,29.21,5546.7,2.07,0.0151,14.98,172.4,11.42,15.22,118.9,1
79.84,0.739,21.77,0.18,3.472,28.01,6077.9,2.99,0.0693,15.01,177.3,12.45,15.222,119.1,0
78.39,0.782,21.19,0.35,3.537,27.57,5669.4,3.03,0.0517,14.54,169.1,12.03,14.616,120.5,0
79.72,2.256,21.76,0.52,3.402,30.31,5515.0,0.38,0.1428,15.4,162.7,11.17,15.231,120.4,0
71.58,0.142,25.05,0.33,3.592,28.1,5019.3,0.47,0.0261,14.96,182.9,12.47,15.479,103.0,0
77.79,0.478,21.48,0.81,3.488,32.08,5855.4,1.32,0.0014,15.79,185.0,12.53,15.108,121.9,0
76.78,0.403,22.34,0.15,3.47,33.77,5794.7,2.48,0.0124,14.26,180.1,12.05,14.671,129.6,0
77.47,1.036,21.9,0.43,3.558,30.46,5397.7,2.02,0.0426,16.24,194.5,12.74,15.236,120.1,0
77.3,0.756,21.81,0.25,3.537,31.68,5901.9,2.97,0.0757,14.77,184.9,11.23,15.213,116.2,0
76.9,1.706,22.36,1.46,3.495,30.52,6103.4,0.55,0.0159,15.31,166.5,11.63,15.215,118.4,0
78.23,1.09,22.57,0.66,3.408,31.37,6247.2,3.09,0.0273,14.36,173.2,11.67,14.865,114.9,0
75.71,1.451,21.56,0.4,3.533,28.21,6420.8,2.79,0.0285,15.11,181.4,11.56,14.881,114.0,0
79.32,1.455,21.58,1.68,3.456,29.58,5772.0,1.44,0.0333,15.16,197.1,11.89,15.086,123.6,0
76.71,1.656,21.7,0.11,3.451,27.86,5852.2,1.16,0.0086,15.24,187.2,12.81,15.276,121.9,1
74.6,2.04,22.35,1.17,3.443,29.59,5572.9,1.18,0.026,14.31,202.5,7.55,14.272,111.7,1
78.89,0.985,21.98,0.28,3.429,30.78,5879.5,2.34,0.0226,15.24,181.1,11.37,14.936,123.1,1
79.39,0.307,22.31,0.39,3.47,29.07,5455.0,1.72,0.0127,15.97,178.7,12.63,14.855,119.6,0
77.29,0.91,21.93,0.07,3.541,31.32,6199.3,2.66,0.0107,14.71,180.6,12.75,14.837,122.5,0
78.66,0.627,22.41,0.88,3.518,29.15,6009.4,4.77,0.0839,14.74,153.1,11.48,15.27,124.8,0
77.54,1.806,21.94,6.09,3.344,35.79,6215.0,4.43,0.0649,14.72,184.8,12.57,15.03,113.6,0
78.37,0.698,21.06,0.5,3.553,30.02,6139.6,2.91,0.0379,14.07,181.4,11.61,14.841,121.4,0
76.69,0.82,21.72,0.22,3.446,30.63,5877.6,2.64,0.0399,15.26,184.0,12.13,15.236,125.5,0
75.36,1.505,21.45,0.06,3.439,31.07,5746.2,1.01,0.0136,13.98,193.1,12.3,15.236,121.6,0
77.19,1.43,21.53,0.02,3.538,31.84,6185.5,3.33,0.0323,15.96,188.7,11.24,14.974,115.5,0
81.91,0.135,21.58,0.58,3.543,31.07,6109.3,3.47,0.0135,15.32,168.4,12.85,14.845,120.0,1
78.01,0.559,21.05,1.15,3.484,30.29,5815.8,3.13,0.0654,15.74,174.9,13.47,15.395,126.2,0
80.17,1.477,22.05,0.2,3.487,32.24,5960.3,2.12,0.0144,14.69,186.2,11.38,15.328,124.0,0
78.61,1.176,23.52,0.23,3.416,30.87,5846.3,4.46,0.0715,15.45,177.5,11.05,14.757,117.4,0
77.3,0.739,22.26,0.53,3.488,30.83,5905.1,2.41,0.0616,14.74,176.0,11.62,14.886,112.6,0
78.95,1.061,21.75,0.14,3.489,30.69,5940.1,2.24,0.0791,15.8,189.2,12.63,14.827,117.0,0
75.78,1.218,20.04,0.08,3.483,29.8,5936.0,4.63,0.0631,14.52,186.9,13.41,15.116,124.9,0
78.06,1.442,22.22,0.12,3.573,30.93,6191.1,1.72,0.038,13.98,179.7,11.64,15.069,123.7,0
78.55,1.118,21.74,1.05,3.503,31.12,6006.9,3.57,0.0164,13.76,171.8,11.95,15.282,113.4,1
76.72,1.064,22.21,1.2,3.599,31.56,5998.7,2.86,0.0133,13.92,180.2,13.18,15.029,122.3,0
79.69,0.758,21.19,1.01,3.537,29.58,5873.5,1.8,0.0482,15.26,178.0,11.87,15.175,122.1,1
79.15,1.532,22.22,0.63,3.431,26.93,5920.9,2.82,0.0104,15.14,183.9,11.62,14.912,122.3,0
77.55,0.172,20.53,0.65,3.591,29.35,6379.7,3.16,0.0304,14.44,171.4,10.69,15.489,119.0,0
78.33,1.459,22.02,0.29,3.515,29.54,6173.4,2.44,0.0716,14.83,182.2,12.0,14.647,125.5,0
78.11,1.197,22.6,0.4,3.399,32.91,6019.1,2.9,0.0213,14.61,191.5,11.79,14.759,121.3,0
78.46,0.753,21.8,0.45,3.492,29.0,6277.0,2.99,0.0461,15.05,187.0,11.75,14.547,124.0,0
81.22,1.689,19.68,0.92,3.564,30.38,6047.2,1.58,0.0782,14.8,196.6,11.06,14.694,120.4,0
77.25,1.028,20.98,0.06,3.553,27.23,5943.5,2.05,0.0184,15.06,171.5,10.36,14.9,111.6,1
77.62,0.626,22.61,0.12,3.419,29.73,5958.9,2.82,0.0141,14.65,179.2,10.9,14.859,119.0,1
79.51,0.704,21.51,0.33,3.437,30.3,5944.3,1.68,0.0674,14.49,175.4,12.26,15.098,117.5,0
77.8,0.899,21.94,0.03,3.523,31.8,6086.4,1.79,0.0383,15.8,179.3,12.31,15.11,119.2,0
78.95,1.378,21.18,0.88,3.451,29.21,5677.5,3.83,0.0179,15.39,186.3,12.41,14.919,124.5,0
76.88,1.265,21.45,0.58,3.532,29.91,6242.7,2.5,0.0476,14.69,170.9,11.51,14.948,116.4,0
78.48,0.881,20.82,0.68,3.524,31.04,6170.5,2.71,0.0236,14.69,171.8,12.41,14.954,118.5,0
78.61,1.725,22.06,0.01,3.495,31.16,5961.5,1.98,0.0091,15.23,160.5,10.57,15.186,117.5,0
77.21,1.341,23.03,0.07,3.463,28.89,5753.7,2.65,0.0179,14.23,186.6,12.43,15.018,118.2,0
76.27,0.79,20.8,0.08,3.443,27.87,5859.1,2.36,0.0387,13.84,172.4,13.08,15.318,117.5,0
79.47,1.422,21.51,1.03,3.423,30.6,5867.0,3.68,0.071,16.07,178.9,12.24,14.861,127.6,0
76.74,0.995,22.22,2.75,3.475,29.7,6077.7,1.08,0.0092,15.34,189.4,12.61,15.297,124.2,0
76.93,1.549,21.89,0.67,3.507,30.72,5925.4,3.22,0.0489,14.16,160.9,11.64,15.337,119.8,0
79.11,0.47,22.08,0.05,3.466,30.41,5863.0,3.06,0.0124,15.09,190.8,12.12,14.965,117.0,0
76.25,1.052,20.74,0.72,3.507,32.16,6196.1,2.14,0.0229,15.47,191.5,11.1,14.822,121.6,1
76.15,0.389,22.03,0.44,3.535,32.3,5909.2,2.87,0.003,14.58,187.6,12.66,14.853,122.8,0
75.62,0.294,23.85,0.07,3.409,28.89,5984.4,0.48,0.0407,15.42,180.8,11.59,15.387,113.6,1
78.47,0.815,21.54,0.14,3.569,30.09,6095.6,3.35,0.0163,14.42,172.4,11.97,15.035,116.5,1
78.31,0.81,22.05,1.43,3.485,31.43,6367.4,2.92,0.0344,14.93,192.2,12.27,15.006,123.6,0
80.12,1.724,22.2,0.64,3.546,33.2,5611.6,1.39,0.155,16.03,178.5,9.68,15.312,125.9,0
78.23,2.141,22.79,0.44,3.531,28.33,5980.4,1.73,0.0055,14.63,167.7,12.9,14.628,120.2,1
77.43,0.385,20.78,1.21,3.416,29.97,5872.0,1.38,0.1119,14.93,154.7,12.62,15.483,118.3,0
77.2,1.354,23.04,0.7,3.453,28.83,6300.8,2.59,0.0506,15.09,180.1,11.82,15.057,118.4,0
79.88,1.355,24.18,0.38,3.494,27.71,5606.4,1.27,0.0074,15.56,169.2,11.82,15.433,117.4,1
76.23,0.361,22.49,1.28,3.576,30.31,5820.7,2.75,0.0238,15.53,180.6,13.0,15.093,125.2,0
77.8,0.892,22.85,0.37,3.5,32.47,5859.9,1.91,0.0047,16.15,188.4,11.18,14.832,122.2,0
77.59,1.274,22.43,0.02,3.541,30.95,5499.6,2.94,0.018,14.53,181.6,11.15,15.182,119.1,0
75.78,1.405,21.18,0.98,3.558,29.55,6072.3,2.88,0.0535,15.85,184.2,13.55,15.254,126.2,1
78.72,1.744,21.18,1.47,3.445,32.73,5723.6,2.98,0.0069,15.98,172.1,12.23,14.899,116.2,1
76.46,0.629,20.59,1.45,3.587,27.98,6117.6,3.16,0.0605,14.53,181.2,11.34,14.869,117.3,1
75.64,1.173,21.62,1.24,3.495,32.16,6032.0,0.29,0.1036,14.36,177.1,11.19,14.945,118.4,0
77.99,0.587,22.29,0.07,3.547,30.41,5758.1,4.13,0.083,13.18,172.5,12.74,15.012,121.4,0
76.16,0.44,21.21,0.79,3.52,28.45,6055.2,1.47,0.0334,13.87,202.3,10.51,14.794,116.6,0
75.52,1.581,20.98,1.76,3.545,27.8,5738.4,4.25,0.0022,15.64,191.3,11.33,14.644,122.8,0
78.21,1.421,20.9,0.55,3.497,31.86,6214.0,1.89,0.0352,15.48,184.3,11.34,15.334,121.7,0
77.32,0.632,22.24,0.31,3.537,29.64,5897.2,1.41,0.0506,15.34,177.6,12.5,15.16,122.8,0
80.76,1.402,22.6,0.35,3.539,31.67,5855.9,3.89,0.0263,15.4,169.2,12.08,15.087,114.9,0
77.49,0.999,22.65,0.66,3.511,30.99,5814.3,2.85,0.0594,14.52,177.5,11.57,14.932,116.8,0
75.78,0.741,22.02,0.66,3.541,30.21,6074.8,3.05,0.0235,14.99,180.4,11.45,15.179,121.7,1
78.87,1.152,22.64,0.37,3.483,29.47,6060.3,2.4,0.0279,16.43,163.9,12.45,14.881,123.6,0
77.17,1.804,21.66,0.68,3.49,29.63,6252.4,0.85,0.0161,14.9,172.2,11.17,15.091,122.5,0
78.26,0.71,20.99,0.25,3.458,28.94,5877.6,2.93,0.0394,14.27,173.8,12.26,14.81,128.0,0
78.14,0.281,23.52,0.22,3.564,30.06,6124.6,2.69,0.0298,14.83,183.7,11.66,15.008,126.1,0
79.92,1.155,21.08,0.86,3.513,30.98,5816.5,2.32,0.0671,15.18,182.5,14.27,15.118,126.2,0
76.51,1.296,22.17,2.13,3.573,27.27,6395.1,2.05,0.1341,14.98,175.1,12.26,14.27,114.7,0
78.27,1.101,22.62,0.81,3.574,27.8,5902.2,2.24,0.0034,15.62,182.8,12.59,14.934,118.4,0
76.59,1.914,21.94,2.05,3.484,29.66,5846.5,1.79,0.1007,15.11,173.4,11.6,14.922,124.1,0
79.51,0.54,21.73,2.05,3.517,33.71,6089.4,1.48,0.0167,14.75,174.4,11.53,14.819,113.7,0
79.41,0.379,23.65,1.51,3.465,31.11,5843.0,3.29,0.0369,15.01,171.9,12.38,14.915,129.9,1
77.1,1.43,20.82,0.22,3.387,30.49,5846.5,3.41,0.0463,15.18,183.3,11.48,15.024,113.1,0
76.81,1.192,22.13,0.25,3.478,26.14,5848.7,3.09,0.0878,15.34,196.7,10.86,14.926,118.7,1
78.64,0.597,22.04,0.03,3.516,28.36,5799.1,3.67,0.069,15.06,175.3,10.73,15.15,113.4,0
78.48,1.379,21.1,0.54,3.485,29.79,5912.0,3.35,0.0412,14.41,190.7,11.06,15.008,120.0,0
75.98,0.52,21.6,0.01,3.417,29.8,5642.4,1.87,0.0033,14.54,171.9,12.11,15.144,122.8,0
79.33,0.948,21.43,0.57,3.47,30.71,6238.2,3.6,0.0575,14.52,192.7,11.5,14.913,122.3,0
79.49,1.521,22.57,0.9,3.444,30.14,6172.7,2.31,0.0509,14.61,186.7,12.88,14.799,120.7,0
79.2,1.158,21.46,0.88,3.602,29.38,6031.9,2.32,0.005,15.01,180.4,10.52,14.939,112.8,1
77.83,1.365,22.2,0.22,3.551,30.08,5808.9,4.4,0.0251,14.93,175.1,11.27,15.074,121.5,1
76.74,0.657,21.95,1.66,3.475,33.92,6004.4,4.33,0.0138,15.76,178.5,13.9,14.583,114.2,1
80.55,1.014,22.44,0.0,3.489,30.99,6266.0,3.39,0.0242,15.18,181.1,10.86,14.926,127.0,0
76.27,0.561,21.2,0.15,3.501,28.29,5881.2,1.88,0.1148,14.03,183.8,13.12,14.836,125.7,0
78.65,0.024,21.77,0.08,3.507,26.67,5859.9,3.59,0.0521,14.91,184.3,11.74,14.92,117.5,0
78.48,1.258,21.74,1.09,3.513,28.2,5985.6,2.65,0.0833,15.44,184.4,11.3,15.023,124.8,0
75.4,0.354,22.18,0.67,3.533,30.2,6163.8,2.21,0.0154,15.62,176.3,11.93,15.138,116.2,0
78.31,1.171,21.77,1.53,3.539,30.08,5942.7,3.0,0.0476,14.42,185.4,11.83,15.119,113.5,0
77.1,0.597,21.92,0.17,3.483,31.05,5996.0,2.59,0.0564,15.02,185.3,12.25,14.985,114.2,0
79.09,0.23,22.86,0.97,3.502,31.14,6118.9,2.87,0.0787,14.36,162.3,10.18,14.982,115.5,0
77.64,1.444,21.82,1.26,3.638,28.63,6355.6,3.31,0.0559,15.55,189.9,11.05,15.223,116.2,0
81.67,0.67,22.26,1.23,3.638,29.26,5764.4,4.38,0.0007,15.01,194.3,13.56,15.824,106.1,0
74.6,1.499,21.15,0.97,3.481,31.02,6276.3,1.5,0.041,16.34,174.4,11.53,14.823,121.7,0
75.56,0.821,22.83,0.02,3.494,30.15,6183.0,2.08,0.0246,15.67,189.0,10.92,14.965,116.0,0
77.3,0.625,21.41,0.22,3.388,29.22,5802.9,3.28,0.0171,15.26,178.1,11.44,14.932,121.0,0
77.0,1.081,21.18,0.21,3.487,32.36,6077.1,3.11,0.0572,14.43,188.8,12.29,14.768,120.1,1
78.64,1.828,22.32,0.01,3.515,29.31,6072.3,1.38,0.0217,14.97,186.9,12.93,14.904,111.9,1
78.31,1.1,20.66,0.03,3.541,32.38,6208.3,4.59,0.0034,15.67,185.4,11.78,14.963,124.9,0
77.73,0.021,21.51,1.98,3.551,30.19,5824.7,4.08,0.0427,14.39,162.3,11.89,14.851,128.4,1
79.62,1.472,21.54,0.66,3.509,31.11,5797.6,2.59,0.0207,14.95,180.5,12.92,15.064,116.5,0
77.5,2.321,21.52,0.46,3.533,29.3,6134.6,2.83,0.0471,15.51,187.8,11.8,14.945,120.1,0
78.99,0.704,21.73,0.16,3.494,31.98,6209.5,1.82,0.0352,14.89,173.3,11.03,15.445,120.4,0
75.1,0.631,22.49,0.3,3.418,34.17,6034.7,3.36,0.0363,14.58,173.1,10.73,14.971,112.0,1
82.22,0.412,21.89,0.33,3.574,28.94,6100.8,1.7,0.0713,14.43,204.4,11.42,14.836,115.3,0
76.23,1.623,22.35,0.67,3.561,32.47,6118.7,2.18,0.0247,15.13,179.4,12.76,15.047,120.0,0
76.7,0.853,20.15,0.55,3.369,28.92,5867.3,3.69,0.0092,15.71,180.6,13.69,14.938,121.6,0
80.65,1.676,19.79,0.45,3.541,31.98,6078.7,0.13,0.0213,15.84,185.7,10.49,14.967,115.6,1
75.42,1.99,20.42,0.95,3.588,34.91,6059.5,0.09,0.0933,14.91,182.2,12.02,15.069,111.5,0
76.63,1.386,20.64,2.98,3.48,29.03,5865.3,0.78,0.0431,15.42,171.8,9.12,14.364,112.7,0
76.43,1.875,22.29,0.32,3.525,26.17,6244.5,2.7,0.0107,14.97,184.8,12.85,14.978,120.5,0
78.09,0.673,22.46,0.13,3.388,32.44,5994.5,2.05,0.0502,15.2,176.4,13.01,14.897,126.2,0
76.65,1.072,20.07,0.56,3.555,30.47,6015.8,3.61,0.0225,15.62,173.9,12.35,15.127,119.4,1
77.93,1.682,21.45,0.36,3.495,29.74,5726.7,4.48,0.0949,15.7,178.7,12.34,15.205,122.2,0
78.19,0.252,22.52,0.32,3.505,29.7,6202.3,3.13,0.0624,15.21,176.4,12.18,15.076,128.6,0
83.06,2.574,22.34,0.76,3.356,29.16,6283.4,4.59,0.0112,14.95,179.7,14.7,15.184,120.9,1
79.29,1.524,22.28,2.44,3.635,31.98,5936.4,1.95,0.0588,14.54,147.1,9.51,14.994,120.9,1
76.97,0.092,22.41,1.24,3.492,30.61,5834.0,4.99,0.1673,15.6,191.0,12.68,15.331,111.5,0
76.86,1.422,22.6,0.07,3.445,31.2,5663.1,0.79,0.0266,15.41,177.2,11.2,14.847,123.3,1
78.35,1.505,23.61,0.25,3.533,27.02,6091.7,0.16,0.0878,14.7,190.3,12.65,14.846,115.3,0
77.09,1.226,22.23,0.1,3.534,27.67,5915.7,2.47,0.0533,15.25,195.4,12.44,15.173,122.2,1
76.35,1.055,22.15,0.53,3.456,26.34,6354.3,2.46,0.088,15.08,182.9,12.58,15.01,112.8,1
76.49,1.025,22.78,0.32,3.491,32.79,6208.2,0.98,0.0082,15.19,182.3,12.07,15.057,113.8,0
77.77,1.012,23.35,0.53,3.446,27.47,5955.7,2.13,0.0519,15.42,169.4,12.61,14.7,118.9,0
78.53,1.443,23.13,0.23,3.537,28.96,6021.7,2.8,0.0135,16.16,180.9,13.51,15.015,124.1,0
78.31,0.651,22.85,0.03,3.476,29.63,6023.9,2.57,0.0239,14.25,179.0,11.8,14.865,117.8,0
78.5,1.014,21.94,0.21,3.566,29.83,6311.6,2.99,0.0142,14.38,170.3,12.35,15.051,121.7,1
77.15,1.202,21.69,0.53,3.519,29.64,5825.9,2.3,0.0577,15.19,177.1,11.07,14.98,122.6,0
78.74,0.941,21.0,0.37,3.544,30.2,5969.9,1.95,0.1035,15.63,184.0,11.53,15.309,115.3,0
79.35,0.706,20.88,0.1,3.475,29.24,5887.8,2.42,0.011,15.32,186.9,12.01,14.949,123.7,0
76.57,1.166,22.56,1.03,3.535,31.44,5931.9,3.18,0.003,15.15,176.0,11.74,14.751,120.9,0
75.48,0.925,21.23,0.97,3.526,29.51,5949.9,0.77,0.0172,15.41,171.9,11.25,15.184,115.7,0
76.47,1.056,21.49,0.03,3.552,30.99,6174.8,2.69,0.0522,14.68,192.8,11.8,15.007,116.5,0
78.1,1.137,22.69,0.13,3.616,28.14,6180.5,1.71,0.0466,14.23,179.7,13.09,14.958,127.7,0
76.79,0.637,21.46,0.46,3.503,28.18,5703.4,2.57,0.0664,15.27,175.8,12.55,14.79,126.8,0
78.18,0.567,21.52,0.16,3.507,32.04,6304.7,1.63,0.0118,15.13,171.2,11.18,14.618,117.8,0
73.96,0.473,22.63,0.87,3.489,31.06,5988.2,3.16,0.0733,14.42,202.2,10.88,14.996,132.4,0
76.56,1.227,21.03,0.04,3.451,27.8,6009.9,2.05,0.0059,15.26,177.9,11.1,15.058,122.5,0
75.92,1.607,22.7,1.38,3.572,30.11,6187.4,4.03,0.0332,15.79,180.5,12.05,15.161,125.0,1
77.98,0.945,20.81,0.2,3.544,29.75,6089.4,3.07,0.0628,15.27,185.7,11.81,15.135,121.2,0
78.07,0.144,21.88,0.12,3.534,29.14,5773.1,1.17,0.0426,14.84,179.8,11.33,14.995,121.4,0
76.02,0.981,21.68,0.01,3.509,30.67,5981.9,3.16,0.0042,15.09,191.2,11.16,15.11,126.6,0
77.57,0.745,22.48,0.08,3.476,30.56,6277.2,0.68,0.0351,15.46,179.1,11.57,15.115,116.3,1
77.42,0.611,22.85,0.84,3.526,29.37,5852.5,2.75,0.0451,14.54,193.6,12.12,15.32,119.2,0
79.22,0.84,22.24,1.17,3.557,29.23,5971.8,3.2,0.0058,14.83,183.2,11.02,14.978,123.1,0
81.06,0.874,21.94,1.22,3.551,30.68,5980.9,3.14,0.0117,14.8,188.9,11.32,15.088,122.9,0
76.68,1.068,21.79,1.27,3.421,29.02,5638.0,0.58,0.0366,17.15,182.7,10.68,15.309,102.4,1
79.02,1.449,21.44,0.81,3.517,27.88,5531.3,5.7,0.0136,14.27,182.6,11.09,14.405,135.8,0
77.93,1.578,21.46,1.01,3.538,30.04,6099.5,3.56,0.0727,14.85,175.1,12.63,14.769,121.7,0
76.83,0.616,21.87,0.3,3.456,29.42,5681.2,2.64,0.0692,15.1,178.8,10.72,15.297,122.2,1
78.78,1.711,21.37,0.14,3.361,30.2,6111.3,1.49,0.0131,14.75,183.6,11.22,14.93,111.3,0
77.84,1.013,21.79,0.3,3.458,32.71,5875.6,2.87,0.0,15.26,167.5,13.19,14.71,120.3,1
78.62,1.576,21.25,0.01,3.497,28.98,6003.0,4.17,0.0028,14.9,182.2,13.28,14.818,120.4,0
77.9,2.093,22.35,0.02,3.528,32.45,5802.3,3.32,0.0257,14.93,174.0,11.33,14.59,117.2,0
78.34,0.949,21.84,1.1,3.441,29.0,6046.2,3.05,0.0281,14.89,172.3,12.44,15.171,119.1,0
79.09,0.181,21.02,0.35,3.467,29.41,5998.9,2.94,0.0429,15.45,180.2,12.53,15.15,126.0,0
80.0,0.494,21.87,0.53,3.539,31.02,6009.2,2.01,0.0344,16.09,185.2,12.02,15.098,119.8,1
79.51,0.489,23.84,0.06,3.473,27.72,6071.0,2.21,0.0704,15.36,157.2,12.12,15.028,116.3,0
78.42,0.343,23.04,0.3,3.538,31.45,6085.8,2.22,0.017,14.92,180.7,10.04,15.223,122.7,0
77.37,0.219,23.21,0.23,3.58,31.26,5930.4,2.76,0.0672,15.03,188.7,12.43,14.876,124.1,0
77.22,0.721,23.14,1.02,3.473,32.85,5473.3,1.55,0.0047,14.95,175.0,11.72,15.096,120.2,0
75.93,0.566,22.01,1.57,3.472,32.98,5607.7,1.65,0.0337,15.3,183.6,10.64,14.973,114.0,0
77.01,1.144,21.0,0.5,3.511,27.85,6154.9,1.66,0.0517,15.02,197.9,12.11,14.991,113.6,0
78.76,0.821,21.41,0.1,3.546,28.1,6030.0,2.21,0.0492,15.63,184.1,11.97,14.905,118.6,0
76.41,0.748,20.82,1.48,3.563,30.47,5991.4,2.3,0.0334,14.6,171.1,11.7,14.899,117.8,0
78.56,0.089,22.76,0.1,3.507,29.47,5987.2,3.72,0.0396,15.42,167.1,12.75,14.722,120.0,0
77.18,0.555,20.91,0.71,3.521,29.34,5909.6,2.43,0.0283,13.5,188.8,12.75,14.882,119.4,0
75.89,1.754,21.5,0.18,3.526,31.63,6277.1,2.46,0.1555,14.8,182.4,11.06,15.265,117.5,0
77.53,1.137,22.93,1.69,3.426,30.07,5817.0,2.5,0.0913,14.36,213.3,12.86,14.879,131.2,1
76.98,0.779,22.86,0.25,3.543,30.25,5754.7,3.24,0.0143,14.93,182.6,11.75,14.971,117.1,0
78.02,0.318,21.19,0.03,3.447,30.26,6137.9,3.3,0.0933,14.18,189.6,9.93,14.851,119.3,1
79.71,0.751,21.82,0.23,3.485,28.89,5915.5,3.17,0.0939,14.71,192.9,10.5,15.143,105.8,1
77.84,1.064,21.54,1.03,3.573,30.63,5884.3,2.61,0.0347,14.77,163.0,11.61,14.951,119.1,0
77.42,1.512,21.85,0.03,3.508,31.09,5985.8,0.74,0.0279,16.01,161.5,13.0,15.055,113.6,0
77.48,0.855,22.18,0.27,3.517,32.77,5984.0,2.73,0.0803,15.38,187.1,11.2,14.753,123.0,0
78.47,0.091,22.21,0.55,3.532,30.31,5871.2,2.44,0.018,15.44,184.1,12.34,14.752,112.4,0
79.03,0.577,21.79,0.5,3.543,30.5,5815.0,3.06,0.0065,14.7,156.7,12.11,15.003,126.9,1
79.33,1.567,22.58,0.11,3.476,30.85,6368.4,3.33,0.0128,14.49,177.3,10.4,15.084,124.5,1
77.75,0.556,21.91,0.28,3.416,27.4,6348.5,1.99,0.0865,15.06,179.7,11.64,14.97,119.2,0
78.49,1.851,20.85,0.35,3.51,28.53,6115.5,2.14,0.0391,14.34,186.6,12.88,14.979,117.1,0
77.8,0.699,21.24,0.61,3.482,29.56,5752.2,2.25,0.0403,14.87,179.1,12.58,15.215,121.4,1
76.13,0.227,20.53,0.62,3.427,27.23,5945.0,1.1,0.0745,15.46,171.7,13.13,15.109,104.7,0
78.77,1.068,22.69,0.31,3.529,31.09,5876.9,1.81,0.0313,15.67,178.1,11.45,15.088,116.2,0
79.39,1.732,21.82,1.87,3.464,30.51,6125.5,3.46,0.0615,15.29,179.3,12.75,15.027,111.2,1
75.51,0.794,22.68,0.65,3.556,29.93,6139.5,3.03,0.0351,15.27,169.9,12.65,14.965,124.0,0
78.88,1.615,21.36,0.39,3.52,30.29,5878.7,2.45,0.0167,14.65,176.9,10.89,15.096,125.3,0
78.09,0.174,22.78,1.58,3.507,27.36,6439.6,0.7,0.0578,15.56,177.0,12.9,14.808,125.8,0
77.39,0.816,21.87,0.04,3.474,29.69,5994.4,3.42,0.0244,15.07,175.1,12.36,15.279,123.7,0
79.92,1.1,21.58,0.09,3.483,29.5,6021.7,3.5,0.0122,14.62,169.5,11.53,14.965,118.0,0
77.23,0.701,22.35,0.37,3.501,31.01,6290.6,1.6,0.0687,15.07,183.4,11.02,14.573,116.1,1
77.38,0.906,21.8,0.45,3.514,28.04,6106.5,2.78,0.0031,14.84,178.5,11.73,15.185,115.4,1
79.06,1.037,22.65,0.04,3.463,29.12,6225.7,2.94,0.0643,14.71,177.5,11.44,15.05,118.7,0
75.31,1.199,22.67,0.04,3.554,31.39,6099.5,1.82,0.0024,15.04,176.9,11.15,14.947,117.6,0
76.74,0.587,21.88,0.5,3.47,32.13,5598.2,1.25,0.0237,15.33,180.5,12.85,14.995,118.5,0
76.42,1.967,21.01,0.22,3.402,26.2,5900.3,4.64,0.2047,15.04,204.4,12.97,15.23,124.2,0
83.44,0.243,22.31,0.45,3.446,28.23,6012.9,2.44,0.008,14.79,181.1,11.0,14.889,121.1,0
81.21,0.436,22.51,0.17,3.526,31.57,6253.6,2.45,0.007,14.51,172.2,12.73,14.904,116.7,0
78.2,0.748,21.82,0.99,3.515,29.88,5986.7,2.75,0.0341,14.58,192.6,12.42,14.666,126.6,0
80.32,0.862,21.88,0.64,3.513,31.12,5946.1,0.73,0.0517,14.88,174.5,10.52,15.067,123.8,0
77.21,1.581,21.7,0.62,3.409,32.36,5968.0,2.75,0.0386,15.07,188.1,11.53,14.937,115.7,0
78.94,1.068,22.14,0.11,3.426,28.36,6049.4,3.14,0.0834,13.98,190.0,11.74,14.874,121.7,0
75.61,1.619,21.82,0.42,3.542,28.09,6340.1,2.91,0.0414,14.27,188.3,12.85,14.871,134.1,1
77.88,0.956,22.56,0.06,3.475,29.93,6026.1,3.05,0.0656,14.16,184.1,10.83,15.063,120.7,0
79.01,0.346,22.1,0.12,3.463,28.62,5818.4,1.77,0.028,15.56,198.3,12.2,15.043,125.3,0
75.8,0.68,21.26,0.08,3.449,32.43,6390.0,2.29,0.0751,14.48,173.4,11.82,14.935,118.7,0
80.45,0.591,23.56,1.26,3.483,28.04,6178.5,1.78,0.0033,15.6,171.1,12.0,15.102,118.0,1
77.89,0.22,21.91,0.07,3.43,27.44,6052.6,4.47,0.0181,14.9,174.3,13.23,15.09,118.8,0
80.49,0.978,22.08,0.36,3.532,29.28,6084.8,2.76,0.0144,16.14,175.0,11.56,14.845,123.4,0
79.28,0.756,21.33,0.75,3.496,29.15,6090.0,3.46,0.0083,15.83,179.4,11.7,14.942,127.4,0
78.92,0.768,21.49,0.96,3.385,31.38,5908.8,1.1,0.1018,14.59,185.7,11.77,14.823,119.7,0
80.8,0.243,21.34,1.28,3.496,31.57,6164.8,1.38,0.0878,14.92,182.0,12.52,14.971,124.1,0
76.69,0.933,21.25,0.38,3.442,28.65,6185.4,2.84,0.0311,15.02,175.9,11.81,14.742,123.9,0
78.04,1.1,22.5,0.15,3.44,29.1,6063.0,3.04,0.0043,15.27,177.4,11.58,14.917,116.7,0
78.22,1.115,21.47,0.5,3.547,32.3,5831.5,2.16,0.0179,14.95,184.5,10.89,14.529,125.1,0
78.53,0.017,21.28,0.01,3.433,27.89,5933.7,1.87,0.105,15.04,191.2,11.66,14.708,115.3,0
79.04,1.578,21.56,0.19,3.53,31.67,6062.6,1.26,0.0392,14.59,190.6,11.49,15.295,117.4,0
77.05,1.288,21.74,0.19,3.537,30.74,5980.9,3.47,0.0272,15.56,182.2,11.0,15.233,118.5,1
78.66,1.032,21.65,0.45,3.578,26.96,5881.3,3.09,0.0182,14.66,180.1,12.55,15.103,117.9,0
76.79,1.414,20.69,0.12,3.454,29.73,6107.1,2.24,0.0054,15.48,187.7,12.46,14.991,122.2,0
76.81,2.137,20.6,0.53,3.532,26.6,6079.5,2.89,0.0434,15.24,186.1,11.1,14.523,120.4,0
78.98,1.418,21.18,0.61,3.598,30.12,5618.0,4.37,0.0377,13.97,175.3,11.52,14.902,120.9,0
78.34,0.861,22.31,0.01,3.468,29.12,5652.5,3.86,0.0258,15.26,184.0,12.89,14.96,117.3,0
78.12,1.489,23.01,2.79,3.359,27.75,6283.5,4.42,0.0467,15.73,187.4,12.23,15.179,117.4,1
75.35,0.942,21.57,0.16,3.45,28.47,5983.7,3.12,0.0631,15.02,181.6,12.18,14.967,114.0,1
77.7,0.392,22.48,0.2,3.408,28.91,5840.9,3.03,0.0005,14.34,187.8,11.75,14.89,112.7,1
77.01,0.349,22.49,0.02,3.472,32.05,5745.5,1.46,0.049,15.58,172.9,12.87,15.404,123.9,1
78.41,1.759,22.96,0.16,3.573,31.31,6103.0,3.29,0.0132,14.66,185.7,11.75,14.953,132.2,0
77.45,0.689,21.82,0.73,3.459,31.55,6353.0,2.68,0.0277,15.01,192.7,11.5,14.608,121.1,0
73.96,0.47,21.16,1.08,3.574,32.79,6177.1,4.75,0.0371,14.47,183.7,11.4,15.432,109.4,1
77.34,1.228,21.74,0.15,3.475,26.78,6309.8,2.38,0.0029,15.0,167.5,13.68,14.685,123.0,0
77.34,0.489,21.45,0.07,3.507,30.03,6233.7,1.98,0.02,14.85,162.9,12.77,15.123,128.3,0
76.66,1.087,24.22,0.05,3.533,28.75,6279.5,3.99,0.0055,14.92,188.5,12.64,14.994,118.6,0
77.76,0.101,22.83,0.1,3.421,30.75,5820.6,2.55,0.0008,14.2,181.1,11.74,14.848,118.1,0
73.75,0.887,22.64,1.44,3.523,31.09,6597.2,4.62,0.1047,14.5,171.4,14.11,14.939,121.3,0
76.83,1.257,22.83,0.06,3.511,30.17,5851.3,4.55,0.005,14.69,179.2,12.27,14.767,119.2,0
77.49,0.707,22.05,0.26,3.551,27.37,5780.9,3.01,0.038,15.64,176.8,11.93,15.136,113.5,0
76.2,1.002,21.26,0.15,3.548,29.03,5789.7,2.33,0.0189,14.6,178.6,12.72,14.952,113.5,0
78.16,1.048,22.93,0.29,3.491,31.65,5718.9,3.32,0.0106,14.41,171.2,11.25,15.178,117.4,0
79.46,0.259,24.25,1.48,3.406,24.8,6966.7,3.92,0.2624,15.67,195.4,9.54,14.815,131.5,0
79.7,1.248,21.25,0.08,3.557,29.81,5980.8,2.08,0.0169,15.42,167.2,11.13,15.232,120.0,0
76.03,0.887,21.59,0.58,3.475,28.41,5987.7,3.15,0.0053,14.88,179.8,11.8,14.949,122.6,0
80.3,1.198,20.83,0.52,3.503,30.2,6047.1,0.11,0.0963,13.64,196.2,11.39,15.212,126.8,0
78.66,1.352,21.1,0.33,3.485,30.2,6060.1,2.62,0.0118,15.01,179.6,11.64,15.039,118.4,0
76.99,1.481,22.05,1.14,3.502,30.62,6331.0,1.64,0.0257,14.72,177.7,10.48,15.087,121.3,0
75.89,1.401,22.91,0.06,3.59,32.01,5946.2,0.8,0.0019,15.04,172.2,12.29,15.255,115.7,0
75.36,0.339,21.39,0.68,3.503,27.91,5843.9,3.23,0.0477,15.27,178.6,13.45,14.739,114.7,0
77.92,0.528,22.48,1.8,3.457,35.32,5922.9,1.57,0.0047,15.22,197.1,12.83,15.193,132.1,1
78.11,0.778,21.18,0.33,3.496,29.47,6022.6,2.3,0.0139,14.9,174.3,11.96,15.262,115.9,0
77.63,1.338,21.82,0.52,3.491,29.63,6043.0,1.76,0.0841,14.5,175.0,11.62,15.109,116.7,1
79.19,1.044,22.04,0.04,3.461,29.24,5904.7,2.18,0.0132,15.36,178.0,11.33,14.904,121.5,0
76.45,1.496,20.65,0.26,3.606,29.34,6030.7,4.18,0.0152,14.54,178.2,11.78,14.93,122.1,0
74.41,1.746,19.56,1.26,3.487,26.88,5825.7,0.95,0.0698,14.81,189.4,10.35,15.931,135.1,0
78.15,0.76,20.33,0.23,3.503,29.88,5977.9,3.09,0.0206,14.74,183.5,11.72,14.813,117.2,1
76.89,1.043,22.09,0.58,3.462,31.57,5881.2,2.82,0.0167,15.14,177.8,12.33,15.083,122.5,0
80.04,0.783,22.06,0.4,3.391,29.79,5867.4,1.38,0.0584,14.9,187.8,11.45,15.184,127.7,1
78.44,0.484,22.62,0.05,3.491,29.47,5639.6,1.82,0.1128,14.89,180.0,13.37,14.839,118.5,0
80.36,0.516,24.04,0.82,3.708,35.01,6217.2,5.09,0.1363,13.0,196.7,11.19,14.101,115.8,0
80.95,1.195,21.32,0.01,3.486,28.16,5879.7,3.51,0.026,15.11,177.4,12.17,14.654,119.1,1
77.18,1.923,20.72,1.32,3.383,27.05,5751.9,4.52,0.0051,15.56,185.5,11.86,15.175,111.0,0
78.81,1.913,20.94,0.3,3.622,26.91,5743.6,2.11,0.0154,14.63,180.1,12.75,15.109,122.7,1
75.66,1.564,21.91,0.64,3.624,32.23,6038.6,2.92,0.04,15.76,190.9,10.94,15.062,116.9,0
76.41,1.005,22.1,0.19,3.43,24.25,6508.2,0.42,0.0561,14.01,199.1,13.07,14.793,122.8,0
76.52,0.223,21.74,0.38,3.493,29.05,6027.6,2.01,0.0484,14.47,179.0,12.27,15.118,120.8,0
77.41,1.474,21.02,0.08,3.412,29.8,6211.5,0.8,0.0564,14.67,182.3,12.23,15.052,117.5,0
78.59,0.169,22.08,0.72,3.489,23.87,5903.4,1.85,0.0178,13.95,181.6,12.16,14.791,116.9,0
78.6,1.055,23.25,0.76,3.49,29.56,6048.5,2.56,0.0116,14.05,188.2,12.25,14.546,121.9,1
80.08,1.675,21.86,0.02,3.488,27.95,6350.9,2.74,0.0247,14.32,180.5,12.51,15.252,118.4,0
77.8,1.752,21.32,0.16,3.509,31.22,6121.8,2.21,0.1267,15.48,186.8,11.95,14.915,116.9,0
78.32,1.003,21.81,1.43,3.456,30.22,5887.8,3.16,0.0307,14.73,168.7,11.72,15.18,116.8,1
76.3,0.812,21.45,0.33,3.495,29.52,6294.0,3.48,0.0355,15.02,198.6,11.77,15.021,121.6,0
80.11,1.309,21.01,1.25,3.456,31.35,6097.0,1.24,0.0193,14.44,179.1,13.18,14.887,115.9,1
77.46,0.947,22.01,0.56,3.557,29.78,5927.7,3.57,0.0778,14.35,178.2,12.27,15.003,120.7,0
77.01,0.782,21.1,0.1,3.535,29.12,5791.6,1.6,0.0424,15.23,193.0,11.96,15.241,129.9,0
78.5,0.928,22.51,0.41,3.482,29.51,5826.6,2.72,0.0583,14.71,179.4,11.09,14.729,118.3,0
76.87,0.649,23.44,0.25,3.564,28.67,6186.5,3.83,0.0291,14.76,159.2,11.63,14.648,124.1,1
78.76,0.667,23.2,0.51,3.434,30.22,5966.4,2.14,0.0177,14.61,181.7,13.09,15.423,119.3,1
78.84,1.098,22.15,1.69,3.488,31.74,5884.6,1.11,0.0295,13.93,185.4,12.25,15.092,122.0,0
78.01,1.414,22.07,0.48,3.526,28.59,6050.8,2.25,0.05,15.47,175.0,12.35,15.275,119.5,0
80.16,1.147,21.89,0.88,3.493,32.1,6044.4,0.47,0.0383,14.36,193.1,9.94,15.177,117.3,0
77.76,1.4,22.05,0.28,3.539,30.8,6068.7,3.61,0.0195,14.54,175.0,11.78,14.618,119.9,1
75.85,0.988,23.49,0.38,3.523,29.93,6302.8,1.25,0.0605,14.87,168.4,11.51,15.055,124.9,0
78.18,0.898,21.82,0.23,3.538,31.2,6179.3,2.28,0.0072,15.69,190.6,12.66,15.002,120.0,0
78.45,1.564,20.56,0.76,3.48,28.79,6052.2,4.4,0.0078,14.12,182.2,12.28,14.681,113.7,0
76.14,0.392,21.73,0.47,3.53,29.4,6003.4,3.72,0.0273,16.28,178.8,11.9,15.018,122.9,1
81.86,1.286,20.62,0.44,3.466,30.38,6373.2,2.34,0.0181,14.67,155.2,12.33,15.541,113.3,0
76.89,1.623,22.22,0.18,3.509,28.93,6039.9,3.32,0.0255,14.87,177.6,11.39,15.151,123.5,0
76.04,0.664,22.9,0.44,3.499,29.63,5859.4,2.3,0.0872,15.18,175.6,12.17,15.318,117.0,0
76.6,0.324,21.93,0.12,3.546,30.73,5572.9,0.24,0.0403,15.36,182.6,11.41,15.348,121.2,0
78.99,1.648,21.6,0.88,3.441,30.4,6021.7,3.98,0.0425,15.6,180.5,12.05,15.008,125.0,0
77.29,1.306,23.26,0.2,3.403,29.39,5514.2,2.49,0.037,15.04,188.6,11.22,15.086,117.1,0
81.28,0.54,21.59,0.33,3.543,29.36,5860.5,2.25,0.0335,15.7,182.4,11.64,15.228,121.7,1
76.41,1.336,22.6,0.36,3.493,30.12,5841.3,2.46,0.0532,15.02,182.3,11.35,14.872,125.5,0
78.56,0.618,21.39,1.07,3.53,27.83,5925.4,2.79,0.0489,14.47,174.6,12.28,15.115,114.1,0
79.81,0.987,20.64,0.79,3.545,29.62,6141.3,2.1,0.0102,15.39,173.5,12.08,15.24,116.0,0
77.89,1.157,22.15,0.28,3.503,30.64,5866.2,2.7,0.066,15.16,188.4,12.0,15.115,126.4,0
78.43,1.254,21.75,0.1,3.601,29.86,5771.1,2.77,0.0264,14.9,190.1,11.46,15.049,125.5,0
77.63,0.749,21.84,0.34,3.511,29.6,6125.3,1.44,0.044,15.21,177.9,11.56,14.761,123.1,0
78.44,1.172,21.45,0.04,3.524,28.01,5831.9,3.11,0.0242,15.39,173.6,11.21,15.399,122.7,1
75.68,0.283,23.14,0.04,3.466,27.78,5799.8,1.23,0.0201,14.32,166.0,13.66,14.986,122.4,0
79.74,0.903,21.77,0.32,3.504,28.77,6123.9,1.57,0.0614,14.34,175.3,12.34,14.955,116.1,0
78.43,1.355,22.87,0.53,3.478,31.76,5922.9,2.08,0.0084,15.82,180.4,12.64,15.064,123.9,0
76.83,1.547,21.03,0.92,3.49,30.82,5435.7,2.41,0.0523,13.99,197.5,12.21,14.809,120.9,0
77.42,0.317,21.78,0.05,3.558,31.67,5761.5,2.58,0.0481,15.73,179.6,12.37,14.889,121.5,0
78.47,0.738,21.39,0.35,3.518,30.37,6069.1,1.33,0.0926,15.22,182.0,13.36,15.014,120.0,0
78.72,1.253,21.35,0.51,3.537,30.35,6413.3,1.91,0.0654,15.65,182.4,12.51,14.957,122.9,0
79.49,0.813,21.93,0.21,3.419,31.13,5925.0,3.83,0.0147,14.52,186.2,12.21,14.837,124.1,0
71.18,1.152,22.7,0.9,3.468,31.97,6370.2,1.82,0.0768,14.28,176.2,11.04,14.775,124.6,0
77.09,0.647,21.99,0.13,3.504,29.71,5850.1,3.06,0.0703,15.43,193.0,11.54,15.058,117.7,1
79.73,1.147,21.73,0.21,3.449,26.01,5898.6,2.91,0.0305,14.3,194.0,12.12,14.566,126.0,0
79.59,1.029,21.71,0.24,3.498,27.38,6082.0,1.53,0.0127,14.58,185.3,11.49,14.78,116.9,1
79.33,0.752,20.61,1.19,3.506,30.04,6232.4,0.93,0.0338,15.61,181.2,11.29,15.083,123.1,0
78.07,0.46,21.24,0.04,3.497,31.29,6046.9,4.24,0.0397,14.85,184.0,12.14,14.954,108.4,0
76.67,1.56,23.31,1.34,3.406,30.01,6054.3,3.9,0.0176,14.37,186.3,10.59,14.842,123.0,0
76.76,0.221,21.46,0.27,3.456,28.85,5906.3,4.4,0.0784,14.93,177.0,11.51,15.025,119.5,0
77.44,0.083,22.97,0.43,3.446,28.71,5931.3,1.55,0.0106,15.32,193.7,13.41,14.751,113.9,0
77.91,0.934,21.37,0.01,3.44,28.44,5847.9,3.74,0.0596,15.04,185.0,12.22,15.366,118.3,0
77.14,0.249,22.01,0.15,3.567,32.21,6028.8,3.46,0.0162,14.58,167.4,12.54,14.97,117.7,0
76.86,1.642,21.74,1.0,3.565,26.92,6143.5,1.45,0.0227,15.28,190.2,13.48,15.095,126.9,1
76.12,0.274,21.5,0.41,3.466,29.72,5896.2,0.04,0.0554,14.99,174.2,12.46,15.349,128.8,0
76.58,1.413,21.5,0.61,3.46,28.15,6024.7,2.3,0.0047,14.44,196.3,12.77,15.179,113.9,1
78.45,0.762,19.65,0.16,3.553,28.82,6099.2,3.13,0.0245,13.83,191.1,11.12,15.266,122.4,1
77.91,1.144,21.06,0.94,3.497,28.35,6291.9,2.17,0.0174,14.82,178.0,12.02,14.984,114.9,0
77.19,0.009,21.85,0.58,3.421,32.81,6269.3,0.51,0.0767,14.36,179.9,11.75,15.11,115.3,0
78.99,1.222,21.13,0.62,3.446,31.85,6089.1,0.39,0.1165,12.44,209.2,14.22,14.445,120.2,1
77.67,0.302,22.86,1.29,3.482,29.87,6020.8,1.55,0.0076,15.79,183.0,11.48,15.081,117.5,0
77.09,0.189,21.12,0.7,3.427,30.45,5872.0,2.98,0.0342,15.89,183.4,12.08,14.805,119.7,0
76.12,1.353,21.78,0.76,3.453,32.81,6091.7,2.66,0.0189,14.83,187.2,12.19,15.027,118.9,0
76.47,1.075,22.12,0.81,3.46,31.86,6065.3,3.05,0.069,16.44,188.4,13.04,14.957,118.7,0
79.91,0.457,22.27,0.13,3.532,28.69,6195.9,3.3,0.0016,15.33,181.0,10.96,15.125,121.5,0
80.97,0.32,21.58,0.02,3.452,27.57,6417.1,3.64,0.1099,15.35,201.6,9.72,14.887,131.7,0
77.04,0.792,21.6,0.64,3.424,29.55,5880.0,2.61,0.032,15.25,176.3,12.73,15.059,120.8,0
82.26,2.309,22.61,0.21,3.459,33.66,6104.8,2.94,0.1102,14.21,212.7,12.72,14.78,118.0,1
79.61,0.588,21.45,0.11,3.531,28.85,5891.0,1.65,0.0165,14.94,165.3,12.83,14.636,128.6,0
77.76,1.553,21.52,0.29,3.466,31.37,5866.7,2.95,0.0043,15.28,176.5,11.45,14.678,119.6,0
80.8,1.651,20.75,0.14,3.457,32.57,6054.6,3.3,0.0369,15.38,172.0,12.2,15.026,114.3,0
79.54,1.243,21.61,0.84,3.653,29.01,5744.8,2.27,0.0639,15.52,184.6,11.84,15.02,107.0,0
77.89,0.699,21.4,0.09,3.552,27.73,6120.5,2.09,0.0189,14.6,179.4,13.12,15.139,121.5,0
78.72,0.863,21.19,0.11,3.461,30.82,6315.7,2.64,0.0888,14.83,183.4,12.44,14.935,113.2,0
76.95,1.24,21.67,0.12,3.524,30.03,6128.9,0.8,0.0138,14.59,189.3,11.9,14.904,125.3,0
78.52,1.971,21.39,0.73,3.544,28.06,6136.1,1.67,0.0395,14.93,181.9,12.25,15.033,117.9,0
77.85,0.615,21.52,0.22,3.344,29.08,5756.9,1.27,0.0345,14.84,172.3,13.07,15.056,121.4,0
79.93,0.332,22.16,0.14,3.514,28.6,5914.3,1.85,0.0351,14.92,189.2,11.49,15.018,124.0,0
75.34,1.148,22.03,0.36,3.506,27.97,5922.0,2.67,0.0227,15.2,182.4,12.16,15.002,125.1,0
79.21,1.79,22.15,0.03,3.482,27.12,5989.3,2.53,0.0636,14.33,191.1,11.18,15.046,119.6,0
75.78,0.64,20.72,1.43,3.528,31.37,5521.8,3.18,0.0316,14.96,192.2,12.33,15.031,122.6,0
77.07,0.338,21.16,0.63,3.551,30.03,5980.7,1.68,0.0318,14.54,169.3,12.46,15.505,117.6,1
75.2,1.84,20.95,0.28,3.462,29.04,6128.9,1.25,0.0629,13.92,187.9,11.54,15.27,110.5,0
75.88,0.184,20.79,0.92,3.489,32.35,6338.8,3.69,0.0156,14.82,173.6,13.86,15.256,134.8,1
79.22,1.285,22.24,2.49,3.396,30.39,6049.2,3.78,0.0081,15.15,181.6,12.02,15.513,123.9,0
78.64,1.959,21.97,1.59,3.436,30.72,5655.7,1.55,0.0369,15.34,187.3,13.04,15.22,115.2,1
73.7,1.12,22.18,0.14,3.546,30.9,6185.9,3.83,0.0728,15.26,183.2,12.59,15.118,114.6,0
79.74,0.72,21.88,0.18,3.386,30.79,6143.2,0.69,0.0167,14.56,184.1,10.99,15.477,115.5,0
80.57,0.579,21.93,1.34,3.447,29.77,5787.2,2.99,0.0113,14.85,191.0,11.71,14.981,117.7,1
77.72,0.541,22.23,0.04,3.473,31.74,5832.6,1.69,0.0405,14.34,182.6,12.42,15.047,117.5,0
79.53,0.194,21.34,0.27,3.506,30.28,6041.5,3.05,0.0318,15.9,181.1,12.59,14.88,115.5,0
76.46,1.213,22.43,0.03,3.444,30.12,6020.6,2.45,0.0277,15.05,170.3,12.41,15.359,120.1,0
76.74,1.522,22.44,0.16,3.473,28.39,6039.6,1.87,0.0038,15.55,173.7,11.82,15.178,126.6,0
76.97,1.107,22.75,0.53,3.529,31.34,5985.9,4.74,0.0074,15.13,167.1,13.04,15.081,124.2,1
77.86,2.143,23.13,0.13,3.733,28.04,5901.2,1.4,0.0403,16.21,172.2,10.1,15.519,122.7,0
76.36,0.424,22.01,0.86,3.509,31.03,5885.6,1.46,0.0521,15.35,180.4,11.13,15.115,117.8,0
75.76,0.561,21.66,1.88,3.406,31.09,5867.0,1.61,0.0505,15.73,187.4,11.76,14.632,125.3,1
78.29,0.803,21.43,2.42,3.443,29.7,5937.9,2.63,0.0301,14.55,184.5,12.48,14.76,122.1,0
77.65,1.12,22.61,1.63,3.464,30.11,6028.3,3.28,0.0278,14.63,188.9,11.33,14.596,120.7,0
83.4,1.548,20.78,2.8,3.609,29.37,5967.7,3.95,0.0347,15.5,191.8,12.85,15.037,113.6,1
76.96,0.887,22.69,0.05,3.5,29.11,5925.9,2.9,0.0367,14.68,177.2,12.32,14.965,121.4,0
80.57,1.412,21.87,0.21,3.461,30.38,5859.7,2.72,0.0015,14.74,193.6,10.78,14.722,128.8,0
76.53,0.31,23.23,0.34,3.457,28.66,5876.3,1.69,0.0567,16.15,182.2,12.05,15.137,121.4,0
81.68,0.67,22.14,0.0,3.462,28.47,6032.5,3.09,0.0493,15.5,184.1,10.72,14.889,123.2,0
76.22,2.291,22.41,1.46,3.447,28.42,6032.8,2.5,0.002,15.02,183.3,11.35,15.057,130.7,0
78.38,1.628,22.28,0.41,3.509,29.27,6043.2,4.0,0.0358,15.25,169.8,12.0,14.663,123.7,0
80.24,0.435,21.27,1.51,3.464,27.79,5788.8,3.12,0.0115,15.16,187.4,10.87,15.32,122.2,1
77.64,2.081,20.86,0.2,3.508,28.68,6378.5,3.72,0.0649,14.42,182.5,12.69,15.152,125.4,0
78.51,0.892,21.29,0.07,3.48,27.93,5963.7,1.59,0.0242,14.97,183.4,12.82,14.962,116.2,0
81.11,0.424,23.73,1.4,3.531,31.35,6178.5,3.49,0.0423,14.1,164.9,11.75,15.046,122.1,0
77.31,1.952,21.65,0.32,3.539,30.71,5930.6,1.57,0.0069,15.39,178.1,11.29,14.667,115.1,0
78.22,0.957,21.63,0.16,3.53,29.71,5983.3,1.59,0.0215,15.29,174.0,11.64,15.236,123.7,0
77.76,0.358,18.68,2.73,3.48,30.04,6116.5,3.94,0.0024,14.54,197.7,12.41,14.913,116.9,0
78.46,1.796,20.38,0.59,3.549,30.76,5759.5,4.16,0.0737,13.81,191.3,12.35,14.928,127.3,0
78.19,1.939,21.05,0.26,3.433,30.37,6246.3,3.26,0.0529,15.04,162.3,13.14,15.132,118.7,0
79.88,0.683,20.86,0.51,3.44,27.37,5800.1,3.71,0.0182,15.26,169.4,11.88,15.247,125.3,0
76.32,1.74,23.36,0.1,3.376,32.37,5953.6,1.9,0.0428,14.33,183.2,11.65,14.952,121.7,1
78.14,2.037,21.88,0.25,3.522,30.81,5909.5,2.05,0.0591,14.95,174.9,11.05,14.754,128.3,1
79.58,0.677,22.24,0.21,3.498,28.89,5849.3,2.38,0.0426,15.45,177.8,13.03,14.588,117.8,0
76.24,0.791,22.39,1.48,3.543,30.01,6157.0,2.5,0.0451,14.97,180.9,12.06,14.815,115.1,0
77.65,3.615,21.62,0.68,3.449,32.55,6077.9,3.44,0.0215,14.51,168.7,10.97,15.561,118.8,1
80.75,0.982,22.86,0.74,3.611,32.62,6121.1,2.95,0.0217,14.34,178.7,11.78,14.742,123.2,1
78.67,0.703,22.75,0.5,3.505,30.15,5913.3,3.91,0.0195,15.46,181.1,11.74,14.962,122.6,0
78.02,0.237,21.33,0.2,3.556,31.82,5611.8,2.5,0.0586,15.35,174.8,12.66,15.049,124.0,0
75.74,1.36,22.52,0.23,3.481,28.64,6110.0,4.23,0.0016,15.07,175.2,11.76,15.025,122.0,0
78.02,1.898,20.74,0.94,3.425,26.54,5696.6,1.93,0.0344,14.31,183.0,9.98,15.318,118.1,0
80.68,0.955,21.74,1.49,3.357,27.82,5869.2,0.45,0.0438,14.34,183.9,12.01,15.006,116.4,1
77.45,0.873,22.53,1.04,3.507,28.4,5886.6,1.17,0.0098,14.31,172.1,12.11,14.91,119.2,0
78.03,0.831,22.17,0.74,3.469,29.34,6115.4,2.13,0.0068,14.4,187.5,11.3,14.934,121.1,0
78.26,0.801,22.11,0.57,3.473,29.65,6112.8,3.36,0.0526,14.83,169.6,11.16,15.326,122.8,0
74.98,3.756,23.33,0.22,3.362,31.53,5547.0,6.52,0.0098,14.25,162.3,9.38,15.122,103.8,0
80.12,1.008,22.48,1.35,3.498,29.66,5980.9,2.49,0.0577,14.57,173.2,11.3,14.855,120.5,0
76.86,1.306,21.41,0.36,3.513,30.35,5791.9,3.23,0.0076,15.47,184.8,11.66,15.077,121.0,0
76.45,1.718,22.41,0.52,3.577,29.52,5984.8,3.09,0.0353,15.26,176.6,13.16,15.03,118.1,0
76.66,1.34,22.49,0.34,3.564,28.69,6283.0,3.6,0.032,14.34,176.8,11.54,14.951,117.5,0
77.36,2.552,21.9,0.9,3.548,32.14,5987.3,1.7,0.0178,16.16,179.5,12.12,14.829,116.1,0
76.32,0.065,20.11,5.76,3.489,28.98,6292.3,1.99,0.0091,17.13,173.0,11.63,15.564,127.5,1
75.87,1.112,22.03,0.85,3.506,29.44,5820.0,2.29,0.0053,15.28,192.0,12.21,15.119,119.6,1
74.35,1.179,21.89,0.52,3.306,28.49,5973.3,2.43,0.1211,16.05,173.7,13.51,14.733,125.8,1
78.96,1.007,22.83,0.09,3.484,31.38,6012.6,0.98,0.0907,15.27,189.7,11.64,14.888,116.5,0
77.46,1.184,22.57,0.88,3.481,28.38,5990.5,1.6,0.01,14.8,181.7,10.87,15.283,121.8,0
74.4,1.351,22.0,0.26,3.501,31.71,6089.4,2.74,0.0198,14.92,183.7,12.84,14.861,116.7,0
80.03,1.564,21.33,0.59,3.567,30.22,6005.5,4.86,0.1045,15.56,178.6,11.95,15.258,119.1,0
77.18,0.255,23.04,0.14,3.443,30.47,6031.5,3.6,0.014,14.72,176.6,11.45,14.875,123.0,0
80.2,0.774,21.3,1.38,3.511,31.4,5856.5,3.01,0.0353,15.15,184.5,13.01,15.242,126.2,1
74.39,2.279,22.22,1.5,3.525,30.45,5964.3,0.35,0.0429,14.82,172.9,12.62,14.649,119.7,0
77.28,0.599,22.07,0.05,3.527,27.28,5807.6,3.36,0.0594,14.4,152.8,12.69,15.004,109.5,0
78.54,1.186,21.76,1.27,3.534,29.32,5847.2,1.87,0.0325,15.42,188.5,11.68,15.015,118.9,0
77.01,0.066,22.21,0.77,3.541,28.26,5823.9,2.49,0.0765,13.84,157.3,11.88,15.095,125.4,0
79.81,0.514,21.24,1.27,3.433,34.62,6048.0,5.3,0.0146,15.29,188.3,11.44,15.259,122.6,1
77.85,0.756,23.39,0.9,3.455,27.55,6147.5,1.75,0.0972,13.5,168.3,11.3,15.14,120.5,0
77.5,1.27,21.35,0.27,3.445,31.88,5777.8,2.37,0.0299,14.69,194.9,12.22,14.987,118.1,0
78.59,1.409,22.16,0.65,3.447,29.29,6173.4,2.95,0.0375,15.16,182.8,11.55,15.363,115.1,0
78.52,0.397,21.86,1.5,3.439,38.14,5538.5,0.45,0.0931,15.58,182.0,13.47,14.895,117.1,1
79.02,0.152,21.6,0.03,3.471,31.19,5914.9,1.77,0.0991,15.69,181.2,11.02,14.837,119.3,0
78.09,1.678,21.86,0.2,3.431,30.15,6220.0,1.46,0.0205,14.84,178.0,12.43,14.874,120.5,0
77.94,1.245,22.84,0.1,3.479,29.16,5994.5,2.18,0.016,14.97,183.3,12.55,15.03,121.8,0
79.13,0.941,22.4,0.73,3.434,27.24,6095.0,2.72,0.0183,14.82,193.4,11.89,14.857,115.5,0
77.77,0.8,22.13,0.11,3.563,30.27,6106.4,3.12,0.057,14.62,191.6,10.66,15.059,125.7,0
78.79,1.349,21.98,0.08,3.507,30.48,5936.4,2.75,0.0664,14.73,180.3,12.74,14.967,123.3,0
78.3,0.949,22.3,0.19,3.448,29.07,5993.0,2.15,0.0038,15.67,175.4,12.25,14.904,122.1,0
75.28,1.152,21.68,0.28,3.492,29.17,5865.9,4.08,0.023,15.02,186.7,12.63,14.98,116.2,0
77.41,0.432,21.55,1.12,3.499,30.3,5983.8,3.13,0.0352,15.45,188.3,11.33,15.134,120.3,0
76.92,1.019,21.07,0.91,3.45,31.06,6207.3,2.32,0.0252,14.51,171.5,11.69,15.045,122.1,0
76.43,0.693,21.94,0.03,3.537,27.6,6138.3,1.42,0.0234,15.3,169.1,12.01,15.22,118.9,0
74.22,1.568,21.67,0.41,3.438,31.02,6076.1,2.15,0.0095,14.94,180.0,12.48,14.665,107.5,1
77.91,0.278,22.3,6.25,3.587,32.5,5856.6,3.36,0.042,14.19,175.4,12.19,15.315,107.1,0
83.64,0.859,23.39,0.06,3.554,27.73,5925.0,3.86,0.015,14.65,171.7,10.65,14.587,114.8,1
79.41,1.135,21.76,0.27,3.537,30.9,5679.1,4.32,0.0332,14.24,182.0,11.53,15.306,120.1,1
78.24,1.249,22.06,0.54,3.516,27.86,5756.0,1.72,0.0708,13.89,177.6,11.94,15.26,119.3,0
77.58,0.568,22.16,1.46,3.436,30.27,6216.5,2.39,0.0771,16.06,179.9,13.35,15.254,128.5,0
75.16,1.252,21.21,0.41,3.347,31.65,6035.8,3.2,0.0219,14.18,185.3,12.82,15.056,115.6,0
75.51,1.119,22.17,0.37,3.489,27.7,5655.6,3.17,0.0308,14.88,173.3,11.85,14.609,113.4,0
77.36,0.988,22.22,1.14,3.448,31.25,5935.3,1.68,0.0168,14.96,171.7,10.86,15.428,120.1,0
79.89,1.32,22.61,1.07,3.546,31.28,5785.1,1.87,0.0318,14.88,187.2,11.58,14.85,125.6,0
76.42,1.02,20.15,0.28,3.46,30.82,6173.6,2.98,0.0118,15.2,182.9,12.6,15.103,111.8,0
78.25,1.238,21.84,0.37,3.547,30.63,5907.2,1.75,0.0319,15.21,177.5,11.78,15.164,124.5,0
77.67,0.987,21.78,0.77,3.55,31.18,6021.0,1.91,0.0056,15.38,169.3,12.92,14.897,113.9,0
78.35,1.155,20.58,0.54,3.44,27.95,5980.6,2.31,0.0934,14.73,160.5,10.92,14.735,117.9,0
75.67,0.045,22.4,1.06,3.5,29.26,5943.9,2.22,0.0969,14.72,194.6,12.69,15.733,122.5,1
78.01,0.213,21.47,0.12,3.486,31.65,6209.8,3.18,0.025,14.84,188.4,11.46,14.887,116.6,0
79.2,1.483,22.04,0.48,3.5,29.6,5747.4,4.18,0.0248,15.09,182.6,12.67,14.515,121.4,0
77.78,0.987,21.68,0.83,3.597,30.57,6132.7,2.24,0.0738,14.37,186.1,11.73,15.219,121.2,0
76.57,0.528,22.35,0.91,3.528,29.65,6251.6,2.38,0.0013,15.18,178.6,12.04,15.501,124.1,0
78.42,1.192,22.6,0.19,3.514,29.34,5711.3,2.23,0.012,16.0,170.3,11.97,14.993,128.4,0
76.6,1.274,22.42,0.14,3.464,30.37,5849.5,1.24,0.0249,15.15,192.9,12.53,14.896,126.4,0
76.9,1.066,21.6,1.72,3.483,30.15,5826.0,3.77,0.0467,14.9,177.8,11.16,14.933,123.6,0
78.33,0.311,21.92,0.76,3.592,27.15,5903.1,2.88,0.0707,14.88,189.5,11.82,15.051,118.3,0
78.99,1.052,21.66,0.43,3.52,29.7,6092.0,1.78,0.0056,15.56,167.4,12.6,14.997,124.4,0
77.03,1.222,22.9,0.33,3.5,28.13,5974.2,1.57,0.0849,14.74,186.8,10.65,15.106,123.6,0
77.44,0.981,22.36,0.07,3.519,29.76,5748.2,2.9,0.0282,14.73,188.9,11.33,14.845,117.9,0
78.53,1.075,22.19,0.08,3.509,28.46,5893.3,3.58,0.0622,15.21,184.9,12.5,15.166,121.1,0
78.74,0.86,22.36,0.33,3.498,30.31,6004.2,2.04,0.0322,15.21,167.9,11.07,15.024,116.1,0
80.36,0.638,22.64,0.64,3.397,29.02,5973.6,1.82,0.0601,14.49,177.7,12.2,15.091,114.1,0
77.88,0.286,23.45,0.5,3.597,29.31,6179.8,3.17,0.0749,15.18,174.3,12.79,15.141,123.2,0
77.09,0.966,20.93,0.18,3.494,30.24,5967.3,2.66,0.0185,15.9,177.7,11.35,15.185,120.9,0
78.0,1.132,22.73,0.14,3.447,30.42,5981.0,2.78,0.0025,14.74,183.1,12.52,15.087,119.1,0
75.2,0.254,22.47,0.91,3.447,30.46,6381.0,3.02,0.0207,14.94,162.4,12.27,14.925,112.5,1
78.64,0.335,23.06,0.13,3.553,30.08,5835.8,1.9,0.0761,15.06,178.0,12.39,15.339,122.5,1
78.93,1.507,21.46,0.74,3.535,29.53,6136.6,2.94,0.0244,15.26,170.8,12.59,15.495,121.6,1
75.49,0.251,22.31,0.28,3.472,30.75,6185.2,3.88,0.03,15.36,191.7,11.33,14.974,117.9,0
77.67,0.423,21.49,0.65,3.398,28.32,5886.1,3.03,0.075,14.77,178.6,10.63,14.742,118.6,0
78.9,0.607,22.16,0.92,3.512,28.23,6190.6,1.64,0.0456,14.1,181.3,12.01,14.947,121.6,0
79.22,0.677,22.82,0.61,3.499,28.03,6151.3,2.13,0.0502,14.53,178.5,12.68,14.619,121.5,0
79.79,1.635,22.43,2.03,3.509,28.87,6264.7,2.92,0.0138,14.36,183.2,12.02,15.022,113.9,0
77.89,0.25,21.52,1.13,3.545,32.9,5807.4,1.77,0.0153,14.74,192.0,11.19,15.05,117.7,0
80.45,1.237,20.72,0.37,3.582,30.6,5696.3,2.11,0.0084,15.55,163.0,10.84,15.419,123.6,0
77.01,0.285,21.81,0.57,3.474,29.72,6001.7,1.65,0.0386,14.92,180.6,13.03,14.805,116.9,0
76.03,0.734,22.02,0.0,3.428,26.89,5979.0,1.51,0.0982,14.9,174.0,11.33,14.6,128.2,0
77.02,1.349,23.18,1.52,3.47,29.18,5914.1,0.96,0.0285,14.73,188.0,11.17,14.61,124.6,0
82.11,1.198,22.55,1.74,3.374,30.25,6141.6,2.7,0.077,14.71,187.8,11.5,14.916,115.0,0
78.16,0.737,21.89,0.94,3.501,27.94,5802.0,2.92,0.0093,14.51,188.7,13.57,15.007,119.5,0
80.53,1.649,21.98,0.03,3.539,27.67,5827.1,3.08,0.0453,14.97,173.7,11.82,15.133,119.3,0
79.44,0.988,21.85,0.22,3.51,30.29,6018.5,1.54,0.0528,14.57,167.8,11.33,14.727,120.4,0
78.8,0.817,22.16,0.23,3.557,29.89,5682.6,2.77,0.0709,15.51,175.2,13.08,14.762,116.9,0
75.49,2.301,22.69,0.11,3.493,30.97,5970.6,2.76,0.0215,14.34,187.2,12.49,15.271,119.5,0
77.87,2.215,23.38,0.27,3.491,29.48,6178.1,2.18,0.0094,14.8,186.6,11.99,15.348,124.6,1
78.76,1.046,21.52,0.11,3.576,32.27,5972.0,1.41,0.0846,14.6,185.8,13.18,15.34,113.5,0
78.2,0.843,22.87,0.55,3.451,28.53,5957.7,3.12,0.0387,15.4,189.5,11.18,15.081,113.8,0
77.54,0.4,22.16,0.07,3.462,29.11,6145.3,3.9,0.026,14.6,185.9,11.74,14.605,122.0,0
80.69,1.489,20.76,1.7,3.544,32.62,5814.3,1.22,0.0551,15.87,174.3,13.09,15.058,120.9,0
77.38,0.704,23.18,0.01,3.506,30.98,5898.2,2.73,0.0396,14.88,187.4,10.84,15.327,118.8,0
77.49,0.81,22.13,0.29,3.497,29.93,6068.1,2.14,0.0699,14.76,172.4,11.93,15.103,117.8,0
78.4,0.486,22.52,0.1,3.455,30.49,5841.2,2.2,0.0025,14.99,187.9,12.49,14.914,116.8,0
77.52,0.882,21.99,0.19,3.53,30.09,5866.4,2.83,0.0342,14.86,187.3,11.29,15.012,117.3,0
79.67,0.439,23.33,0.57,3.37,29.96,6038.1,1.78,0.0594,14.27,184.3,11.98,14.94,126.6,0
79.28,0.276,22.33,1.2,3.474,29.95,6430.5,2.76,0.0058,15.14,174.8,10.31,15.141,118.2,0
74.09,0.441,18.42,0.41,3.454,30.56,5935.6,2.66,0.0422,15.6,172.9,11.1,14.987,100.4,0
77.89,1.118,22.88,0.23,3.567,31.67,6169.6,1.19,0.0386,14.87,177.6,12.5,14.574,123.4,0
78.28,0.309,22.26,2.34,3.57,30.16,6407.4,0.61,0.1933,14.08,169.8,12.18,15.218,130.1,0
78.51,0.576,21.48,0.3,3.394,30.68,6193.9,4.46,0.0019,14.87,159.3,11.55,15.35,118.6,0
78.71,0.376,21.93,0.29,3.525,30.94,5916.0,0.74,0.0361,15.49,185.7,13.07,15.078,125.7,0
81.27,1.306,22.16,0.19,3.424,29.6,6014.0,2.42,0.0226,14.79,183.7,11.94,14.765,127.5,0
76.03,1.597,21.79,0.91,3.424,29.48,5880.9,3.39,0.1104,15.53,181.1,11.57,14.776,125.9,1
76.67,0.051,22.49,0.32,3.55,30.7,5989.0,3.35,0.0358,14.91,202.8,12.29,14.747,132.2,0
77.23,1.079,21.26,0.51,3.469,29.26,6189.3,2.94,0.0223,14.87,178.9,11.86,15.106,117.3,0
75.73,0.572,22.4,0.42,3.59,30.9,5994.6,2.26,0.0584,15.34,175.8,11.52,14.823,123.1,0
77.49,0.514,22.49,0.03,3.434,27.57,5768.0,3.1,0.0302,14.28,170.0,12.53,14.826,118.3,0
76.53,0.555,20.88,0.04,3.492,31.02,5789.8,1.16,0.0384,15.08,179.6,12.15,15.259,124.4,0
77.13,0.889,23.55,0.02,3.407,30.68,5933.8,1.6,0.028,14.84,182.4,12.31,15.148,121.9,1
84.97,0.331,21.38,0.46,3.516,29.73,6531.6,1.79,0.0861,17.19,196.0,13.1,14.673,125.9,0
79.27,0.894,22.6,0.63,3.576,29.02,6123.6,1.64,0.0173,14.7,177.8,11.75,15.215,121.3,0
76.86,0.058,21.02,0.09,3.49,32.65,5025.2,4.22,0.0478,13.66,189.9,10.65,15.057,119.6,1
77.29,0.286,21.47,0.08,3.55,32.45,5862.5,2.94,0.0019,14.81,174.6,11.77,14.854,121.1,0
76.94,1.033,21.96,0.11,3.497,30.37,5863.6,3.55,0.0581,15.21,185.1,10.94,15.211,109.5,0
78.17,0.612,23.18,0.2,3.479,31.7,5969.1,1.74,0.0177,14.97,137.1,11.03,14.753,113.1,0
80.5,0.862,21.46,1.98,3.579,28.71,6073.2,0.29,0.0487,14.35,189.9,12.92,14.983,123.9,0
77.19,0.708,23.08,0.46,3.521,29.85,5926.4,2.07,0.0232,15.19,179.9,12.52,14.668,115.9,1
75.63,1.295,20.57,0.27,3.486,31.76,5846.0,3.02,0.126,14.72,196.9,11.99,14.421,115.6,1
77.38,0.869,21.73,0.22,3.478,31.19,6055.4,1.87,0.0047,14.61,175.0,11.89,15.07,128.4,0
78.75,1.268,20.85,1.78,3.526,28.13,5875.8,1.28,0.0807,15.76,173.9,12.62,15.122,116.5,0
76.89,0.875,20.65,0.36,3.439,28.5,5843.9,1.85,0.025,15.05,185.0,13.01,15.1,119.5,0
77.49,0.681,22.9,0.28,3.492,28.48,5978.1,2.03,0.0022,15.27,169.4,10.12,14.665,120.0,0
77.49,1.204,21.37,0.18,3.459,29.14,6034.6,2.63,0.0035,15.17,174.2,11.7,14.973,123.8,1
76.88,1.526,21.43,0.12,3.482,30.44,6320.3,1.49,0.0801,15.77,181.7,11.26,14.712,113.6,0
79.63,1.483,22.87,1.25,3.509,29.37,6062.2,1.37,0.0722,15.58,182.4,11.54,14.976,118.8,0
76.28,0.366,21.83,0.12,3.39,31.8,5905.7,0.4,0.0955,15.15,195.8,11.73,15.13,122.8,0
79.38,0.522,21.22,2.16,3.451,33.69,5902.3,3.73,0.0814,15.77,189.0,11.34,15.364,121.1,1
75.83,0.611,23.09,0.42,3.485,28.54,6059.1,2.6,0.1238,14.42,176.3,12.36,15.053,130.9,0
78.84,0.654,21.87,1.01,3.46,29.37,6219.2,0.86,0.0589,15.15,172.3,10.46,14.938,119.5,0
78.77,0.3,24.1,0.67,3.472,29.03,6235.7,0.51,0.0252,14.38,175.6,12.78,15.391,113.1,0
78.08,0.985,21.17,0.33,3.497,30.06,5939.9,2.75,0.0094,16.24,179.1,11.11,14.846,124.1,1
79.62,1.289,22.93,0.05,3.568,30.4,6018.5,3.79,0.0367,14.78,188.3,11.92,15.015,117.5,1
78.49,0.972,21.73,0.05,3.422,31.65,6080.9,3.6,0.0653,15.3,186.3,11.75,14.718,121.5,0
79.64,0.499,22.49,0.55,3.446,25.51,6042.4,4.21,0.0401,15.07,186.5,11.68,15.093,120.4,0
79.19,0.992,20.59,0.87,3.489,31.23,5880.0,4.48,0.0093,15.31,170.2,11.94,14.973,116.9,0
76.27,1.426,22.89,0.35,3.452,31.44,5665.9,2.83,0.0272,15.73,182.5,12.16,15.073,128.2,0
79.55,0.535,21.85,0.05,3.588,26.93,5973.8,2.77,0.0948,15.25,194.0,10.58,15.248,129.4,1
79.0,0.042,22.32,0.1,3.557,27.64,5787.6,3.18,0.0276,15.61,174.5,11.94,14.954,125.8,0
77.32,0.902,22.54,0.25,3.455,30.86,6204.9,2.07,0.0026,15.07,164.9,12.83,14.69,121.4,0
76.9,1.292,22.76,0.02,3.582,28.15,5773.6,2.4,0.0609,14.95,180.9,12.79,15.089,123.8,0
76.78,1.374,21.58,0.48,3.517,27.95,5666.0,2.47,0.0291,14.29,181.8,10.91,15.399,115.9,0
80.19,0.764,22.02,0.26,3.49,31.71,5975.6,2.83,0.0424,14.71,176.4,11.88,15.299,123.4,1
77.92,1.029,22.04,0.57,3.482,28.91,5926.8,2.02,0.0342,14.89,184.3,12.52,15.015,131.9,0
77.6,0.376,22.58,0.2,3.511,27.95,5756.0,2.78,0.0477,14.77,170.1,12.44,14.893,120.0,0
76.55,0.59,23.13,0.58,3.442,28.92,6120.9,1.24,0.0302,15.53,176.4,11.23,15.247,116.2,0
79.47,0.376,23.69,0.17,3.393,29.7,5804.9,2.14,0.039,14.96,183.8,10.95,14.674,120.0,0
77.42,0.43,21.07,0.25,3.356,28.81,5895.9,1.46,0.1251,14.95,174.4,11.91,14.71,122.7,1
78.4,0.92,21.79,0.13,3.542,29.16,6002.6,2.27,0.0118,14.95,181.1,11.31,15.288,115.5,1
77.61,1.311,22.34,0.67,3.486,27.98,6026.6,1.98,0.0024,15.36,193.8,12.46,14.947,120.3,0
77.8,0.733,22.5,0.1,3.44,28.16,6091.3,2.41,0.0231,14.87,189.7,10.49,14.92,126.5,0
79.82,0.719,21.66,0.77,3.442,31.44,5958.9,4.0,0.0413,15.35,182.5,13.13,14.978,119.3,0
77.28,1.113,21.98,0.64,3.538,28.73,5821.2,2.5,0.011,14.86,181.6,10.83,14.823,119.2,0
78.03,1.253,23.3,0.9,3.507,29.45,6195.5,2.32,0.0276,13.99,169.0,11.32,15.245,125.2,0
79.57,0.127,19.74,0.37,3.528,30.26,6065.5,3.83,0.0761,15.31,182.0,10.58,14.715,128.6,0
82.04,0.348,23.4,1.53,3.482,31.2,5849.3,2.42,0.0681,15.22,178.1,12.32,15.089,127.4,0
80.24,0.795,22.11,0.46,3.398,32.56,6193.4,3.08,0.0614,14.02,167.4,11.52,15.023,114.9,0
78.87,0.819,23.36,1.14,3.535,32.92,5648.1,2.19,0.0492,14.91,173.4,12.22,15.302,114.4,0
78.67,0.409,22.75,0.83,3.489,32.16,5689.1,0.34,0.0264,15.11,174.9,12.65,14.851,116.9,0
79.06,1.455,23.37,0.22,3.544,30.73,6158.2,1.31,0.0215,14.57,188.7,12.03,15.597,124.0,0
78.93,1.512,22.67,1.38,3.579,29.14,6043.2,2.88,0.0824,16.1,192.3,12.76,14.936,120.9,0
79.21,1.192,21.21,0.63,3.515,31.12,6191.6,2.15,0.0075,15.36,202.4,11.43,15.267,120.7,0
78.59,1.214,22.02,0.52,3.395,29.82,6107.0,1.44,0.0334,15.6,178.7,12.01,14.808,122.0,1
78.06,1.083,23.97,1.25,3.571,28.56,5773.1,3.24,0.0241,14.85,185.3,12.79,15.109,120.2,0
78.4,1.137,20.63,1.23,3.58,27.07,5643.5,1.86,0.085,15.55,174.3,11.96,15.556,125.2,1
80.9,0.145,23.15,1.2,3.467,31.71,5882.2,3.15,0.0247,14.59,170.6,12.65,14.866,128.5,0
77.36,0.788,22.09,0.12,3.485,28.92,6253.5,3.33,0.0966,15.68,175.0,11.47,14.945,122.9,0
79.43,1.271,23.43,0.66,3.608,33.03,6097.2,2.9,0.065,14.65,148.7,11.66,14.741,124.3,1
77.7,0.701,21.13,1.03,3.452,30.79,6454.7,1.57,0.018,15.7,188.9,12.6,15.103,116.9,0
80.44,1.552,21.05,0.26,3.528,30.39,6078.3,1.87,0.07,14.92,184.6,13.51,15.021,114.3,0
77.45,1.504,21.61,0.4,3.566,25.56,6291.3,2.56,0.0545,14.37,176.7,11.66,15.171,117.9,0
77.62,0.679,22.69,0.54,3.554,27.13,6038.3,3.56,0.0085,14.9,170.9,12.94,15.156,117.7,0
78.52,0.535,21.13,0.56,3.471,30.55,5911.0,1.86,0.0892,15.23,186.9,10.87,15.103,121.4,0
79.36,0.827,21.06,0.47,3.576,28.14,5847.4,3.18,0.006,14.87,174.8,11.12,14.939,117.2,0
77.51,1.461,21.22,0.07,3.551,28.71,5772.0,2.61,0.0751,14.38,182.8,10.96,15.206,118.5,0
75.68,0.91,21.27,0.25,3.541,30.37,5803.5,3.35,0.0219,14.47,178.2,12.87,15.196,110.9,0
77.65,1.761,21.94,0.23,3.416,29.4,5972.2,3.48,0.011,14.52,177.3,11.95,15.364,115.0,0
78.0,0.839,21.94,0.65,3.487,29.59,6096.1,2.17,0.0592,14.95,174.9,12.06,14.679,125.0,0
75.81,1.009,20.91,0.79,3.512,30.04,5928.2,2.04,0.0115,14.55,178.5,12.27,15.031,117.1,0
78.08,1.136,22.82,0.58,3.557,32.29,5874.5,0.99,0.1057,14.65,183.1,11.86,14.879,114.2,0
78.52,0.698,21.11,0.5,3.476,28.77,6049.5,2.97,0.002,14.58,187.7,11.46,15.037,122.3,0
78.54,1.021,21.68,0.09,3.53,31.24,6333.6,3.24,0.0285,14.38,174.5,12.16,14.918,116.4,0
75.88,0.725,22.9,0.1,3.43,29.71,6134.8,2.15,0.0197,14.75,180.2,11.66,15.017,122.8,1
80.19,1.674,21.74,0.17,3.621,27.71,6254.7,2.17,0.0199,15.89,183.9,13.47,15.396,119.5,1
75.83,0.758,21.49,0.29,3.549,29.11,5815.9,1.39,0.0696,15.09,187.7,11.81,15.167,119.2,0
77.0,1.06,21.67,1.53,3.535,31.9,5819.4,3.42,0.0487,15.24,176.3,10.97,14.905,115.1,0
75.04,1.025,21.97,0.32,3.462,33.09,6238.9,2.53,0.0098,15.81,181.6,11.26,14.919,115.8,0
74.11,0.774,21.88,0.03,3.465,29.13,6051.6,1.7,0.0475,14.17,189.0,12.57,15.063,126.7,0
81.24,2.778,22.04,0.56,3.555,28.52,5831.6,4.81,0.0928,16.17,207.6,13.67,15.911,114.3,1
79.29,0.529,21.59,0.35,3.595,31.0,6185.6,2.22,0.0097,15.79,199.9,12.6,15.011,126.5,0
79.15,1.107,24.16,0.88,3.271,27.59,6246.0,1.15,0.1174,13.79,186.7,12.34,15.744,115.5,0
79.89,1.491,23.54,0.48,3.464,29.65,5827.6,2.56,0.0696,14.64,188.9,12.22,14.759,110.2,1
77.96,1.391,20.86,0.76,3.593,27.32,5795.2,2.63,0.0887,14.7,181.6,13.7,14.96,116.0,0
76.21,0.953,21.17,0.12,3.492,30.54,6079.5,2.89,0.0765,15.09,183.9,11.95,15.202,117.5,1
78.3,1.2,22.04,2.66,3.459,27.87,5944.2,3.72,0.1359,14.85,195.2,10.98,14.736,112.1,1
78.11,1.403,21.75,0.51,3.476,30.07,5925.7,2.86,0.0481,15.01,170.1,12.79,15.024,117.5,0
78.03,1.16,22.12,1.53,3.543,30.74,5932.8,2.51,0.0251,15.22,181.9,11.95,14.831,120.6,0
75.43,1.262,20.74,0.46,3.485,27.67,5705.3,2.51,0.0143,15.29,165.3,13.51,15.002,122.4,0
77.95,1.867,22.47,0.13,3.384,28.89,5877.3,3.43,0.0215,14.67,174.6,12.87,15.076,131.3,0
76.69,0.961,21.91,0.43,3.521,27.97,6037.2,1.81,0.028,14.36,178.4,11.69,15.071,124.5,0
77.17,1.1,21.32,0.02,3.38,29.11,5833.5,4.09,0.0197,14.8,169.4,11.93,14.792,126.3,0
75.68,1.088,20.59,0.27,3.472,31.11,6247.8,3.86,0.0151,15.67,189.6,11.44,14.926,120.2,0
75.92,0.825,22.33,0.83,3.483,30.67,5998.9,1.51,0.0325,15.86,172.8,11.81,15.112,116.9,0
79.14,0.617,21.8,0.08,3.638,29.75,6125.5,3.71,0.0191,13.87,166.8,11.53,15.48,114.6,1
77.97,1.164,22.8,1.11,3.47,30.58,6089.5,1.37,0.0786,14.5,183.7,11.27,15.136,117.5,0
76.04,1.216,20.46,0.22,3.564,31.68,6086.2,4.22,0.0375,14.79,182.5,9.99,15.305,110.4,0
75.79,0.833,22.38,0.11,3.486,31.97,6096.6,0.57,0.0202,15.2,190.2,12.71,15.216,124.9,0
77.82,1.027,22.44,0.87,3.49,29.11,6016.5,2.44,0.0341,14.9,169.7,12.06,15.298,120.3,1
78.51,0.969,21.81,1.23,3.5,30.65,5668.7,2.78,0.0834,15.3,185.5,11.56,15.089,116.7,0
76.26,0.736,20.88,0.29,3.397,29.37,5895.0,2.91,0.0055,14.55,172.5,10.84,14.801,119.6,0
79.67,0.639,21.18,0.23,3.475,29.81,5936.2,3.16,0.0348,14.16,180.8,11.56,15.03,116.0,1
77.74,0.335,21.33,0.42,3.542,29.5,5807.4,1.85,0.032,14.65,172.9,12.63,15.445,126.2,0
77.02,1.877,22.68,0.33,3.531,28.47,5887.9,4.15,0.035,14.43,170.7,12.02,14.881,114.8,0
80.89,1.615,23.05,0.13,3.527,30.78,6002.9,2.1,0.0097,14.37,180.4,11.99,14.977,123.2,0
77.3,1.464,21.17,0.52,3.443,32.3,6206.8,4.44,0.0119,14.66,185.9,11.98,14.861,115.4,0
75.83,1.475,22.24,0.29,3.497,29.75,5920.0,0.39,0.0864,15.72,173.9,12.43,14.75,130.7,0
78.72,1.122,22.65,0.63,3.584,28.62,5993.4,4.49,0.0354,14.47,176.0,11.78,14.718,118.0,0
78.15,1.716,23.27,0.72,3.55,30.59,6327.6,3.47,0.0219,14.87,183.5,11.87,15.036,116.4,0
79.15,1.051,22.61,1.81,3.527,31.19,6224.7,2.08,0.0233,14.96,185.2,13.36,14.931,129.6,0
76.53,0.664,22.95,0.55,3.516,31.72,6065.7,1.43,0.0414,15.43,184.5,11.48,14.736,120.3,0
79.7,0.95,22.38,1.46,3.451,28.66,5908.6,1.98,0.0577,15.71,183.6,11.93,15.1,121.0,0
77.6,1.102,21.95,0.67,3.481,31.74,6116.6,0.67,0.0066,14.79,168.3,12.67,14.871,117.7,0
79.56,0.877,21.08,0.37,3.5,30.53,5817.4,2.76,0.0026,15.3,189.3,12.43,14.885,125.4,0
77.87,1.15,21.05,0.07,3.468,29.11,5817.0,2.03,0.0149,15.65,177.2,11.31,15.07,122.4,0
78.96,0.328,22.99,0.41,3.47,30.18,6155.2,3.27,0.0609,15.22,184.2,13.2,14.731,120.3,0
78.68,1.204,21.45,2.22,3.502,29.63,5833.1,4.27,0.022,14.91,183.7,11.79,15.051,115.5,0
76.83,0.653,21.37,0.67,3.51,31.49,5869.6,2.45,0.0182,15.35,160.9,12.18,15.219,127.8,0
79.71,0.682,23.29,0.43,3.497,31.37,5957.7,4.48,0.074,15.17,167.3,11.29,15.046,129.9,0
77.21,1.671,22.28,0.71,3.518,32.27,6077.8,3.58,0.0676,15.01,180.1,10.97,15.028,115.6,1
76.42,0.906,22.48,0.17,3.392,29.29,6100.0,1.17,0.0276,14.37,185.8,11.95,15.033,113.2,0
77.73,1.557,22.51,0.03,3.577,29.21,6263.0,3.26,0.0553,15.04,172.9,11.65,15.146,118.4,1
77.28,1.123,22.22,0.73,3.484,27.74,5930.0,3.98,0.037,14.83,180.6,12.63,15.115,118.4,1
79.48,0.898,23.07,2.12,3.529,28.02,6187.1,1.77,0.0433,14.49,166.1,11.74,15.2,123.6,1
78.02,0.731,22.56,1.23,3.557,27.65,5813.4,3.66,0.0016,14.92,187.0,12.46,14.871,127.0,0
78.36,0.134,22.3,0.88,3.488,30.66,6397.2,2.7,0.0287,13.98,177.8,12.14,14.638,119.7,0
79.65,0.929,22.21,0.01,3.464,29.57,6151.6,2.54,0.0416,14.51,187.4,11.96,14.922,119.3,0
80.89,0.61,21.61,0.14,3.538,31.99,5774.6,1.93,0.0116,15.1,181.2,10.84,15.281,118.2,0
77.68,1.13,21.68,0.23,3.517,33.57,6030.3,4.46,0.0183,15.0,182.0,10.29,15.103,118.5,0
79.58,0.694,22.19,0.63,3.485,29.79,6127.7,1.26,0.0256,14.91,172.9,11.36,14.994,123.7,0
79.68,0.971,21.77,0.18,3.585,28.42,5865.2,2.51,0.0182,15.79,173.3,12.2,15.029,118.3,0
78.18,0.751,21.91,0.47,3.515,28.96,5905.3,2.37,0.0708,15.24,192.7,12.64,15.001,115.8,0
79.15,0.156,22.52,0.04,3.596,33.95,5785.0,2.44,0.0156,17.5,183.8,13.51,15.04,129.6,0
78.85,1.859,21.94,1.57,3.607,35.11,6335.4,0.87,0.0749,14.87,175.8,11.86,15.017,118.3,1
76.47,1.317,21.72,0.09,3.527,27.69,5850.0,2.49,0.0775,15.09,167.5,12.46,15.06,123.5,0
77.19,0.99,22.53,0.05,3.448,30.16,6021.1,3.23,0.0164,15.69,176.7,13.56,14.624,122.9,1
78.52,2.048,21.11,0.59,3.523,30.69,5596.0,2.39,0.1092,13.76,186.7,11.18,14.901,123.3,1
78.71,1.42,22.07,0.23,3.448,30.06,6162.2,1.55,0.0574,14.75,180.1,12.03,14.927,120.6,0
77.19,1.301,21.99,0.12,3.566,30.01,5831.9,3.36,0.0047,15.25,163.1,11.76,14.935,118.6,0
79.42,0.954,20.93,0.12,3.475,29.71,6005.7,2.65,0.0273,15.53,186.3,12.68,14.978,132.3,0
77.15,0.711,22.19,0.21,3.548,30.22,6156.0,2.51,0.0341,15.23,182.2,13.02,14.862,119.7,0
79.53,1.096,22.51,0.39,3.478,31.5,5958.4,2.46,0.0532,15.21,178.6,12.3,14.623,122.3,0
79.69,2.283,21.16,0.42,3.581,30.52,6006.7,1.87,0.1105,13.76,188.6,11.56,14.796,115.9,0
77.01,1.744,22.4,0.08,3.567,27.74,6072.7,2.28,0.0239,14.93,182.6,12.41,14.979,123.4,0
76.76,0.647,21.9,0.01,3.56,32.52,6054.4,3.9,0.0358,15.62,183.9,11.74,14.992,127.7,1
76.28,1.655,23.13,0.86,3.454,31.92,6164.0,2.66,0.0134,15.77,187.0,11.11,14.852,119.2,1
77.98,1.368,22.7,1.19,3.528,29.51,6003.6,2.53,0.0521,15.55,173.8,12.61,15.195,117.1,0
78.98,1.533,21.18,0.25,3.486,31.65,5981.6,1.12,0.0574,15.32,179.5,10.33,14.582,116.0,0
78.57,1.066,22.69,0.19,3.454,28.84,5928.9,2.24,0.0793,14.76,170.6,12.05,15.065,121.8,0
75.23,0.516,22.4,0.74,3.445,29.59,5811.2,2.95,0.0269,14.41,182.6,11.82,14.893,120.6,0
79.73,0.78,22.26,2.8,3.58,30.33,6193.7,3.7,0.0099,14.59,172.9,11.41,14.88,114.1,1
76.62,0.497,22.03,0.15,3.554,29.04,6193.3,2.17,0.0309,15.53,179.8,12.72,14.84,119.3,1
78.41,0.341,22.28,1.46,3.461,28.55,6043.0,0.78,0.0421,15.35,192.3,12.61,15.187,109.8,0
75.35,1.071,22.0,1.97,3.353,31.25,6252.3,2.15,0.0475,15.36,181.2,10.29,15.617,120.5,0
76.56,1.185,21.98,0.53,3.444,31.49,5915.7,4.13,0.0069,14.79,165.8,11.98,15.221,124.4,0
74.57,0.912,21.13,0.82,3.622,34.84,6181.1,2.33,0.0466,15.85,172.3,13.17,14.981,114.6,0
77.57,0.788,21.52,0.77,3.521,28.49,6020.2,1.77,0.0342,15.39,171.1,12.86,15.573,122.6,0
75.26,1.104,22.3,0.02,3.549,28.77,6153.1,3.53,0.0319,14.53,179.0,12.87,15.088,124.0,0
77.32,1.384,21.68,0.08,3.418,28.6,5689.7,2.75,0.0513,14.92,181.8,11.48,14.873,112.1,0
79.37,1.081,22.92,0.61,3.617,29.39,6023.9,3.46,0.0452,15.89,176.1,10.46,15.145,119.1,0
78.54,0.959,22.3,0.06,3.572,27.04,5333.9,1.22,0.0276,16.41,163.5,11.33,14.341,114.3,1
77.74,0.863,22.57,1.57,3.492,30.36,6107.1,2.74,0.0073,14.33,176.0,11.1,15.025,123.5,0
75.81,1.643,22.21,0.87,3.498,29.12,5994.7,3.18,0.0675,14.2,184.5,11.93,15.085,115.6,0
79.69,0.541,21.83,1.41,3.583,28.52,6132.0,2.39,0.0108,15.92,184.7,12.81,15.253,116.6,1
77.26,1.055,22.03,0.1,3.536,31.64,5802.5,2.25,0.0541,13.86,180.8,13.08,15.051,123.1,0
79.63,1.11,21.34,0.04,3.459,30.96,5978.1,3.21,0.008,15.37,182.7,11.85,15.389,124.5,1
77.79,1.502,21.83,0.35,3.445,31.16,6109.8,1.93,0.0183,14.67,177.3,11.62,15.134,112.8,0
76.15,0.84,22.2,0.31,3.405,28.77,5939.6,3.78,0.0307,14.76,180.4,12.75,14.979,115.0,0
76.97,0.704,22.26,0.12,3.455,28.89,5811.8,1.98,0.0478,14.83,190.2,13.25,15.144,119.7,0
79.59,1.911,22.34,0.23,3.481,31.47,6145.8,3.6,0.005,15.52,171.7,11.63,15.475,117.9,1
80.05,1.528,23.46,0.01,3.522,29.03,5936.8,4.84,0.0462,14.85,188.2,12.2,15.065,114.2,0
77.75,0.827,21.82,2.0,3.63,31.06,5831.8,2.3,0.1699,15.43,151.5,13.9,15.417,127.6,1
76.94,0.308,21.65,0.35,3.555,30.32,6009.7,2.09,0.0291,15.06,166.8,11.72,14.994,117.3,0
75.54,1.049,22.54,0.09,3.417,30.56,5684.9,2.73,0.0722,14.07,181.4,12.47,15.288,121.6,1
77.87,1.192,22.78,0.72,3.527,29.68,6036.7,1.7,0.0147,15.17,169.9,13.95,15.061,123.4,0
79.1,0.784,21.52,0.24,3.52,29.16,6164.1,3.81,0.0224,14.44,181.6,12.74,15.068,111.2,1
77.24,0.652,22.11,0.37,3.46,30.36,6083.1,2.54,0.0065,15.04,181.2,12.09,14.603,113.9,1
76.27,0.518,23.43,0.31,3.446,30.13,5964.7,2.59,0.036,14.68,173.1,11.5,15.337,121.0,0
78.47,1.165,22.34,0.1,3.531,28.05,5703.8,2.44,0.0284,15.07,181.6,12.31,15.611,126.4,0
78.55,0.189,21.27,1.52,3.444,30.93,5887.6,3.57,0.0051,15.19,172.9,12.22,14.629,120.0,0
76.78,1.047,21.58,0.64,3.543,31.06,5954.1,2.03,0.0227,15.01,167.7,13.06,15.139,128.5,0
76.68,1.2,22.78,0.21,3.497,31.25,5746.0,1.73,0.0312,14.67,183.8,13.12,15.181,121.3,1
78.42,1.477,22.89,0.35,3.526,32.96,6076.3,1.11,0.1266,15.85,170.0,11.85,14.603,123.6,0
75.97,0.022,23.16,0.78,3.597,32.09,5301.2,2.5,0.0439,15.95,149.1,12.93,14.941,136.6,0
77.39,1.049,22.98,0.12,3.52,30.09,5902.4,1.66,0.0208,14.05,181.1,12.76,14.637,115.8,0
78.27,0.537,21.81,2.91,3.581,28.48,6006.3,2.83,0.0782,15.54,185.8,10.58,15.089,125.3,0
75.55,1.383,22.72,0.09,3.485,29.65,6156.3,1.69,0.0217,14.46,166.9,12.72,14.858,124.6,0
78.18,0.684,21.98,0.19,3.43,30.25,6149.7,2.28,0.0449,15.43,180.2,12.61,15.211,121.1,0
77.53,1.481,20.86,0.49,3.469,29.03,6008.1,2.32,0.0279,14.84,176.6,12.16,15.162,123.9,0
75.3,0.929,22.84,0.05,3.521,32.56,6111.0,0.41,0.0829,15.33,162.3,11.51,15.214,124.4,0
79.64,0.962,21.67,0.14,3.595,30.26,6044.0,2.7,0.0064,14.91,186.8,11.84,15.264,123.2,0
75.9,0.808,21.68,0.06,3.5,33.08,6015.0,2.37,0.0181,15.23,178.2,13.26,14.871,113.5,0
78.02,1.381,22.59,0.33,3.438,31.44,5855.8,3.7,0.0082,14.78,178.9,11.31,15.157,121.1,0
77.77,1.272,22.81,0.95,3.436,31.05,6256.8,1.75,0.0656,15.29,179.1,12.94,14.851,115.9,1
77.64,1.161,22.09,0.5,3.48,29.51,5868.1,0.92,0.0118,15.9,173.2,12.51,15.207,119.6,0
78.53,2.381,21.16,0.33,3.651,26.47,6267.9,1.41,0.0008,14.98,192.1,10.71,14.481,135.0,0
79.25,0.617,21.77,0.15,3.438,29.34,6075.4,3.22,0.0433,14.96,179.3,11.69,14.953,114.8,0
79.29,0.974,22.04,0.81,3.514,28.04,5861.1,3.39,0.0003,15.24,184.4,12.62,14.966,120.4,1
76.74,1.27,22.49,0.86,3.428,28.16,6322.8,0.66,0.0011,13.79,174.7,12.11,15.373,123.4,0
79.74,0.362,20.96,0.13,3.454,28.82,5836.1,2.02,0.0012,15.71,179.8,11.61,14.745,119.5,0
80.09,1.316,22.5,1.02,3.548,30.58,6161.0,4.19,0.0248,15.57,177.3,12.79,15.024,124.6,0
79.35,0.719,20.74,1.17,3.468,29.11,5811.0,2.11,0.0302,15.24,171.0,11.48,15.026,116.4,1
80.9,0.812,22.2,1.53,3.508,32.32,6305.3,4.05,0.0181,15.01,165.6,11.4,14.897,121.2,0
79.82,1.052,21.97,0.41,3.422,30.73,5970.7,3.18,0.0259,15.18,171.7,12.15,14.897,120.0,0
79.35,0.485,21.77,0.14,3.461,29.5,5849.5,3.75,0.0443,13.95,186.1,12.33,14.81,117.6,0
75.7,1.786,20.37,0.02,3.535,32.13,5691.3,1.78,0.0395,14.42,188.2,12.2,15.067,117.8,0
77.43,0.708,21.83,0.18,3.522,30.89,6246.2,2.3,0.042,15.0,179.5,11.76,15.094,114.9,0
77.82,0.758,21.76,0.03,3.487,27.32,6062.5,4.1,0.0404,14.49,199.8,11.57,14.649,124.7,0
77.83,0.818,22.11,0.18,3.545,32.27,6073.3,4.2,0.0025,14.61,188.3,11.89,14.601,121.4,0
78.23,0.226,23.07,0.36,3.515,29.13,6241.9,3.76,0.0358,15.61,175.4,11.98,15.184,115.6,1
77.59,0.638,21.69,0.66,3.503,29.41,6111.6,3.65,0.0687,14.88,176.4,11.7,14.837,120.5,0
75.87,2.243,23.29,1.03,3.472,30.67,6112.1,3.71,0.017,14.51,181.5,11.96,15.057,109.5,0
79.74,0.447,21.0,0.64,3.438,30.24,5990.3,2.2,0.1746,14.84,175.4,11.84,14.863,132.4,0
79.39,1.087,21.95,0.08,3.558,28.36,5950.7,2.46,0.0201,15.75,183.5,10.73,15.242,124.7,0
76.78,0.715,22.0,0.39,3.404,29.95,6276.1,3.67,0.0285,14.93,191.0,11.9,14.991,128.1,0
76.98,0.909,21.29,0.24,3.489,31.52,5771.8,1.28,0.057,14.47,180.0,11.46,14.722,117.4,1
77.01,0.944,21.45,0.04,3.484,29.53,5754.2,3.31,0.0248,14.36,178.5,11.31,14.82,117.9,0
76.43,1.698,20.55,0.54,3.553,29.59,5937.4,2.1,0.0538,14.49,191.0,12.85,15.176,119.7,0
78.87,1.473,22.94,1.18,3.521,30.02,6029.1,2.78,0.0602,15.08,175.9,12.35,14.91,122.5,0
78.67,0.447,20.75,0.0,3.563,31.02,5988.0,3.04,0.0583,16.23,193.2,13.48,16.309,115.3,0
80.89,0.98,20.68,0.78,3.537,27.13,5817.4,2.62,0.0288,14.9,176.4,12.24,15.123,120.3,0
78.65,1.504,20.61,0.83,3.501,28.76,5475.6,3.02,0.0042,15.33,152.4,11.31,14.502,96.4,1
79.03,1.511,21.25,0.58,3.414,29.2,5821.3,3.63,0.0036,15.92,173.3,12.92,14.774,128.1,0
79.28,1.036,21.71,0.68,3.436,30.23,6000.6,2.72,0.0054,15.49,181.0,12.56,14.934,113.1,0
76.24,0.424,19.77,1.07,3.402,30.67,6259.3,3.71,0.0442,15.29,188.7,12.01,14.807,108.4,0
79.55,0.338,20.98,0.48,3.483,29.93,5901.1,2.7,0.0318,14.72,179.2,12.53,14.419,120.7,0
80.69,2.303,21.69,2.51,3.734,30.96,5742.7,3.54,0.0731,14.77,164.9,12.76,15.51,117.1,0
77.97,1.235,21.87,2.15,3.54,29.75,5852.6,2.26,0.0597,15.67,183.0,11.37,15.043,113.0,0
80.25,1.52,20.66,1.2,3.568,31.74,5991.4,1.07,0.0217,14.8,172.6,11.84,14.972,123.3,0
78.53,1.088,21.63,0.03,3.509,29.36,5968.2,1.88,0.084,15.4,172.4,10.77,15.222,120.6,0
78.37,1.557,21.66,0.66,3.483,30.19,6150.8,3.86,0.0303,15.73,176.1,12.08,14.689,123.4,0
77.97,0.674,21.67,0.18,3.443,28.47,6134.9,4.2,0.0566,15.46,182.8,13.18,14.598,117.4,0
79.18,1.698,22.96,0.56,3.503,32.08,6014.3,2.34,0.0603,14.48,176.9,11.78,14.786,117.5,1
73.52,0.696,21.5,1.35,3.609,28.68,5912.9,2.43,0.0492,14.08,189.9,11.62,14.848,124.5,1
77.07,1.053,22.96,0.26,3.538,30.39,5878.3,2.83,0.0629,14.68,171.8,12.08,14.719,124.3,1
78.08,1.534,23.19,0.75,3.456,30.79,5409.8,2.33,0.073,15.8,191.1,11.82,14.952,123.4,0
79.12,1.16,21.3,1.29,3.569,30.1,6039.8,3.12,0.0769,14.31,168.1,12.7,15.215,123.3,0
76.15,1.204,22.2,0.07,3.483,30.68,6108.8,2.83,0.0602,15.59,173.0,11.67,15.279,122.3,0
78.95,1.315,20.64,0.25,3.477,29.97,5729.6,3.5,0.0436,14.76,182.4,12.74,15.388,115.9,0
80.03,0.862,22.52,0.56,3.458,29.81,5832.0,2.42,0.0184,15.03,172.7,12.05,15.063,118.7,0
76.9,1.678,21.69,0.03,3.456,29.21,6076.1,2.31,0.0125,15.42,180.0,10.74,15.045,118.2,0
78.19,1.214,21.27,2.18,3.526,30.4,6248.2,2.67,0.044,14.97,191.2,10.96,15.144,119.9,0
74.91,0.74,21.96,0.08,3.514,29.52,6151.1,3.7,0.0055,14.89,159.9,11.71,15.432,116.7,1
76.56,0.449,22.44,0.26,3.549,28.98,6117.0,1.7,0.0432,14.94,165.4,11.81,14.807,127.0,0
80.03,0.316,21.6,0.56,3.49,31.95,5844.8,2.08,0.1881,15.5,177.7,12.17,15.683,117.4,1
77.06,1.085,23.0,1.44,3.648,32.63,6227.0,0.57,0.0274,15.42,177.2,11.85,14.605,117.2,0
76.05,1.43,21.83,0.39,3.534,30.42,6159.9,2.73,0.0679,14.67,186.1,11.34,14.953,122.9,0
79.57,0.83,23.04,1.16,3.484,30.9,5913.0,1.06,0.0034,14.9,179.5,12.69,14.877,114.2,0
77.79,1.006,22.55,1.27,3.499,27.72,5932.9,2.3,0.0073,14.5,189.7,13.21,14.733,119.9,0
76.75,1.064,22.29,0.03,3.492,29.1,5991.8,1.11,0.0002,15.46,180.2,11.45,15.156,120.5,0
77.76,0.576,21.04,0.21,3.527,31.37,5957.3,5.02,0.0677,14.2,179.4,12.4,14.838,119.8,0
81.8,0.781,22.59,0.14,3.526,27.44,5968.2,0.0,0.0316,14.06,176.5,11.32,14.731,119.6,0
75.27,1.157,20.96,0.29,3.549,28.08,5981.6,2.17,0.0865,15.22,188.3,12.24,14.859,120.9,0
85.04,0.436,19.05,0.37,3.63,26.95,5598.0,0.43,0.0936,14.98,181.9,13.23,15.057,116.1,0
80.48,0.516,20.31,0.25,3.433,28.35,5821.9,2.02,0.0532,15.31,169.3,10.24,15.194,123.3,0
79.31,0.975,22.05,1.54,3.474,30.21,5854.3,2.43,0.0701,14.48,171.8,13.43,14.9,122.1,0
77.34,0.809,21.8,0.37,3.51,31.87,5778.7,2.43,0.0209,14.29,171.1,11.68,15.09,116.2,0
77.96,1.248,23.05,0.24,3.495,32.0,6032.9,2.87,0.0068,15.63,177.7,11.94,15.105,128.5,0
76.62,0.138,21.94,0.87,3.445,30.07,5962.6,2.64,0.0864,15.08,175.2,11.31,14.801,120.6,0
74.45,0.428,21.62,0.07,3.456,32.68,5901.4,3.22,0.0568,15.7,191.7,11.85,15.215,120.6,0
77.77,1.362,21.79,0.67,3.434,30.72,6121.0,1.53,0.0557,14.81,200.9,13.01,14.934,121.3,0
79.69,1.225,22.17,0.78,3.516,30.14,5656.2,2.83,0.0321,14.91,178.7,11.77,14.929,119.9,0
77.95,0.166,21.03,0.47,3.507,28.59,6229.6,1.72,0.0073,15.3,179.6,11.49,14.998,121.6,0
78.82,1.117,20.31,0.31,3.417,29.46,6185.9,3.85,0.0125,14.65,173.6,11.1,14.973,121.6,0
80.6,0.018,21.98,1.58,3.5,29.05,5342.5,5.94,0.0609,13.77,190.7,11.33,15.113,132.7,1
76.16,1.044,21.65,0.09,3.469,30.03,6074.0,2.78,0.0181,14.71,173.9,11.67,15.277,117.4,0
76.61,0.89,21.88,0.1,3.557,31.7,5997.5,3.54,0.1172,14.09,167.5,11.72,15.227,120.5,0
78.69,1.122,22.29,0.1,3.509,29.96,5969.5,2.2,0.0242,15.59,163.0,11.37,14.642,119.6,0
77.03,0.904,21.0,0.43,3.57,32.63,5726.8,3.37,0.0339,15.84,185.6,10.19,15.152,126.3,0
76.78,1.493,20.24,0.09,3.435,31.19,5879.8,0.8,0.0419,15.56,189.1,12.63,14.552,125.2,0
78.47,1.145,20.4,0.44,3.501,27.8,6205.7,2.72,0.0407,15.64,177.6,12.09,14.692,122.6,0
81.72,1.662,23.66,0.04,3.506,31.34,5589.3,1.02,0.091,15.82,222.6,11.6,15.874,131.2,0
78.13,0.537,21.88,0.05,3.443,29.51,5917.7,2.79,0.0532,14.79,179.1,12.09,15.166,130.5,0
79.47,0.722,21.43,0.14,3.492,28.38,5995.2,2.76,0.0037,15.64,188.4,11.24,14.692,118.6,0
75.53,0.334,22.67,0.07,3.499,29.5,5888.0,2.21,0.0701,14.85,188.5,12.6,14.697,127.8,0
76.33,1.51,22.0,0.48,3.531,27.46,6037.2,4.68,0.0616,15.25,193.1,11.47,14.908,127.3,1
76.62,0.225,20.99,1.05,3.496,27.69,6485.5,0.28,0.0768,15.69,180.4,12.45,14.83,112.7,0
78.81,0.878,21.03,0.97,3.501,32.45,5848.4,2.81,0.0071,14.5,179.4,12.28,14.966,121.4,0
80.95,0.706,22.6,0.23,3.429,30.56,5582.9,1.7,0.0252,13.07,188.0,13.07,14.618,124.6,0
76.99,1.316,21.05,1.14,3.563,27.64,6059.8,0.37,0.0182,14.42,172.8,12.53,15.174,117.8,0
74.33,1.153,22.54,0.03,3.516,31.17,6300.9,2.84,0.0063,14.47,189.8,12.24,14.956,122.2,0
80.31,1.477,23.38,0.93,3.55,30.81,5963.0,3.1,0.0378,16.58,179.6,10.37,14.742,120.3,0
78.84,0.126,22.42,0.28,3.424,32.73,6437.9,0.05,0.0259,14.77,195.7,12.17,14.953,122.3,0
75.57,1.876,21.72,0.02,3.537,29.53,5886.6,3.82,0.0557,14.9,178.0,12.66,15.263,123.2,0
78.95,1.507,22.49,0.16,3.48,30.48,5960.4,2.3,0.0006,14.93,181.1,12.02,15.102,122.1,0
79.43,1.327,21.94,0.04,3.555,30.22,5853.1,1.62,0.0636,14.07,176.7,12.06,15.225,118.8,0
77.45,1.001,21.91,0.29,3.466,28.7,5927.6,4.04,0.0202,15.65,196.0,10.95,15.36,124.1,1
79.59,1.279,21.57,1.53,3.432,28.3,5842.8,1.47,0.0133,15.2,179.2,13.19,14.569,122.7,0
78.98,0.782,21.49,0.11,3.525,28.77,6039.6,5.07,0.0649,15.27,189.0,11.19,14.784,127.1,1
76.1,0.259,21.83,0.41,3.469,29.49,6037.4,3.1,0.0572,14.68,174.5,11.68,15.007,121.6,0
77.27,1.305,21.18,1.06,3.574,29.67,6103.0,2.1,0.0349,14.94,188.0,12.46,14.686,107.8,0
77.77,1.709,21.86,1.87,3.431,34.04,5764.2,1.31,0.0286,15.55,175.5,12.41,15.189,121.9,0
75.4,0.722,22.32,0.67,3.474,30.6,5940.7,2.76,0.0351,14.32,163.4,10.32,15.114,118.9,0
78.23,0.534,21.65,0.44,3.521,29.07,5886.6,2.05,0.0248,15.4,178.6,11.55,15.303,114.2,0
77.51,1.817,21.62,0.59,3.492,30.43,6147.3,2.03,0.0274,14.53,173.2,11.04,15.105,120.0,0
77.6,0.827,22.84,0.07,3.58,29.29,5629.1,2.71,0.0135,15.0,186.9,11.97,14.868,116.7,0
78.38,1.05,21.2,0.13,3.454,30.18,6416.6,2.71,0.0768,14.83,172.3,11.6,14.999,120.5,0
78.04,0.801,21.59,2.04,3.443,29.51,5984.5,1.4,0.0034,14.87,180.6,11.94,14.953,119.6,1
77.6,1.557,22.35,0.61,3.467,30.2,6234.9,2.58,0.0275,14.68,178.1,11.78,14.993,119.0,1
76.69,0.833,22.06,0.11,3.606,31.14,6308.7,1.47,0.024,15.01,189.6,13.22,14.934,115.9,0
77.71,1.696,21.07,0.37,3.531,29.16,6109.6,1.37,0.0103,15.59,192.4,13.39,15.202,123.5,0
78.17,1.755,19.5,2.08,3.588,29.7,6019.5,2.53,0.0153,14.35,186.5,10.67,14.998,122.6,1
78.21,0.81,21.16,0.17,3.544,32.36,5715.8,1.03,0.018,14.15,184.3,12.23,14.695,126.4,1
76.34,0.759,20.83,0.39,3.513,31.32,5813.9,4.05,0.011,15.42,184.7,11.65,15.018,125.4,0
78.26,1.044,21.75,0.04,3.593,29.87,5974.3,3.87,0.0562,15.11,182.5,12.12,15.206,123.5,1
77.31,1.118,21.45,0.58,3.428,28.71,5803.9,3.25,0.0166,14.84,169.9,11.47,15.111,125.5,0
79.78,0.429,21.83,0.6,3.519,30.49,6249.3,2.74,0.0443,14.76,169.0,11.35,14.845,116.7,0
78.03,1.153,23.31,0.11,3.456,30.85,5976.3,2.41,0.0717,15.29,162.5,11.83,15.355,127.0,0
76.22,0.085,22.6,1.52,3.458,29.69,6092.4,3.63,0.0346,14.54,179.4,12.38,14.998,116.2,1
76.74,1.165,21.86,1.68,3.512,32.26,5897.4,2.94,0.0288,14.13,174.7,11.64,15.086,123.9,0
79.87,0.82,21.62,0.07,3.577,30.84,6303.4,2.84,0.0208,14.35,199.6,12.14,14.697,124.0,0
76.92,0.742,23.52,0.82,3.513,30.52,5927.5,3.48,0.0632,14.68,189.3,11.19,14.832,115.2,0
77.16,1.473,22.92,1.52,3.445,31.15,6111.1,1.57,0.0682,13.96,176.5,11.81,14.887,128.0,1
77.08,0.302,21.51,0.01,3.507,31.25,6134.1,4.37,0.055,15.1,167.2,12.71,15.016,120.7,0
78.88,0.239,21.41,0.06,3.552,30.93,5991.9,2.68,0.0099,14.57,183.6,12.49,14.831,120.9,0
77.55,1.547,20.92,1.02,3.523,28.4,5949.5,2.54,0.0024,16.05,185.6,11.84,14.773,119.5,0
76.71,0.368,21.24,0.98,3.538,30.18,5699.5,2.63,0.0307,15.49,168.5,11.65,15.023,111.7,0
77.06,1.41,21.79,0.47,3.525,27.54,5856.3,1.28,0.0124,15.48,182.0,11.12,15.095,127.1,0
76.69,0.549,22.57,0.28,3.524,29.71,6263.7,4.37,0.0528,15.48,169.9,11.07,15.052,122.3,0
78.81,0.848,21.33,0.25,3.564,29.02,5934.9,0.05,0.0175,14.4,175.3,11.53,15.029,117.5,1
80.72,1.039,24.15,1.41,3.564,28.95,5712.7,0.47,0.0027,16.12,189.9,11.73,15.346,128.3,1
77.65,0.906,23.12,2.1,3.456,31.3,6030.4,3.03,0.066,14.3,175.1,12.09,14.97,116.8,0
82.03,1.698,21.72,1.37,3.527,27.08,5837.1,0.15,0.0253,14.74,139.8,12.93,15.528,102.7,1
78.16,0.729,20.63,0.25,3.463,30.06,6126.3,3.4,0.102,14.37,185.5,12.86,15.128,116.2,0
78.81,0.394,23.23,0.05,3.377,30.95,5855.9,2.74,0.0005,14.77,187.8,11.93,14.846,115.9,1
77.63,1.199,22.75,1.63,3.489,29.07,5952.6,1.63,0.0454,14.8,162.9,10.74,14.878,124.7,1
78.38,1.784,23.4,0.08,3.434,29.53,5974.5,3.04,0.0223,15.3,185.2,11.91,14.928,122.1,0
79.21,1.671,22.26,0.57,3.584,28.07,6265.3,2.26,0.0505,15.02,167.7,12.6,14.88,117.3,0
78.75,1.636,20.34,0.34,3.604,29.51,6111.9,1.39,0.0855,15.93,169.9,11.85,15.386,122.1,0
77.36,0.693,22.82,0.23,3.488,29.22,6146.3,2.29,0.0102,14.63,180.3,12.45,14.87,120.7,0
77.93,0.707,22.99,0.11,3.484,32.88,6124.8,1.77,0.002,14.82,170.5,11.5,14.938,117.1,0
80.32,0.962,21.23,0.08,3.586,30.19,5731.5,3.97,0.0026,15.51,182.1,12.38,15.172,125.4,0
78.57,1.501,22.11,0.29,3.508,31.14,5945.7,3.57,0.0427,14.21,187.5,12.33,15.507,118.8,0
79.34,1.849,21.92,0.72,3.53,29.16,5951.7,1.85,0.114,14.95,187.9,11.55,15.189,127.7,0
78.44,1.358,24.16,0.32,3.51,30.14,5834.5,2.3,0.0847,14.88,170.4,12.66,15.412,116.8,0
82.14,1.52,22.47,0.13,3.507,31.39,6076.8,2.44,0.0104,15.35,174.0,11.78,15.032,122.7,1
78.97,0.74,22.66,2.54,3.719,29.64,5523.0,3.04,0.0188,14.05,182.8,12.05,15.088,116.8,0
79.39,1.076,21.28,1.2,3.475,30.02,5891.5,3.63,0.0159,15.4,166.3,11.58,14.992,119.8,0
79.53,0.638,23.52,0.14,3.5,32.51,6052.3,3.06,0.005,14.97,180.1,10.77,15.315,116.9,0
78.11,0.894,21.27,1.01,3.447,31.21,5600.3,0.73,0.0421,15.09,181.2,12.92,14.434,125.3,0
78.1,0.695,22.96,0.78,3.505,31.51,6080.6,4.27,0.0503,15.12,179.4,11.49,14.687,111.2,0
78.98,0.684,21.64,0.05,3.449,30.34,6063.7,2.83,0.0684,15.18,192.5,12.02,15.013,122.3,0
80.38,0.451,23.53,0.67,3.398,30.25,5612.5,1.21,0.0823,14.97,201.1,11.98,14.64,116.7,0
78.07,1.849,22.11,0.16,3.513,29.65,5835.1,2.52,0.0145,15.18,178.1,12.12,15.061,113.0,0
80.46,1.708,22.07,0.14,3.608,29.69,5924.8,3.2,0.0796,15.17,182.3,11.77,14.936,116.6,0
76.29,1.319,21.23,0.96,3.389,30.52,5809.8,2.36,0.0421,15.19,179.2,12.25,14.815,125.1,1
76.81,0.725,21.51,0.16,3.631,28.16,5944.4,4.6,0.0046,15.13,183.8,11.42,15.076,123.4,1
77.94,1.075,21.42,0.16,3.476,30.87,6188.4,2.02,0.0841,14.92,198.5,11.55,14.847,125.3,0
76.03,0.857,23.51,0.03,3.521,29.21,6136.6,1.64,0.0296,16.07,188.4,11.56,14.842,121.3,0
80.43,1.011,21.54,0.42,3.491,30.15,6357.4,3.32,0.012,15.55,182.0,11.54,14.407,123.0,0
76.95,1.676,21.76,2.85,3.605,29.53,5640.1,2.71,0.0307,16.28,183.6,10.81,14.551,112.7,0
76.83,1.093,23.3,1.03,3.504,33.61,6159.1,1.8,0.1165,15.25,174.8,11.62,15.126,127.9,1
76.65,2.453,24.13,4.02,3.453,29.3,6062.3,3.1,0.0419,13.35,198.6,11.27,15.107,119.1,0
78.37,1.5,22.0,0.46,3.509,29.44,6274.3,2.74,0.0167,15.37,179.1,11.12,14.968,126.7,0
80.44,1.305,21.64,0.48,3.523,28.08,6172.0,1.79,0.0039,15.88,169.0,11.67,15.438,120.9,0
78.28,1.655,22.04,0.13,3.588,29.97,5974.1,3.67,0.0037,14.42,180.5,11.32,14.799,113.2,0
75.93,1.638,22.47,0.05,3.472,31.74,6257.2,0.92,0.0441,14.08,179.2,12.19,15.104,122.3,0
76.44,0.141,20.76,0.83,3.394,29.35,5867.3,1.61,0.025,15.43,193.2,11.66,14.94,114.6,0
76.65,0.231,22.95,0.21,3.455,29.0,5589.5,3.52,0.0863,14.95,178.8,12.44,15.027,129.3,0
79.05,0.194,21.71,0.29,3.503,32.85,6157.4,2.45,0.0105,14.75,187.5,11.69,14.495,116.4,0
77.27,0.118,21.33,0.01,3.585,30.79,6203.4,2.77,0.0388,14.52,182.2,12.28,15.488,111.1,0
78.44,1.082,22.8,0.56,3.52,30.6,5948.5,2.73,0.0163,15.3,171.5,11.34,15.143,125.8,1
79.62,1.189,22.17,1.47,3.533,28.83,5963.5,3.12,0.0522,14.72,188.2,13.19,15.336,126.7,0
78.36,0.304,22.92,0.82,3.508,31.79,5746.9,2.34,0.0036,15.26,180.7,11.33,15.154,117.2,0
76.28,1.064,22.93,0.36,3.548,28.97,6060.3,2.37,0.0165,14.58,175.4,11.79,14.806,115.2,0
77.52,1.091,21.5,0.24,3.571,31.59,6398.8,2.66,0.0087,15.44,173.4,12.17,14.615,126.4,0
79.53,0.456,21.64,0.03,3.504,29.68,5995.4,2.06,0.0059,15.29,170.1,11.94,15.032,115.2,0
79.28,0.251,21.41,0.63,3.497,31.1,6084.5,4.36,0.0697,15.18,172.7,10.98,14.38,122.1,0
77.29,0.884,20.15,2.34,3.534,30.05,5917.4,4.72,0.0219,14.64,187.5,10.16,14.613,121.6,0
77.87,0.899,21.2,0.03,3.479,30.91,5915.7,2.04,0.0365,14.56,181.1,11.59,15.28,116.4,1
80.53,0.935,22.1,0.07,3.599,29.59,6002.4,2.19,0.0154,14.79,189.6,12.16,14.858,124.5,0
74.45,1.245,20.86,0.68,3.526,33.26,5614.5,4.21,0.0617,14.55,167.7,10.7,15.075,125.6,0
79.92,1.387,22.08,0.32,3.512,32.63,5899.8,2.06,0.0481,14.35,180.4,11.21,15.185,120.2,1
77.78,1.179,22.01,0.05,3.498,27.95,5999.7,3.53,0.0094,14.96,184.5,12.88,15.13,122.5,0
78.14,1.343,22.65,1.37,3.53,30.5,6118.9,1.12,0.0634,13.77,187.5,11.24,15.097,121.0,0
77.8,0.656,22.09,0.38,3.486,31.67,5916.4,2.01,0.0451,15.25,175.9,11.19,14.696,122.1,0
80.39,0.659,22.09,0.36,3.358,29.3,5594.0,2.12,0.0282,15.1,162.8,11.75,15.281,123.1,0
78.6,1.169,21.14,1.17,3.518,28.82,5940.2,1.67,0.0612,16.52,180.1,12.16,15.353,125.0,1
80.0,1.244,21.54,0.22,3.407,31.4,5982.1,2.5,0.0303,15.82,192.0,10.83,14.972,115.1,0
78.71,1.41,22.5,0.45,3.506,30.57,6238.8,1.94,0.0628,14.78,180.8,11.96,15.083,124.8,0
77.67,0.631,22.43,0.04,3.465,30.29,6303.2,1.76,0.051,14.2,183.5,11.08,14.88,117.2,0
77.51,1.022,22.5,0.12,3.55,31.39,5877.3,3.51,0.0105,15.84,191.1,11.85,14.806,123.2,0
78.55,1.154,21.58,2.32,3.504,30.11,5952.0,2.28,0.0405,14.67,170.0,11.09,14.904,123.5,0
77.37,1.004,22.06,0.08,3.502,33.02,5949.4,2.69,0.1159,14.84,179.6,11.44,14.961,119.6,0
79.1,0.31,22.2,0.53,3.568,29.81,6075.2,3.07,0.0223,14.74,161.1,12.4,14.943,122.7,0
78.1,1.351,21.19,0.43,3.435,28.64,6067.6,1.2,0.0241,15.34,175.3,12.56,15.192,120.6,0
77.77,0.879,21.19,0.21,3.46,31.93,5827.9,1.34,0.0192,14.98,183.1,12.11,14.982,116.8,0
77.57,1.106,23.21,0.3,3.607,29.75,5973.9,4.14,0.0404,15.01,176.8,12.08,14.884,120.2,0
76.78,0.46,22.65,1.72,3.401,28.1,6509.3,5.52,0.039,15.19,201.2,11.12,14.858,129.5,0
81.93,0.704,23.02,0.07,3.566,30.01,6031.5,3.26,0.0584,15.53,181.7,11.41,14.6,119.8,0
76.8,0.868,21.81,0.38,3.502,29.93,6069.6,1.75,0.0464,15.13,176.9,12.39,15.258,119.6,0
78.4,0.935,22.31,0.59,3.424,29.44,5921.9,2.17,0.0413,15.63,188.1,11.04,14.919,121.6,0
77.31,0.522,21.95,0.53,3.506,29.68,6103.6,3.74,0.0422,14.92,183.8,11.8,15.036,121.5,0
75.92,0.547,21.67,0.16,3.467,30.83,5921.2,2.37,0.0163,14.95,165.0,11.7,15.09,122.1,0
75.72,0.328,21.36,1.13,3.433,30.36,6049.2,3.64,0.0055,14.37,172.9,11.79,14.882,116.6,1
77.92,1.012,22.14,0.22,3.436,31.62,5886.7,0.93,0.021,15.64,171.2,12.71,15.035,128.0,0
79.66,0.4,22.22,0.67,3.458,27.93,5828.5,1.4,0.0192,15.15,178.6,10.12,15.154,120.6,0
77.51,1.123,22.64,0.11,3.529,28.61,5898.5,3.35,0.055,14.89,181.8,13.36,15.357,122.5,0
76.23,0.517,21.94,0.97,3.537,29.13,5720.4,4.37,0.1704,15.17,166.8,10.25,15.024,131.2,0
81.06,1.441,21.14,0.22,3.535,30.41,6034.1,1.31,0.0733,14.94,181.7,12.01,14.989,115.6,0
79.47,0.41,22.7,0.19,3.466,30.17,6016.9,1.43,0.0252,14.39,186.4,11.29,14.944,123.5,1
82.23,0.571,23.01,0.98,3.554,29.94,6083.7,4.15,0.079,14.63,179.6,11.28,14.485,121.1,0
75.95,0.989,21.3,0.35,3.551,30.44,6105.2,1.39,0.1169,14.18,183.0,13.31,15.36,123.3,0
79.78,0.629,21.87,0.23,3.484,30.58,5983.7,2.42,0.0034,14.64,177.5,11.74,14.831,122.9,0
77.78,1.168,21.1,1.04,3.523,30.76,5841.0,0.69,0.0131,14.77,177.2,12.3,15.236,121.2,0
74.56,1.363,22.99,0.4,3.404,31.53,6152.2,2.31,0.0181,15.76,186.2,10.28,15.621,125.2,1
77.77,1.126,22.04,0.28,3.537,29.3,6079.0,2.79,0.0055,14.61,177.6,12.31,15.241,119.8,0
76.4,1.23,23.08,0.14,3.455,30.06,6096.3,1.55,0.058,15.36,182.2,11.85,15.099,116.7,0
77.68,0.096,21.89,0.47,3.527,29.99,6032.3,3.49,0.0156,15.04,176.1,13.6,15.127,120.3,0
77.0,1.221,21.91,2.08,3.535,30.02,6027.9,3.26,0.0077,14.69,195.7,12.0,15.1,118.3,0
79.41,0.818,22.11,0.73,3.456,31.69,5944.1,0.92,0.0182,15.17,183.1,13.27,14.845,128.0,0
76.72,1.319,21.65,1.19,3.459,32.31,6082.5,2.66,0.0602,15.51,186.5,12.57,15.276,116.3,0
77.51,0.951,22.36,0.18,3.484,30.82,5809.8,2.6,0.0366,14.66,199.6,12.29,15.481,117.9,0
72.99,1.181,21.68,2.22,3.464,31.41,5619.3,1.17,0.1199,16.66,195.4,10.28,15.181,115.4,1
79.04,0.687,22.67,0.77,3.518,28.26,5901.2,1.65,0.0942,15.31,187.2,12.29,15.206,115.2,0
80.02,0.879,21.32,0.39,3.527,30.58,6006.1,1.93,0.0115,15.83,178.1,12.44,14.855,118.9,0
79.59,1.143,21.22,0.01,3.452,29.84,6064.9,2.22,0.0602,15.15,178.1,12.34,15.07,120.7,0
77.56,0.574,21.92,0.55,3.52,31.01,6205.3,1.96,0.0079,14.98,191.7,12.72,15.169,120.1,0
78.36,0.194,20.73,0.16,3.601,28.81,5628.9,3.54,0.1067,14.7,180.9,12.74,14.81,123.1,0
75.3,1.403,20.76,0.12,3.464,31.43,5830.4,2.63,0.0293,15.11,173.7,12.28,14.958,116.1,0
76.55,0.837,23.13,0.96,3.549,30.72,6305.6,2.54,0.0641,16.26,185.9,12.86,14.795,112.0,0
77.5,1.069,21.25,1.66,3.492,30.47,5786.0,1.56,0.0361,14.93,185.2,12.09,14.951,120.5,0
76.31,1.02,22.22,0.17,3.484,29.05,6081.4,2.21,0.0282,15.38,187.5,11.25,15.317,120.5,0
76.11,2.275,21.78,0.11,3.367,25.98,5724.4,3.47,0.0397,14.29,195.9,12.77,15.081,97.1,0
78.97,1.789,22.34,0.22,3.49,28.94,5914.8,3.58,0.1181,14.34,168.6,12.16,14.817,125.7,0
77.64,0.833,22.48,0.23,3.46,29.3,6314.0,3.14,0.0105,15.68,180.4,12.76,15.049,120.2,0
78.59,0.591,22.55,0.16,3.455,28.25,5994.8,2.8,0.0315,15.33,169.5,12.66,14.646,118.3,0
77.37,0.728,21.68,0.07,3.443,29.15,5745.9,2.95,0.0142,15.94,185.6,11.24,15.1,114.7,0
77.22,0.901,22.54,0.29,3.479,28.79,6252.1,1.47,0.0275,15.05,171.2,11.95,14.869,123.2,0
76.56,0.79,20.57,0.23,3.497,31.63,5991.6,1.98,0.0964,14.09,175.6,11.87,14.718,118.0,0
78.18,1.254,21.4,0.09,3.547,32.06,6113.2,1.88,0.0328,14.65,174.4,11.8,15.009,115.1,0
80.19,1.068,22.17,0.41,3.474,30.96,5818.8,2.95,0.0755,15.08,181.2,10.83,14.736,126.3,0
76.94,1.657,21.64,2.0,3.497,30.43,6007.8,0.77,0.0596,14.96,185.4,11.68,15.029,116.2,0
76.11,0.851,21.87,0.15,3.453,29.75,5731.2,2.1,0.0148,14.86,181.2,11.03,15.002,124.5,0
79.09,0.526,21.68,0.34,3.541,32.55,5743.4,3.93,0.0576,14.78,187.7,11.72,15.506,127.5,0
78.23,0.25,21.94,0.69,3.418,30.11,5784.5,1.09,0.0569,14.61,169.1,13.0,15.158,117.6,0
76.2,0.678,23.14,0.85,3.419,30.16,6029.9,2.79,0.0288,14.58,193.7,12.18,15.055,116.0,1
77.09,0.47,22.92,0.45,3.475,28.62,5830.2,2.44,0.0711,14.5,197.4,12.67,15.348,117.3,0
76.21,1.35,22.87,0.09,3.513,29.41,6326.9,2.35,0.0354,15.27,184.1,12.05,15.002,117.8,0
76.99,1.264,22.14,0.21,3.435,28.81,5805.5,2.21,0.0128,14.66,173.6,12.44,15.065,125.2,1
77.52,0.299,22.04,0.26,3.457,30.81,6094.0,2.7,0.0659,15.8,168.5,12.35,14.881,114.5,0
77.44,0.702,22.02,0.53,3.532,30.02,6082.7,2.29,0.0347,14.74,177.2,11.81,14.777,121.0,1
75.12,2.022,22.37,0.67,3.506,30.25,6095.2,0.92,0.0079,15.39,174.9,11.9,15.014,122.2,0
75.58,0.893,20.69,2.0,3.6,30.07,5405.2,6.3,0.0292,15.21,179.3,12.35,15.688,124.4,0
78.11,0.492,22.99,0.56,3.525,30.23,5917.5,1.65,0.0054,14.98,162.6,11.56,15.085,115.4,0
76.24,1.333,23.08,0.48,3.496,29.19,6070.1,2.85,0.0442,14.98,166.8,12.17,15.197,117.0,0
78.62,0.99,22.3,0.37,3.551,28.01,6156.4,1.1,0.009,15.31,187.2,12.15,15.03,119.3,0
78.58,1.692,22.54,0.07,3.466,31.55,6383.0,2.0,0.0285,15.36,183.6,12.72,15.118,124.6,0
78.78,1.052,21.87,0.13,3.458,29.78,5865.7,2.38,0.0653,15.74,174.9,12.12,14.808,124.6,1
78.22,1.429,22.35,0.01,3.556,29.09,6069.3,2.76,0.0446,15.11,191.9,12.93,15.051,115.8,0
75.46,0.882,20.98,0.19,3.487,30.94,5858.4,3.27,0.0803,14.91,178.0,11.93,15.104,120.2,0
79.97,0.001,22.52,0.21,3.45,29.69,5993.7,2.28,0.0444,15.08,185.7,12.44,15.036,122.5,0
79.67,0.068,21.49,0.45,3.545,32.64,5620.5,3.01,0.1278,14.87,192.2,13.2,15.024,121.5,0
77.59,0.711,21.26,1.37,3.446,31.01,6045.5,2.48,0.0407,14.6,188.1,12.05,14.944,121.7,0
82.15,0.534,23.0,0.05,3.55,27.39,6022.8,2.39,0.0344,15.1,177.7,12.43,14.629,117.1,0
76.21,0.411,21.31,0.03,3.559,29.51,6028.4,3.09,0.049,14.86,167.4,11.66,15.344,125.7,0
78.72,1.506,21.72,0.3,3.465,27.75,5809.8,1.83,0.0178,16.13,176.2,12.26,15.06,119.6,0
75.27,0.653,21.79,0.5,3.339,30.48,5752.2,3.92,0.0305,14.75,166.2,11.04,15.118,119.9,0
74.5,1.573,21.04,0.08,3.501,29.26,5932.7,1.27,0.0809,15.22,189.9,11.12,15.557,123.8,0
77.44,0.782,21.9,0.09,3.6,28.64,5754.1,2.11,0.0235,14.81,177.5,12.52,14.766,122.2,0
78.03,1.135,20.89,0.29,3.509,27.38,6403.3,2.77,0.0243,14.46,194.1,11.47,14.549,124.6,1
79.69,1.062,24.26,0.12,3.502,30.68,6333.1,1.95,0.0589,14.53,164.4,11.19,14.896,118.4,0
77.29,0.638,21.26,0.05,3.541,30.04,6161.7,2.66,0.0072,15.73,180.9,12.2,14.743,118.4,0
75.23,0.705,21.5,0.06,3.459,33.1,6136.2,2.55,0.0676,14.81,169.5,10.67,15.213,124.0,0
76.39,0.496,21.58,0.0,3.504,30.14,5852.3,3.28,0.0047,15.21,181.5,11.66,15.108,113.4,0
79.57,1.289,21.0,2.15,3.48,29.66,6093.6,2.09,0.0494,14.0,176.4,12.84,15.427,124.0,1
77.1,0.506,21.59,0.17,3.569,27.53,6188.7,4.12,0.0642,14.92,180.6,13.06,15.221,107.7,0
79.71,0.797,22.68,0.67,3.543,30.3,5754.5,3.01,0.0668,15.73,175.2,11.49,15.213,119.1,0
77.11,1.379,21.7,0.67,3.499,30.48,5890.2,2.55,0.047,15.07,176.1,11.53,15.294,127.5,0
77.44,1.486,22.26,0.37,3.409,32.05,6121.4,1.82,0.0005,15.3,180.5,12.73,15.176,111.7,1
78.52,1.133,22.27,0.84,3.552,30.37,6149.1,0.13,0.0472,14.91,183.3,12.68,14.854,116.6,0
78.58,2.032,23.16,0.28,3.573,26.33,6301.6,3.26,0.1335,16.96,175.4,12.52,15.333,118.4,0
81.53,0.805,21.77,0.13,3.522,30.11,6300.8,2.62,0.0369,15.79,172.5,11.81,15.085,120.7,0
76.57,1.515,21.52,0.49,3.49,30.8,6052.6,2.58,0.0938,14.87,174.0,13.47,15.142,113.9,0
74.79,0.787,23.62,0.52,3.494,30.63,5927.7,3.52,0.0065,14.39,193.5,10.6,14.717,122.6,1
79.85,1.185,21.67,2.18,3.549,29.46,6088.8,1.64,0.033,15.21,186.6,11.64,15.243,119.5,0
78.01,0.437,23.1,3.09,3.496,31.17,6121.8,2.41,0.1322,13.54,185.7,11.95,15.085,114.3,0
76.67,0.747,22.85,0.02,3.501,30.61,6068.1,2.42,0.0236,15.66,191.4,12.38,15.208,121.3,1
76.7,1.22,21.07,0.44,3.676,29.54,5826.9,2.75,0.0503,15.32,199.0,12.09,14.991,118.6,0
79.11,1.564,22.16,0.42,3.504,29.32,6142.2,1.73,0.0125,16.09,180.8,11.37,15.084,116.8,0
79.14,0.877,21.66,0.16,3.417,29.99,5977.8,3.4,0.081,15.42,196.5,12.17,14.749,106.7,1
79.67,1.12,21.47,0.25,3.524,32.43,5819.7,3.37,0.0232,14.72,177.5,11.76,14.749,115.9,0
76.33,0.698,20.54,1.25,3.508,28.41,5940.4,1.88,0.0042,15.81,170.2,12.66,14.93,122.2,0
80.37,1.172,24.04,0.25,3.5,27.8,6195.5,2.23,0.0031,14.61,169.9,11.34,15.132,117.2,0
78.83,1.206,22.32,0.5,3.539,30.45,5948.2,4.18,0.0181,14.81,172.9,12.09,15.026,119.4,0
80.48,1.219,22.76,3.4,3.531,28.42,6003.3,3.85,0.1102,15.16,178.4,11.95,15.18,117.2,1
79.46,0.787,21.18,0.04,3.457,26.13,5910.4,2.33,0.002,14.76,172.6,10.73,14.876,119.1,0
79.3,0.459,21.83,0.04,3.452,31.4,5842.6,3.39,0.0115,14.46,185.8,12.65,15.048,118.6,0
76.17,0.461,22.25,0.1,3.5,30.74,5899.1,2.41,0.0383,14.84,189.5,11.81,15.283,115.9,0
77.43,2.062,21.81,0.38,3.522,31.09,5846.4,1.61,0.0179,16.14,179.4,10.74,15.247,115.5,0
78.68,0.512,22.85,0.04,3.458,28.55,5980.7,2.66,0.0633,14.83,184.7,12.73,14.929,119.5,0
79.48,2.566,20.37,0.02,3.47,30.23,6039.6,4.11,0.0041,15.07,173.4,11.87,14.603,113.0,1
76.28,0.913,22.71,0.6,3.502,30.7,5917.1,2.58,0.0108,14.35,187.6,12.65,15.418,122.0,1
77.35,1.039,23.84,0.35,3.41,32.33,5871.4,1.42,0.0733,15.57,175.1,11.58,14.673,128.3,1
80.42,1.491,21.26,0.15,3.433,28.63,5782.3,2.01,0.0808,14.16,178.4,12.13,15.353,123.0,1
76.58,1.015,22.55,0.57,3.528,32.64,6137.4,0.28,0.0475,14.45,178.7,12.65,15.104,123.7,0
79.77,0.613,22.2,0.59,3.526,29.35,5870.3,1.39,0.0027,15.13,190.9,12.16,14.81,122.6,1
76.99,1.556,21.49,1.54,3.445,29.29,6115.6,1.15,0.0531,15.84,173.7,12.02,15.094,119.9,0
77.97,0.767,21.71,0.36,3.499,29.25,6124.5,1.56,0.0082,14.6,185.7,11.85,14.999,124.7,0
75.44,1.029,24.22,0.72,3.401,30.79,5802.5,0.07,0.0326,14.98,172.2,10.72,15.682,112.8,0
74.37,0.885,22.8,0.77,3.511,29.95,5869.0,2.48,0.0662,15.34,179.0,11.87,14.906,115.8,0
76.64,0.898,22.17,0.08,3.52,30.85,5882.3,3.38,0.0113,15.79,168.1,12.62,14.952,112.5,0
78.84,0.865,22.91,1.04,3.48,30.21,6019.0,0.06,0.0291,14.85,184.3,11.61,14.675,123.6,0
78.12,0.74,23.33,0.38,3.576,32.55,6195.6,1.52,0.0632,15.34,163.7,11.74,14.409,115.2,1
78.06,0.208,21.09,0.74,3.52,28.4,5827.7,1.69,0.0365,14.95,162.5,10.82,14.888,138.2,0
77.92,0.729,20.53,0.21,3.414,32.01,5961.1,2.02,0.0358,14.41,177.8,12.19,14.766,123.9,0
81.01,0.82,24.06,0.16,3.501,31.07,6011.7,1.38,0.0228,17.34,136.8,10.59,14.458,127.3,1
78.41,0.305,22.13,0.12,3.5,32.76,6241.4,0.54,0.0065,15.62,188.0,12.78,15.032,126.1,0
77.0,0.355,21.29,0.21,3.588,26.29,6531.2,2.92,0.0651,15.5,174.3,12.6,14.885,116.0,0
78.57,0.999,21.64,0.2,3.542,28.54,6028.2,2.41,0.0042,15.1,190.4,12.49,14.891,134.2,0
78.53,0.405,21.32,0.05,3.664,27.73,5916.8,1.74,0.091,14.61,195.7,10.9,15.216,117.9,1
77.62,1.085,22.22,0.44,3.587,29.93,5908.9,2.75,0.0062,15.34,183.6,13.01,15.031,119.0,0
76.75,1.395,21.71,0.3,3.488,30.57,6269.7,3.69,0.0314,14.88,199.8,12.47,15.142,118.8,0
75.98,1.815,21.83,0.37,3.506,28.76,6159.8,3.57,0.0366,16.22,175.8,11.67,15.315,124.0,0
78.1,1.178,22.73,0.1,3.488,28.37,6257.7,2.48,0.079,14.97,195.5,12.68,14.754,113.9,0
75.69,0.269,21.8,0.36,3.515,27.9,5931.6,4.07,0.0241,14.88,173.6,11.05,14.763,122.5,0
78.02,1.368,21.61,0.92,3.425,33.15,5850.3,2.01,0.0195,15.58,184.0,12.82,15.17,110.6,1
77.75,1.125,21.75,0.55,3.459,27.97,6030.8,1.11,0.0367,14.53,183.0,12.11,14.655,115.1,0
77.99,1.407,21.14,1.69,3.464,32.11,6028.0,3.81,0.0008,15.0,177.0,11.78,15.155,115.5,1
80.25,1.073,21.33,0.11,3.504,30.72,5938.6,2.85,0.0116,14.96,184.0,12.23,15.267,120.4,0
78.9,0.111,22.56,0.2,3.425,29.6,5852.3,0.93,0.024,14.8,169.2,12.68,15.198,121.6,0
77.31,0.706,22.87,0.15,3.514,32.5,6176.1,1.48,0.0144,15.18,200.2,11.4,14.77,124.7,1
79.19,0.65,20.92,0.48,3.472,31.29,6234.3,2.95,0.05,15.62,182.1,10.59,15.465,120.2,1
79.22,1.864,22.13,1.83,3.501,33.65,6316.4,3.68,0.0131,14.63,181.7,11.87,15.306,112.8,0
78.97,1.453,21.18,0.07,3.52,29.4,6017.7,2.09,0.0028,14.88,180.2,12.25,14.966,123.3,0
75.29,1.225,21.14,0.06,3.47,31.41,6092.5,3.43,0.0021,15.56,184.3,12.15,14.955,116.7,0
79.37,1.105,21.25,1.03,3.548,27.95,5763.9,3.89,0.0281,15.19,187.3,11.13,14.922,120.7,1
78.48,1.052,22.38,0.31,3.479,27.71,6177.7,1.55,0.1263,14.34,196.0,12.74,14.894,110.7,0
82.87,1.418,20.59,0.18,3.418,37.05,5274.4,3.58,0.0647,14.78,161.6,10.57,14.667,128.7,0
78.57,0.18,21.68,1.09,3.557,29.8,5927.5,1.16,0.0447,14.76,181.1,11.85,15.068,116.8,0
76.22,2.067,20.15,0.55,3.594,31.13,6217.2,6.15,0.2046,14.01,167.9,13.81,15.347,117.9,1
77.38,0.894,22.57,1.6,3.547,30.08,6021.0,3.6,0.0902,14.58,177.0,12.31,15.0,121.4,0
77.14,0.343,22.03,0.67,3.55,29.21,5798.4,2.68,0.0374,14.72,180.7,12.46,14.599,115.9,1
76.55,0.537,23.33,0.79,3.47,30.57,6109.7,5.4,0.0836,15.31,175.0,12.4,15.208,115.8,0
78.85,1.058,22.3,0.05,3.455,32.1,5992.7,2.32,0.0024,15.07,182.1,12.75,14.555,123.5,0
76.51,0.143,22.78,2.4,3.557,30.56,6101.5,2.18,0.0903,14.94,198.3,12.04,14.932,126.8,0
76.19,0.623,21.58,1.9,3.506,29.58,6055.9,3.47,0.0063,14.58,184.6,12.01,14.917,115.1,0
78.25,0.971,21.36,0.03,3.552,30.09,5856.0,3.01,0.0138,14.98,176.6,12.16,14.78,119.2,0
77.02,0.554,22.53,0.48,3.47,28.57,5753.1,3.09,0.01,15.44,190.1,11.94,15.383,119.5,0
77.82,1.071,22.1,0.29,3.527,29.63,5798.6,3.46,0.001,14.55,182.0,11.64,15.047,121.0,0
76.24,1.254,21.27,1.54,3.427,30.04,6225.0,4.28,0.0867,13.59,193.3,12.8,14.972,129.5,1
76.65,0.772,22.47,0.41,3.614,30.6,5815.1,4.85,0.0728,14.49,198.0,13.32,15.144,116.7,0
80.25,2.814,23.06,3.04,3.46,30.71,6165.7,1.75,0.0549,15.03,154.9,11.33,15.325,117.2,1
81.21,0.843,22.18,1.59,3.467,26.59,5751.5,2.69,0.0648,14.73,209.3,10.72,15.081,113.8,0
78.28,1.721,21.65,0.12,3.45,32.45,6174.0,3.22,0.0279,15.45,163.5,10.84,15.154,120.2,0
78.25,1.046,22.28,0.26,3.573,28.69,5889.2,2.94,0.0172,15.47,188.7,11.4,14.896,120.6,0
76.37,0.775,21.57,0.27,3.408,29.49,5783.3,2.91,0.0051,15.23,185.8,11.68,14.812,111.3,0
76.76,1.568,20.67,0.43,3.445,31.93,6031.7,4.47,0.0491,15.84,178.8,12.85,15.416,117.4,1
76.98,0.699,21.87,0.24,3.555,30.34,6100.4,0.9,0.0068,14.01,194.3,12.99,15.016,113.8,0
80.22,1.775,21.92,0.52,3.495,30.83,5779.0,2.78,0.0499,14.6,176.5,11.65,15.108,122.8,0
78.62,0.898,22.43,2.49,3.543,30.38,6218.4,2.28,0.0172,15.4,169.7,12.15,15.101,120.7,0
77.77,0.761,20.89,0.68,3.408,28.37,6068.3,2.85,0.011,14.88,175.0,13.4,15.338,113.1,1
77.8,1.609,22.76,0.27,3.491,29.0,5808.2,3.18,0.0056,15.21,180.3,13.08,14.943,118.0,0
76.86,1.789,22.89,1.18,3.494,29.36,5831.7,3.47,0.0239,15.21,182.4,11.96,14.813,120.2,0
78.26,0.455,23.62,0.14,3.529,27.86,6065.3,2.37,0.0483,14.51,181.0,11.56,15.055,129.7,0
80.6,0.679,21.52,0.55,3.502,31.42,6153.7,0.9,0.0338,13.87,180.9,12.31,14.603,128.5,0
75.76,0.886,22.61,0.03,3.52,27.41,6035.7,1.83,0.0112,14.81,169.1,12.71,14.779,120.8,0
78.06,1.261,22.34,1.22,3.477,29.46,6199.4,4.88,0.0989,14.99,185.8,11.69,14.886,115.8,0
78.08,1.733,21.58,0.77,3.565,31.31,6091.5,1.84,0.0319,16.13,181.3,11.05,14.947,121.3,0
76.04,0.189,22.46,0.03,3.478,30.23,6035.4,1.59,0.1052,15.37,221.1,10.5,15.204,121.5,0
78.64,1.245,22.55,0.48,3.418,31.32,5942.0,3.35,0.0358,15.44,189.5,14.14,14.675,124.8,0
81.07,1.115,23.09,0.92,3.533,31.32,6094.8,1.48,0.0792,14.75,177.5,12.33,14.745,120.9,1
79.37,1.439,21.91,0.63,3.464,28.76,6132.0,3.04,0.0022,14.83,173.3,11.65,15.293,114.2,0
79.19,1.536,20.98,0.78,3.514,31.14,5907.0,3.48,0.0191,15.64,172.1,10.62,14.823,127.9,0
76.85,0.895,20.72,0.04,3.511,29.49,6148.0,2.51,0.0324,15.03,173.4,13.12,14.908,122.0,0
78.19,1.714,21.36,0.1,3.503,29.02,6151.5,1.32,0.0384,15.01,184.5,11.16,14.371,121.8,0
81.01,2.451,22.78,0.64,3.579,34.39,6404.6,3.21,0.0188,16.09,211.1,10.85,15.203,126.9,0
78.18,1.189,21.0,0.01,3.44,29.84,6190.0,1.49,0.0316,15.25,179.2,11.25,14.769,123.0,0
78.68,0.728,21.93,0.59,3.498,30.16,6134.3,1.29,0.0867,14.29,162.4,11.41,14.738,122.2,0
76.26,1.282,21.34,1.93,3.478,27.76,6050.4,1.68,0.0379,14.19,172.8,11.62,14.826,123.5,1
77.1,0.427,22.52,0.23,3.55,30.41,5770.7,1.17,0.0527,15.22,188.1,11.25,15.18,123.0,1
78.27,1.379,21.64,0.18,3.567,29.08,6038.3,4.04,0.0373,14.6,173.5,12.37,14.884,117.2,0
74.88,0.281,21.47,0.05,3.471,28.36,6239.1,1.59,0.0805,14.4,181.5,11.6,14.922,121.5,0
75.5,0.868,22.66,0.05,3.462,31.16,5947.6,1.06,0.0287,14.38,169.3,13.14,15.039,115.1,1
78.14,1.658,20.5,0.24,3.458,28.05,6025.6,2.34,0.0309,14.79,166.2,12.18,14.822,114.9,0
81.7,0.829,21.4,0.79,3.473,32.1,6049.8,2.58,0.1445,15.26,179.2,12.57,14.437,123.3,1
80.73,1.509,21.36,0.36,3.476,29.73,6106.0,2.04,0.0187,14.66,186.5,10.46,14.768,122.1,0
76.04,0.783,22.5,2.39,3.566,29.31,5964.6,1.24,0.0869,14.49,183.0,11.29,15.471,113.2,0
77.39,0.945,22.63,0.4,3.485,29.77,5861.9,3.2,0.0276,15.24,167.8,12.26,15.067,118.4,0
79.23,1.582,21.61,2.13,3.443,32.6,6038.5,2.64,0.0384,14.79,187.2,9.77,14.967,116.4,0
78.05,2.032,22.53,0.05,3.492,28.25,6099.3,2.22,0.0077,15.17,185.4,11.88,15.081,113.3,0
78.39,0.98,22.86,0.19,3.545,30.99,6023.5,1.67,0.0126,15.85,173.3,12.36,15.162,119.3,0
79.31,0.263,21.79,0.78,3.489,29.36,6101.8,2.0,0.0129,15.01,177.8,12.73,15.115,114.8,0
74.19,0.501,22.65,0.62,3.396,33.38,6202.3,0.82,0.0366,15.15,174.1,14.3,14.367,121.7,0
74.84,0.365,20.17,0.21,3.55,32.33,6133.0,2.07,0.1496,14.85,187.3,12.11,14.267,128.1,1
82.92,0.821,22.91,0.42,3.594,30.78,6220.1,1.76,0.0058,15.6,177.0,12.86,15.326,120.3,0
75.24,1.163,21.97,0.24,3.571,28.8,6023.6,3.42,0.0349,14.24,187.7,11.93,15.282,121.0,1
78.02,1.151,22.19,1.19,3.424,29.35,6296.7,3.08,0.0274,15.28,175.7,12.75,15.086,119.2,1
77.39,1.268,22.43,0.56,3.604,30.67,5995.3,4.77,0.0527,15.18,181.4,12.72,15.335,119.0,1
79.19,0.279,22.84,0.94,3.44,29.01,6002.7,1.72,0.1241,14.28,188.3,12.61,15.096,115.7,0
79.07,0.558,21.64,0.17,3.477,30.95,5899.1,3.32,0.0644,15.6,195.8,12.07,14.994,120.3,0
78.72,1.274,21.38,0.31,3.481,32.42,6014.4,3.49,0.0455,15.16,175.1,12.21,15.118,119.8,0
77.9,1.04,22.51,0.51,3.414,32.77,5873.6,3.04,0.0126,14.14,175.2,12.22,15.261,124.1,0
78.77,0.645,22.16,0.15,3.464,32.17,6063.8,3.52,0.0896,14.79,171.4,12.0,14.77,119.8,0
77.67,1.179,23.08,0.56,3.505,31.09,5869.5,3.46,0.0323,14.65,177.5,12.22,14.959,118.5,0
80.21,1.363,21.02,0.2,3.465,27.37,6036.0,0.86,0.0486,14.99,182.8,12.19,15.091,119.1,0
78.31,0.827,22.46,0.61,3.577,28.25,6293.0,1.11,0.0087,14.97,182.3,10.96,15.269,120.3,0
81.29,0.503,22.84,0.02,3.548,27.68,6125.6,3.16,0.0347,13.81,194.6,12.04,15.299,113.8,1
78.95,1.821,22.35,0.02,3.483,29.23,6010.4,2.56,0.0271,15.15,161.8,12.08,15.222,117.7,0
74.69,1.032,20.57,0.53,3.557,28.51,5895.7,4.36,0.0503,14.03,171.2,11.74,15.039,120.4,1
82.75,1.744,24.08,1.12,3.425,27.62,5757.4,0.27,0.1755,15.36,167.9,11.95,14.889,128.8,0
76.99,0.945,20.98,0.6,3.44,31.59,6077.1,0.85,0.0164,14.88,182.1,13.66,14.91,118.2,0
77.47,1.37,22.57,0.09,3.491,30.95,5767.1,2.91,0.0114,14.03,163.1,13.51,15.359,115.9,0
77.87,0.559,21.36,0.02,3.568,31.16,5850.6,2.33,0.0,15.51,178.6,11.01,14.796,112.6,0
79.77,1.098,21.82,0.53,3.461,27.99,5882.5,3.32,0.0248,15.31,179.5,12.3,14.933,122.0,0
75.64,1.084,21.8,1.43,3.552,30.46,5659.6,3.05,0.0675,14.34,184.6,11.97,14.746,119.5,0
75.39,0.444,21.59,0.63,3.531,28.63,5852.2,2.05,0.019,14.98,179.8,12.1,14.959,123.8,0
78.78,0.34,22.57,1.85,3.534,29.83,6334.9,4.08,0.0127,14.48,180.0,11.95,14.963,121.7,0
76.32,0.63,23.63,0.21,3.464,28.67,5993.3,2.94,0.0739,15.28,159.0,9.57,15.379,122.4,1
76.6,1.067,21.71,0.06,3.508,27.22,6126.8,0.13,0.0189,13.81,179.4,11.13,14.911,122.2,1
78.12,1.295,22.74,0.17,3.425,30.23,6291.5,3.54,0.0627,15.35,170.9,11.59,15.224,117.7,1
78.03,1.613,21.66,0.34,3.645,31.57,5987.9,2.23,0.0169,14.46,178.7,12.45,15.451,119.0,0
79.36,1.494,21.47,1.09,3.528,30.66,6058.0,1.6,0.0582,15.31,186.4,11.18,14.779,118.8,0
78.27,0.48,22.05,0.01,3.503,29.39,5669.1,1.42,0.0348,15.03,187.4,13.02,14.915,120.8,0
77.01,0.894,21.74,1.06,3.476,29.32,6176.8,2.73,0.0505,15.13,180.7,12.16,14.855,119.9,0
77.35,1.775,22.92,1.15,3.507,29.1,6180.6,2.19,0.0358,15.12,193.5,12.18,14.902,124.3,0
80.37,1.543,21.86,0.66,3.465,28.1,5809.6,1.61,0.0348,14.52,182.8,11.44,14.071,121.8,0
77.46,0.305,21.97,0.94,3.433,29.66,6082.5,2.62,0.0006,14.69,174.2,12.35,15.249,116.8,1
78.22,0.702,21.94,0.84,3.568,30.23,6069.7,3.69,0.0224,13.44,173.4,12.19,15.209,108.8,0
79.23,0.592,22.21,1.19,3.517,29.1,6188.6,3.74,0.007,15.13,182.5,13.28,14.894,121.3,0
82.18,1.33,23.38,0.08,3.542,29.35,6259.2,3.18,0.0154,14.89,169.8,11.57,15.063,113.6,0
76.99,0.289,22.19,0.1,3.493,31.67,6325.3,2.52,0.0566,15.14,188.6,11.3,14.727,122.9,0
78.27,0.723,22.28,0.14,3.527,30.16,6297.3,2.83,0.0006,14.74,191.8,12.04,15.018,118.9,0
78.11,1.894,22.65,2.3,3.491,30.25,5993.1,3.29,0.0398,15.08,173.3,11.24,14.905,120.1,0
81.62,0.585,20.38,4.34,3.493,35.01,5649.1,3.64,0.0159,17.22,182.7,15.15,14.962,98.0,0
77.25,1.035,22.7,0.72,3.571,28.46,6099.3,1.1,0.0532,14.16,174.8,10.26,15.006,116.9,0
78.62,1.035,21.76,0.17,3.467,30.73,5924.8,2.76,0.1262,16.79,183.6,12.9,14.785,120.1,0
77.29,1.288,22.04,0.85,3.541,29.63,5859.4,3.12,0.0393,15.22,178.5,11.53,15.332,115.4,1
79.95,1.036,22.35,0.11,3.434,28.61,6181.2,1.83,0.0207,15.2,172.6,11.05,15.184,125.4,1
77.1,0.661,22.26,0.26,3.566,30.54,5915.9,1.36,0.0392,15.22,175.0,11.98,14.655,121.7,1
78.71,0.978,22.05,1.33,3.523,28.14,6041.1,3.01,0.0215,15.25,170.2,12.19,15.213,119.1,0
77.32,0.612,22.65,0.03,3.476,30.72,5749.6,2.81,0.0196,15.97,181.3,12.83,15.174,117.0,0
80.04,0.993,21.72,0.94,3.524,28.5,5994.5,2.24,0.0384,16.98,202.9,11.39,14.822,124.1,0
78.72,1.583,20.78,0.91,3.486,31.15,6189.5,2.68,0.0315,15.16,168.3,12.93,15.117,119.2,0
76.48,0.916,21.57,1.56,3.456,30.23,6044.8,0.79,0.0049,15.02,179.0,11.11,15.127,120.2,0
76.0,0.828,20.85,0.91,3.641,27.9,6072.2,0.85,0.0144,15.56,194.3,11.92,14.738,109.9,1
77.84,0.793,21.34,0.38,3.501,28.86,5973.0,1.38,0.0314,14.33,182.8,11.6,15.011,128.7,0
77.64,0.513,22.27,2.4,3.473,31.56,5832.9,0.86,0.0032,15.54,190.1,12.09,14.874,118.7,0
78.4,0.989,22.15,0.68,3.476,32.6,5846.2,2.85,0.0349,14.97,185.9,10.86,14.828,120.2,0
78.24,1.439,22.08,0.34,3.454,29.39,6214.4,2.86,0.0215,14.55,171.8,11.64,14.891,118.2,0
75.98,1.206,21.33,0.01,3.52,29.87,6318.4,2.61,0.0096,15.21,161.5,12.38,15.153,124.8,0
77.79,1.518,22.57,0.19,3.458,32.88,5781.1,0.99,0.0423,15.16,173.3,11.82,14.626,116.7,1
77.39,1.093,23.65,1.19,3.581,29.6,6115.1,2.81,0.0203,15.18,184.1,11.16,15.119,111.3,0
78.78,0.324,22.31,0.1,3.507,30.52,5863.0,1.52,0.0487,14.7,165.3,12.47,14.844,120.9,0
78.07,1.215,22.34,0.04,3.524,31.29,6159.7,2.25,0.0515,15.36,169.3,12.31,15.054,117.6,0
76.15,1.457,21.54,2.77,3.487,30.64,5652.0,2.64,0.0027,14.99,181.7,12.51,15.213,125.9,0
79.59,1.203,23.06,0.09,3.499,32.82,6181.8,0.43,0.0248,14.96,183.8,11.72,15.213,110.9,0
75.55,1.195,23.24,1.06,3.401,29.56,5886.8,3.45,0.0528,15.54,183.6,12.47,15.153,118.1,0
79.0,1.227,21.38,0.18,3.531,32.02,6095.1,3.66,0.0327,14.26,188.8,11.99,14.844,116.6,0
79.21,1.338,22.27,1.94,3.468,30.07,5753.0,3.52,0.0104,15.31,173.1,12.46,14.922,122.2,1
77.09,1.074,22.57,0.66,3.533,29.23,5624.0,1.28,0.0638,14.86,175.8,12.72,14.932,125.2,0
78.98,0.971,21.65,0.05,3.447,28.85,6067.5,1.89,0.0523,14.28,169.9,11.8,15.034,121.5,0
80.54,0.588,22.1,0.85,3.494,29.88,5897.0,2.87,0.0569,15.65,173.9,11.74,14.898,119.9,1
79.93,0.982,22.27,1.32,3.434,29.71,5915.8,3.13,0.0198,14.96,187.9,10.39,15.144,122.0,0
78.21,0.313,23.52,0.24,3.585,34.21,6434.6,1.94,0.0435,14.69,173.4,10.97,15.133,125.7,0
75.9,0.955,22.19,1.69,3.412,30.54,6124.8,1.98,0.058,14.56,197.7,11.1,14.652,125.6,1
75.78,1.247,21.68,0.25,3.544,29.34,5971.8,1.77,0.0743,14.69,168.7,12.86,14.996,120.4,0
78.26,0.514,20.98,0.31,3.524,30.21,6047.5,2.9,0.0052,14.56,167.8,11.46,14.915,119.8,0
76.57,0.449,22.98,0.24,3.583,27.45,5741.1,2.32,0.0655,14.83,186.1,12.29,15.302,122.5,0
74.89,1.382,22.49,0.05,3.475,29.27,6087.8,1.48,0.0087,15.15,185.4,11.11,15.233,117.3,1
77.94,0.819,22.97,0.65,3.525,29.81,6167.6,3.17,0.0041,15.05,183.6,11.85,14.966,122.8,0
78.8,0.498,22.4,0.22,3.479,30.9,6010.4,2.27,0.0783,15.27,173.8,13.44,15.072,123.7,0
77.46,0.959,22.06,0.02,3.538,26.91,5983.2,3.76,0.0333,14.35,195.8,12.04,15.27,121.9,1
79.61,0.478,22.25,1.67,3.49,33.19,5824.6,1.5,0.0311,14.85,170.2,11.01,14.689,117.9,0
77.14,0.704,22.65,1.34,3.534,30.25,5897.5,4.05,0.0409,14.75,189.6,13.36,15.438,127.4,1
77.78,0.841,21.62,0.73,3.445,31.36,6148.6,1.37,0.0106,14.39,167.6,11.44,15.435,125.9,1
80.04,0.072,21.36,0.92,3.492,27.43,6196.0,1.97,0.0102,14.71,180.3,12.1,15.175,121.2,1
75.48,1.824,21.45,0.8,3.497,30.58,5907.7,1.11,0.0348,14.56,174.7,12.25,15.079,119.5,0
77.1,0.19,22.1,0.03,3.459,31.35,5794.2,2.71,0.0698,15.37,170.3,12.79,14.942,124.4,0
77.2,1.15,21.25,0.02,3.468,29.3,5754.6,2.66,0.0671,14.61,185.8,12.16,14.619,118.8,1
79.02,1.599,21.56,0.26,3.573,31.63,5988.0,2.44,0.1086,14.59,175.7,12.72,14.562,119.7,0
78.34,1.078,20.33,0.24,3.477,30.81,6073.3,2.28,0.0163,13.97,174.2,12.09,15.021,113.3,0
78.32,2.047,22.69,0.0,3.512,30.51,6032.4,3.07,0.0212,15.34,189.8,12.9,14.752,114.8,0
79.97,1.218,21.92,1.12,3.571,26.75,6241.7,2.82,0.0412,15.19,167.8,12.49,15.211,118.8,0
79.62,0.672,22.06,0.54,3.449,31.59,6015.2,4.42,0.0399,16.02,175.9,11.37,14.633,121.4,0
75.43,0.567,21.61,0.44,3.482,32.56,5834.9,2.67,0.0442,14.89,189.6,10.94,15.036,120.2,1
76.53,1.597,21.82,0.33,3.446,29.29,6156.3,2.62,0.0237,14.69,168.3,13.23,15.245,121.9,0
79.02,0.859,21.07,0.31,3.489,31.55,6067.8,1.75,0.0244,15.11,176.1,11.86,15.012,120.6,0
79.06,1.525,21.43,0.18,3.457,31.22,5913.1,4.46,0.0444,15.28,173.0,11.31,14.538,123.1,0
77.65,0.483,21.17,0.2,3.583,28.62,6105.7,4.56,0.0416,14.76,179.8,9.92,14.882,124.1,0
80.23,0.963,22.89,0.29,3.496,30.94,5794.9,2.49,0.0184,14.88,175.0,12.41,14.455,128.0,0
80.18,0.448,20.93,1.66,3.554,32.44,6113.1,2.12,0.1335,15.46,161.1,12.32,14.94,125.2,1
78.94,1.187,21.78,1.87,3.577,29.13,5876.0,2.97,0.104,14.95,175.2,12.36,14.49,115.7,1
77.39,0.286,22.35,0.23,3.481,30.3,6083.5,3.04,0.0019,14.73,180.7,11.74,15.015,120.7,0
77.83,0.917,22.56,2.61,3.523,31.12,5803.0,2.59,0.044,15.25,181.7,11.47,15.238,127.7,1
77.75,1.161,21.53,0.36,3.484,28.0,5858.5,3.19,0.0192,14.69,180.4,11.08,15.281,127.1,0
76.27,1.211,20.84,0.18,3.533,29.08,5869.9,1.94,0.0275,15.25,185.4,12.07,15.22,117.2,0
79.22,1.567,22.73,0.27,3.459,29.68,5654.1,3.43,0.0468,15.67,184.8,12.45,15.079,117.0,1
78.98,1.395,21.65,0.18,3.483,28.03,5892.6,4.08,0.0373,15.0,174.7,11.93,14.894,121.8,0
75.99,1.223,21.14,0.74,3.558,31.4,5803.7,1.95,0.0228,15.46,183.8,11.32,15.209,122.5,0
75.66,0.878,22.75,1.49,3.537,30.73,6159.4,2.64,0.0142,15.29,163.5,10.3,15.564,130.0,0
76.6,0.912,21.06,0.4,3.456,30.98,6254.5,2.31,0.0566,15.16,172.8,11.84,14.99,121.4,0
79.56,0.916,21.46,0.35,3.564,31.21,6373.7,0.64,0.0443,15.06,174.9,12.92,14.943,122.2,0
78.57,0.759,23.97,0.26,3.588,28.56,6271.3,1.92,0.0242,15.18,188.4,11.93,15.345,128.7,0
76.16,1.378,22.21,0.16,3.495,29.11,5914.4,2.22,0.0615,14.69,182.1,12.61,15.148,114.8,0
76.11,1.004,21.42,0.21,3.543,28.1,5739.8,2.67,0.0201,14.67,171.7,11.79,14.964,123.8,0
78.62,1.289,21.95,0.67,3.49,29.5,6107.3,0.96,0.0382,15.09,173.1,11.17,14.962,120.0,0
77.06,1.368,21.87,0.08,3.531,28.8,5885.9,3.29,0.0432,14.9,177.7,12.28,15.07,121.4,1
80.18,1.972,22.19,1.05,3.508,24.76,6122.6,3.13,0.0981,16.63,186.9,12.66,15.022,121.6,0
76.97,1.71,21.56,0.42,3.495,28.95,5931.9,2.62,0.0108,14.47,178.8,12.05,15.064,120.5,0
77.81,0.964,22.63,0.25,3.514,29.81,5719.9,2.47,0.0054,15.37,167.1,11.3,15.064,115.3,0
76.29,1.429,23.48,0.09,3.414,29.84,5755.5,3.53,0.0201,15.29,178.6,12.74,15.213,123.2,0
78.52,0.711,22.24,0.7,3.58,31.55,5765.6,2.48,0.0313,14.18,185.3,12.04,15.055,123.5,0
78.18,0.537,22.55,0.01,3.476,31.24,6022.6,2.64,0.0016,15.03,175.1,13.05,14.882,119.9,0
77.75,0.357,21.46,1.83,3.442,31.39,5495.3,1.83,0.0266,15.39,188.4,12.12,15.202,118.7,0
79.53,0.532,21.72,0.07,3.518,31.69,6028.0,2.12,0.0372,15.83,187.2,12.46,15.055,117.9,0
77.98,2.477,22.48,1.41,3.533,31.94,6241.7,1.42,0.0192,14.75,178.8,12.4,15.526,109.6,0
77.51,1.027,22.55,0.75,3.543,31.67,6045.7,3.85,0.0473,15.64,192.6,11.98,14.773,124.7,0
82.44,0.672,21.4,0.42,3.524,29.91,5965.5,2.28,0.0386,14.9,168.4,11.37,14.961,127.0,0
80.12,0.973,22.05,0.14,3.471,32.27,6060.0,1.78,0.015,14.97,174.3,12.56,15.218,123.0,0
75.05,0.942,20.82,0.96,3.419,28.52,6091.9,2.07,0.0036,13.83,180.7,10.41,14.997,124.7,1
79.25,1.488,20.44,0.98,3.489,30.12,5751.2,1.68,0.0051,14.88,182.9,12.75,15.158,125.3,1
74.39,0.706,22.44,0.67,3.466,28.86,5871.6,4.07,0.0921,15.3,153.1,11.66,14.315,127.9,0
76.22,0.585,21.39,0.58,3.542,32.2,6016.9,2.1,0.0433,15.05,189.2,11.49,15.171,115.0,0
76.44,0.914,21.08,0.17,3.423,33.35,5846.0,2.66,0.0701,14.62,175.5,10.16,14.848,118.8,0
76.66,1.147,22.1,2.1,3.578,30.65,5947.3,1.6,0.0243,14.43,185.8,11.57,15.356,120.0,0
77.77,1.618,22.38,0.08,3.459,31.35,6084.1,2.53,0.1048,14.06,178.8,14.02,15.276,118.3,0
78.89,1.379,22.52,0.04,3.464,31.33,5969.4,3.96,0.0343,14.72,178.2,11.93,15.16,122.4,0
77.86,1.235,21.57,0.71,3.606,30.04,6027.0,2.38,0.057,14.89,175.4,11.83,14.904,129.1,0
78.71,1.288,20.65,0.34,3.56,29.4,5937.9,2.46,0.0536,15.76,184.9,12.82,14.953,120.7,0
79.39,1.36,23.22,0.03,3.439,31.21,5794.5,2.51,0.0025,15.47,176.5,10.52,15.228,121.0,0
78.08,0.518,22.31,1.15,3.496,30.45,5663.8,1.38,0.0258,15.05,175.9,11.92,14.8,121.9,0
75.99,0.488,21.49,0.48,3.479,29.65,5958.6,2.18,0.0611,14.66,182.6,11.83,15.243,126.9,0
77.15,1.346,20.62,1.04,3.518,30.23,5928.4,5.56,0.0422,15.69,185.4,11.28,14.821,117.1,0
79.22,0.777,22.54,0.8,3.506,29.31,5976.6,1.9,0.0243,15.57,185.6,12.69,15.286,116.4,0
76.45,1.237,21.99,1.92,3.467,32.61,6075.5,1.97,0.0443,14.55,183.0,12.31,14.895,120.6,0
80.16,1.189,22.76,1.5,3.504,31.89,5943.2,2.24,0.0561,14.85,188.3,12.34,15.26,125.1,0
75.03,0.409,20.87,2.68,3.447,31.09,5881.5,2.27,0.2513,14.08,225.4,11.6,15.749,121.1,1
79.26,0.929,21.14,0.73,3.509,29.8,5955.0,0.96,0.0337,15.09,182.4,11.39,15.033,121.5,0
78.95,0.837,22.42,0.22,3.493,31.1,6428.4,1.8,0.0653,15.12,178.0,13.26,15.014,121.2,0
78.13,1.659,22.98,0.45,3.521,31.98,6224.3,1.43,0.0132,14.47,176.6,11.2,14.652,112.7,0
77.42,1.305,22.64,1.04,3.504,29.04,6277.8,3.65,0.0317,14.73,189.7,13.69,15.121,123.0,0
79.18,1.055,20.7,2.22,3.537,31.01,5817.4,0.51,0.0709,15.59,179.7,11.21,14.983,128.2,0
77.67,0.476,22.24,0.56,3.499,30.27,5893.5,1.32,0.0627,15.15,169.6,12.54,15.264,129.9,1
79.12,1.24,20.58,0.23,3.438,30.27,6375.7,1.29,0.0033,13.79,189.5,12.42,15.312,132.8,0
78.79,1.858,22.07,1.06,3.486,29.11,5819.6,3.96,0.0762,14.37,181.2,11.67,15.12,118.7,1
77.96,1.397,22.24,1.16,3.378,32.01,6205.3,3.52,0.062,14.85,194.0,11.47,14.809,119.0,0
78.81,0.801,21.68,0.28,3.536,28.67,6224.0,4.31,0.0228,14.05,178.9,11.96,15.447,116.2,0
80.61,1.037,22.62,0.16,3.521,29.27,6105.0,1.85,0.0079,15.04,181.5,10.71,14.748,119.2,0
76.76,1.369,23.0,0.41,3.547,29.95,5983.0,2.69,0.0139,15.44,175.4,12.27,14.668,121.6,0
79.18,0.686,20.83,1.1,3.505,31.17,6095.1,0.88,0.0818,15.18,168.5,12.73,15.041,122.2,0
78.53,1.338,21.19,0.63,3.485,27.18,6086.1,3.09,0.0193,15.33,170.8,12.48,14.853,122.8,0
75.54,0.809,21.98,0.18,3.443,32.36,5993.9,3.22,0.0798,15.49,184.8,13.28,14.981,117.4,0
76.25,0.724,22.31,1.08,3.533,30.28,5977.7,3.11,0.0464,14.99,183.5,12.27,15.094,118.2,1
74.34,1.712,22.79,0.13,3.6,31.73,5978.5,3.16,0.0212,15.11,180.2,12.21,14.942,129.0,1
76.77,0.633,21.71,1.7,3.478,30.61,6129.9,2.58,0.0287,14.75,178.5,12.23,14.912,113.8,1
78.72,1.088,21.71,0.19,3.446,30.88,5987.0,2.68,0.0259,14.01,188.3,12.41,14.807,116.6,0
78.34,1.055,21.32,0.23,3.45,30.19,6056.3,3.45,0.0147,15.05,186.7,11.15,15.009,122.9,0
76.38,1.035,22.37,0.38,3.421,31.77,6185.7,2.49,0.119,15.05,184.8,12.45,14.831,121.2,1
76.91,1.476,22.97,1.66,3.487,28.32,6087.9,0.78,0.0113,16.76,155.6,10.52,14.843,122.0,0
82.31,1.377,22.8,5.51,3.417,33.55,5630.1,4.86,0.0079,14.85,197.7,12.17,14.992,130.8,1
78.15,1.789,21.46,0.51,3.46,35.12,6348.9,0.97,0.0072,17.43,174.3,13.67,15.026,116.9,0
78.24,1.27,22.61,0.99,3.438,29.41,6014.9,1.61,0.0465,14.61,176.9,13.19,15.01,120.7,0
79.56,0.331,21.08,1.84,3.533,33.26,6139.2,2.07,0.057,15.18,167.1,11.8,15.01,107.7,0
78.27,0.494,21.15,0.02,3.539,29.63,6127.1,2.96,0.0162,15.02,172.9,13.0,15.466,119.2,0
78.13,1.409,21.35,0.02,3.452,30.53,5921.5,3.21,0.0402,15.43,163.8,13.05,15.101,117.7,0
79.08,0.972,20.93,0.49,3.486,29.54,5995.8,3.54,0.048,14.44,184.9,11.64,15.167,124.0,0
78.94,0.851,21.7,0.14,3.604,30.5,6036.7,0.7,0.0992,15.07,179.4,13.45,15.044,118.4,0
79.21,1.271,23.26,0.59,3.513,31.4,5936.9,2.01,0.0086,15.04,180.7,11.32,14.589,121.7,0
79.85,0.881,22.38,0.05,3.564,28.53,6006.0,0.82,0.0016,14.74,185.4,12.59,14.784,120.6,1
76.97,0.539,21.67,0.32,3.583,29.33,5891.0,3.87,0.0381,14.43,159.2,11.44,14.655,120.6,0
79.05,0.991,22.54,0.35,3.488,28.99,6003.1,3.81,0.0014,14.99,176.9,11.55,14.436,128.6,1
79.46,1.239,22.93,0.19,3.431,29.32,5741.5,3.95,0.0426,15.64,156.4,12.97,14.948,116.2,0
76.13,1.318,21.33,0.9,3.45,29.77,6176.5,1.97,0.0303,14.87,183.3,12.47,14.985,116.9,0
76.67,1.212,21.93,2.25,3.42,29.3,5952.7,1.7,0.0362,15.69,179.7,13.08,15.142,121.4,0
79.12,0.85,22.42,0.11,3.515,29.9,6045.5,2.39,0.0472,15.79,185.7,11.48,15.098,125.1,0
76.68,0.289,22.67,0.33,3.52,28.86,6398.5,2.95,0.0104,15.05,174.2,11.54,15.009,114.4,0
72.6,0.999,24.1,5.67,3.429,29.0,6345.5,1.93,0.0893,15.41,192.3,10.1,14.838,127.7,1
76.41,0.571,21.56,1.39,3.443,29.85,5949.3,1.38,0.0308,15.71,179.8,11.93,14.808,118.2,0
80.24,1.032,22.16,0.07,3.527,29.27,6171.7,2.92,0.012,14.98,186.6,12.2,14.706,118.4,1
77.9,1.251,21.03,0.26,3.467,29.21,6207.7,3.77,0.0621,15.25,182.5,12.56,15.412,122.8,0
77.79,1.403,22.57,0.49,3.607,28.55,6247.3,2.66,0.0489,15.61,190.0,12.45,15.146,116.9,0
78.11,0.718,20.9,0.67,3.457,28.85,5979.7,2.69,0.1096,15.13,171.2,11.27,14.715,116.7,0
78.63,1.421,21.2,3.51,3.384,29.85,6637.5,5.08,0.0571,16.78,165.7,13.48,15.438,120.2,1
77.51,1.142,22.1,0.05,3.543,34.04,6089.1,0.85,0.0325,15.85,180.7,12.75,15.454,115.1,1
78.54,0.161,21.96,0.16,3.403,30.99,5739.9,3.46,0.0605,14.74,171.5,12.0,15.361,132.5,0
75.99,1.149,22.88,0.75,3.541,30.95,6163.1,1.01,0.048,14.63,191.0,10.98,15.293,121.9,0
75.48,0.341,21.85,0.73,3.42,31.52,5780.9,1.9,0.0023,14.78,160.6,12.22,14.979,116.3,0
79.12,1.382,21.35,0.13,3.466,32.68,5908.6,3.18,0.0048,14.99,186.0,12.29,14.984,119.0,0
76.21,1.21,22.15,0.26,3.556,30.73,5964.5,2.47,0.0646,15.02,186.3,12.62,14.802,116.1,1
77.26,1.02,22.97,0.45,3.462,29.13,6103.4,3.07,0.0715,13.98,181.4,12.11,15.195,121.1,0
78.96,0.575,21.78,0.02,3.494,30.35,6095.2,2.1,0.0212,15.14,183.9,12.11,14.922,126.4,1
75.4,0.588,22.72,1.01,3.491,30.39,5933.8,3.58,0.0022,15.12,149.2,14.14,15.005,135.0,1
80.43,1.757,22.42,0.46,3.517,29.31,5880.9,3.04,0.0597,15.43,191.4,12.35,14.954,118.8,1
78.06,0.584,22.93,0.28,3.462,27.71,6257.3,4.0,0.1069,15.01,176.0,11.24,14.907,124.9,1
77.83,0.853,20.84,1.41,3.527,29.19,6160.6,3.81,0.0077,14.34,179.4,12.24,15.112,121.1,1
77.31,0.992,23.61,0.87,3.447,29.62,5813.9,1.17,0.0432,15.61,194.6,11.76,15.254,124.4,0
75.81,0.803,22.53,0.82,3.507,29.44,5997.7,0.31,0.061,14.47,173.7,11.82,14.793,123.5,0
78.25,0.998,23.23,0.23,3.514,31.08,5845.3,3.31,0.0224,14.88,181.5,11.55,15.152,118.1,0
77.7,1.666,19.9,0.08,3.55,29.7,5820.7,0.22,0.1192,14.81,187.0,11.81,15.14,122.3,0
74.94,2.075,20.64,1.95,3.493,28.04,5798.4,0.43,0.0646,13.88,181.6,11.89,14.58,116.7,0
77.47,1.342,23.09,0.07,3.526,33.48,6031.7,3.84,0.0304,15.6,172.8,12.56,15.026,125.4,0
79.43,1.032,21.77,0.18,3.547,29.88,6353.7,3.5,0.0959,14.89,183.9,13.21,15.173,120.3,0
76.71,0.289,22.54,0.31,3.555,27.21,6035.3,1.28,0.0797,15.1,195.4,11.81,15.172,123.6,0
76.64,1.202,23.53,1.38,3.496,30.39,6041.4,2.27,0.0224,15.01,193.2,11.02,15.049,113.2,0
76.34,0.749,20.93,0.06,3.466,30.96,5874.9,2.95,0.1058,14.83,185.8,13.63,15.127,114.6,1
77.08,1.761,21.69,0.05,3.565,29.27,5824.9,2.16,0.0064,14.6,174.6,11.58,14.871,118.4,1
78.62,1.601,21.29,0.96,3.483,31.76,6145.6,0.44,0.012,14.68,178.6,11.82,14.759,123.0,1
78.9,1.099,23.07,1.61,3.561,25.63,5494.8,2.52,0.0436,15.3,192.6,13.06,14.759,117.0,0
78.9,0.776,21.62,0.49,3.462,32.12,6039.3,1.71,0.0109,15.66,175.2,11.03,15.045,119.1,0
77.08,1.254,22.99,0.15,3.562,28.02,6081.7,3.16,0.0781,14.59,173.3,12.25,14.911,120.0,0
77.44,1.463,23.12,2.2,3.514,29.57,5912.5,1.61,0.0293,15.04,187.6,9.95,14.672,129.7,0
78.18,2.632,22.72,0.41,3.729,28.61,5545.0,5.29,0.024,14.5,205.4,12.03,13.863,116.8,1
76.89,1.243,24.09,0.27,3.38,27.87,5744.6,2.29,0.0121,15.39,172.1,12.15,14.787,116.8,1
76.28,1.217,22.34,0.01,3.52,29.78,6232.0,0.99,0.0371,14.92,178.3,11.98,14.979,123.2,0
77.47,0.678,23.34,0.64,3.408,28.87,5952.1,0.72,0.0525,15.4,174.5,12.74,15.24,119.4,0
78.99,1.219,22.43,0.37,3.471,31.24,5897.1,2.86,0.0738,14.75,181.5,11.03,15.325,120.7,0
77.25,0.185,20.74,0.19,3.522,30.92,6015.7,1.62,0.106,15.28,182.6,12.78,15.016,118.5,0
73.57,1.109,21.13,0.17,3.622,33.51,6376.2,2.21,0.0626,15.05,201.2,10.8,15.301,117.4,0
75.07,0.599,22.39,0.11,3.559,30.86,6104.7,3.78,0.0318,14.94,178.2,11.2,15.141,118.6,1
77.61,1.942,21.65,2.03,3.49,31.77,5811.0,3.28,0.0192,15.2,173.2,11.49,15.015,121.2,0
78.45,0.967,22.73,0.28,3.537,30.37,5910.7,2.05,0.0191,14.77,167.8,11.7,14.827,120.2,0
77.5,0.64,21.77,0.63,3.468,31.68,6435.9,2.61,0.0261,14.93,174.5,11.87,15.199,120.7,0
81.08,0.894,21.33,0.37,3.478,31.04,5853.3,2.05,0.0268,14.89,170.1,11.18,14.872,116.4,0
77.95,0.985,22.14,0.37,3.432,29.1,5781.2,2.01,0.01,14.8,167.5,13.12,14.558,117.8,1
75.41,0.972,22.71,0.64,3.543,32.13,6016.9,2.01,0.0141,14.98,178.2,11.31,15.481,116.8,1
78.99,2.341,21.75,0.45,3.504,31.13,5747.2,4.84,0.0889,15.67,165.9,11.69,15.291,125.5,0
79.78,1.347,20.86,0.82,3.505,30.35,5890.5,2.92,0.0698,16.37,201.0,12.69,15.143,119.0,0
75.15,1.431,22.53,0.11,3.507,30.7,6346.0,1.63,0.0717,14.96,186.0,11.48,14.944,125.5,0
78.51,0.577,20.49,0.21,3.462,27.87,5926.4,2.26,0.0578,15.14,182.5,11.95,15.103,117.8,0
79.19,1.385,22.81,0.41,3.519,26.86,6023.1,2.03,0.0143,16.25,188.3,11.21,15.069,123.4,1
79.92,0.622,22.33,0.04,3.469,30.64,6033.4,1.4,0.0292,15.37,176.7,12.03,15.002,130.3,0
79.37,1.41,23.0,1.12,3.477,28.75,5693.5,1.98,0.0373,14.75,179.0,12.19,14.766,117.3,0
80.15,0.634,22.25,0.2,3.498,28.88,5812.6,4.31,0.1398,15.27,203.1,13.38,14.53,118.7,0
79.63,1.599,22.2,0.39,3.553,30.24,5837.5,2.21,0.0471,14.27,181.8,12.02,14.838,123.2,1
76.57,1.071,21.5,1.02,3.537,28.55,6010.6,1.32,0.055,15.88,176.9,13.3,14.865,121.6,1
76.03,0.9,22.51,0.38,3.478,28.77,6050.3,2.47,0.0568,14.35,189.3,11.16,15.011,114.5,0
77.67,0.945,22.11,0.76,3.496,30.53,5884.1,2.77,0.0742,14.98,169.1,11.52,15.217,117.0,0
79.06,0.861,22.1,0.81,3.426,29.35,5901.5,2.29,0.0482,14.57,180.9,12.6,15.166,117.7,0
75.36,1.201,21.48,0.03,3.515,29.46,5908.0,3.3,0.0246,15.38,178.5,12.87,15.332,121.3,0
78.19,1.122,22.73,1.97,3.454,33.27,5953.2,3.6,0.0246,15.59,166.4,11.75,15.097,120.3,0
77.54,0.982,22.6,0.28,3.488,29.27,6013.6,3.64,0.0054,14.65,176.3,11.69,15.224,123.8,1
77.26,0.851,21.62,0.92,3.436,29.25,5978.5,2.39,0.0202,15.48,192.5,13.36,15.149,122.5,1
78.39,1.662,23.23,1.37,3.442,29.87,6195.2,3.1,0.0858,14.73,180.7,11.19,15.211,118.8,0
78.79,0.005,22.53,0.86,3.491,31.97,6180.2,2.52,0.0146,14.87,190.7,12.18,14.936,125.4,0
81.63,1.556,23.02,0.37,3.427,32.16,5669.9,2.17,0.1203,15.3,177.2,11.41,14.555,126.6,1
81.4,1.12,23.15,0.9,3.578,30.35,6195.9,2.88,0.042,15.08,191.2,12.9,15.252,120.3,0
76.46,1.052,22.05,0.29,3.548,30.05,6111.2,1.79,0.065,15.22,170.4,12.59,14.827,119.0,0
77.75,1.495,22.29,0.34,3.482,30.59,6168.4,2.12,0.0203,15.18,178.3,12.49,15.129,122.6,0
79.47,1.33,22.05,0.29,3.454,30.83,6033.0,1.5,0.0174,14.91,178.4,11.84,15.002,120.8,0
76.63,1.699,21.52,1.09,3.54,32.09,5934.9,2.18,0.019,15.26,171.6,11.81,15.16,116.8,0
78.37,1.017,22.1,0.14,3.456,28.74,6010.0,1.78,0.0355,15.12,169.9,12.74,14.709,121.9,0
77.85,1.606,22.58,0.83,3.562,29.45,6071.7,4.72,0.076,15.7,183.6,13.51,15.154,113.7,1
80.88,0.487,21.97,1.4,3.579,32.01,6296.4,3.34,0.0334,16.09,191.0,11.44,15.384,122.4,0
75.38,0.761,21.39,0.2,3.426,27.43,5803.8,2.05,0.0654,14.85,191.8,12.43,15.507,116.3,1
78.92,0.592,23.66,0.66,3.532,32.09,5498.8,1.73,0.1163,15.03,167.0,13.06,15.288,116.0,0
77.67,1.364,20.54,0.41,3.452,28.25,5778.6,2.34,0.1243,14.57,178.7,13.01,14.832,118.3,1
78.1,1.0,22.87,0.49,3.465,29.91,6294.0,3.44,0.0374,15.61,173.5,12.61,14.648,123.1,1
73.57,2.369,21.48,0.35,3.493,31.79,6066.5,2.83,0.0404,15.29,173.0,12.73,15.041,106.1,0
77.52,1.114,21.93,0.08,3.503,31.82,6015.9,1.69,0.0027,14.79,185.8,11.6,14.763,124.9,0
79.05,1.016,21.43,0.74,3.534,29.88,6301.0,2.22,0.0087,14.41,185.0,11.91,14.9,120.0,0
78.45,1.009,22.08,0.84,3.491,28.9,6025.6,4.46,0.0619,15.46,178.5,10.18,14.743,120.6,0
77.87,1.548,21.61,0.31,3.499,29.17,5818.1,1.42,0.0123,15.94,175.0,11.19,15.186,112.1,0
76.57,1.033,22.53,0.11,3.537,32.88,6226.5,1.62,0.0505,14.66,181.1,10.06,14.802,118.8,1
78.5,0.559,22.18,0.96,3.509,31.19,6075.1,1.83,0.0154,14.74,181.2,11.22,14.921,112.8,0
78.09,0.167,23.43,0.05,3.398,28.31,5829.1,1.39,0.1029,14.85,191.0,12.29,15.08,115.9,0
75.4,0.76,21.38,0.52,3.501,28.66,5871.2,3.7,0.0055,16.06,181.6,12.63,14.976,115.2,1
76.78,1.459,21.48,0.56,3.484,29.83,6190.4,2.81,0.0954,15.11,179.0,11.65,15.107,112.4,0
79.52,0.667,21.97,0.24,3.519,30.32,6128.1,1.76,0.0271,15.56,169.6,11.95,15.106,119.9,0
80.26,1.432,23.28,0.62,3.504,28.18,5875.7,1.63,0.0289,15.09,192.7,11.39,15.237,113.6,0
78.57,1.705,22.12,0.38,3.507,29.82,5848.5,1.1,0.0123,14.89,188.8,12.2,14.881,119.3,1
78.36,0.113,22.6,0.09,3.491,27.98,6231.5,1.99,0.0088,14.51,185.2,11.81,15.469,118.4,1
80.14,0.78,22.58,0.03,3.433,30.47,5829.6,2.0,0.0016,15.13,176.7,12.5,14.73,115.1,0
78.59,0.86,21.76,0.11,3.524,29.16,6041.5,2.45,0.0649,14.59,186.7,11.63,14.695,121.1,0
78.51,1.598,22.98,0.9,3.519,30.41,6391.1,4.11,0.0035,14.59,189.1,12.35,15.116,126.5,0
76.69,1.228,21.56,0.02,3.42,29.59,6243.3,1.83,0.0314,14.64,176.8,12.11,15.095,124.3,0
79.73,1.427,20.3,0.32,3.552,28.44,5706.6,3.88,0.0321,15.18,181.2,12.23,14.919,121.1,1
78.27,0.994,21.47,0.09,3.371,29.7,6134.4,2.54,0.0109,14.36,163.5,11.48,14.721,122.6,1
78.87,0.777,21.12,0.29,3.371,29.88,6087.0,3.91,0.038,14.54,184.3,11.15,14.861,121.8,0
77.6,1.376,21.69,0.94,3.519,27.2,6274.9,1.38,0.0455,14.85,171.8,12.51,15.149,128.0,0
80.59,1.172,20.06,0.15,3.492,32.47,6095.5,4.18,0.0226,14.69,180.1,12.44,14.713,126.7,0
78.96,1.74,20.46,0.02,3.356,31.46,6052.2,3.66,0.0815,14.3,186.3,12.32,15.531,128.1,0
77.12,0.806,21.15,0.39,3.599,27.9,5966.3,2.72,0.0615,14.8,172.9,12.61,14.828,122.4,0
77.1,1.653,21.94,0.21,3.544,28.43,6205.6,1.04,0.0192,14.82,179.4,11.65,14.635,119.8,0
76.63,0.245,21.33,0.17,3.487,29.75,6371.7,2.24,0.0205,14.78,178.1,11.26,14.871,124.8,0
78.2,0.201,22.67,0.33,3.477,27.88,5803.9,1.54,0.0482,15.44,183.9,12.7,15.044,119.2,0
75.14,1.862,22.51,0.13,3.512,27.07,6030.5,4.38,0.0561,16.09,169.5,11.35,15.511,122.6,0
77.46,1.954,20.91,0.47,3.487,32.2,5692.0,2.43,0.0283,15.54,196.6,11.2,15.116,114.2,1
81.38,0.402,22.73,0.38,3.522,29.57,6066.6,1.98,0.0304,15.09,176.7,11.71,15.244,117.6,0
78.11,0.6,21.59,0.06,3.511,30.4,6077.9,3.08,0.0065,14.88,169.2,11.14,15.06,121.8,0
80.2,1.64,22.92,0.71,3.445,26.7,5949.5,2.74,0.0346,14.44,190.6,12.52,15.942,116.9,0
74.9,1.329,20.97,0.84,3.424,26.21,5654.9,1.18,0.1036,14.49,185.4,12.3,14.902,114.3,1
82.14,0.838,20.99,0.14,3.53,29.57,5863.2,1.53,0.0233,15.66,192.7,10.37,14.621,110.9,0
77.68,0.958,20.98,0.62,3.488,28.96,5678.0,2.47,0.1229,14.41,183.3,11.76,14.865,117.8,0
79.59,1.232,22.98,0.03,3.517,30.67,6142.1,1.99,0.0215,14.76,169.1,12.92,14.932,114.3,0
76.99,1.064,21.54,0.98,3.576,28.36,6124.1,3.17,0.104,14.94,181.6,12.93,14.81,125.8,0
77.88,0.9,22.96,0.54,3.542,30.91,6023.0,2.83,0.009,14.71,179.3,11.66,15.352,119.5,0
76.76,1.457,21.19,0.96,3.495,29.21,6031.4,2.33,0.0713,14.87,183.5,10.8,14.975,127.0,0
78.57,0.711,21.08,0.82,3.599,31.15,6279.9,1.79,0.008,13.85,192.8,11.84,14.728,123.8,0
75.79,0.406,21.4,1.75,3.385,30.95,6216.4,1.69,0.1087,15.93,176.4,12.12,14.922,118.5,0
77.03,0.862,21.75,0.05,3.522,31.55,5872.4,2.96,0.0081,14.78,173.9,13.12,15.11,119.6,0
77.77,0.843,20.65,0.06,3.559,30.88,5600.3,1.05,0.0651,14.75,179.9,13.45,14.629,112.4,0
76.59,1.362,21.86,0.02,3.552,31.08,5759.1,3.05,0.0736,15.4,189.9,12.52,14.718,121.9,0
79.89,0.044,22.02,0.23,3.613,28.87,6084.2,2.47,0.1553,13.45,161.6,10.64,14.817,108.0,1
77.02,1.868,22.15,0.01,3.509,32.51,5814.5,2.57,0.0154,15.02,175.4,11.93,15.315,125.5,0
79.61,1.366,22.22,0.38,3.538,31.63,6165.5,3.53,0.1003,14.77,180.6,12.85,15.06,127.0,0
76.77,1.234,23.24,0.06,3.494,29.94,6052.3,1.46,0.1128,14.67,183.1,13.15,14.815,112.1,0
79.08,0.453,21.89,1.03,3.54,29.54,5961.9,2.97,0.0095,14.99,183.5,10.99,15.234,113.0,0
80.78,1.173,22.16,0.36,3.517,30.56,5976.6,1.87,0.0027,15.53,182.1,11.24,15.133,119.5,0
77.07,0.782,21.12,0.16,3.552,31.04,6029.9,2.39,0.0451,14.53,182.4,11.67,14.81,120.9,0
77.62,0.33,22.22,0.39,3.517,28.17,6038.0,2.06,0.0546,14.83,181.6,12.11,15.007,120.9,0
77.86,1.087,21.5,0.21,3.576,27.74,5976.7,2.68,0.0005,15.58,185.6,11.89,15.115,113.5,0
77.7,0.291,21.71,0.27,3.43,29.56,6086.0,2.75,0.0115,14.43,189.3,13.55,14.69,111.2,0
79.7,1.065,21.66,1.08,3.455,30.96,6014.7,3.03,0.0561,15.52,186.8,13.32,15.122,108.7,0
79.52,0.75,23.23,0.17,3.47,33.48,6187.9,1.31,0.0203,14.14,189.8,12.31,15.039,119.8,0
80.18,1.245,21.07,0.57,3.511,28.94,6031.0,2.7,0.021,14.09,189.6,12.03,15.032,117.9,0
76.84,1.267,21.23,1.01,3.46,28.94,6141.5,2.29,0.0053,15.25,182.9,11.85,15.005,114.6,0
76.62,1.116,19.91,2.48,3.466,26.76,6255.5,4.04,0.0003,15.05,182.8,11.56,14.997,112.0,0
74.51,1.864,21.41,0.25,3.5,26.07,5641.9,3.13,0.0012,14.98,178.0,12.28,15.061,125.1,0
78.75,1.187,21.04,0.37,3.503,31.18,6172.6,2.02,0.0173,15.01,176.1,11.7,15.015,122.2,0
76.08,0.986,22.85,0.34,3.466,28.61,6040.7,3.42,0.0001,15.05,184.3,12.78,14.992,118.1,0
77.04,1.382,22.0,0.19,3.477,29.23,5905.0,2.7,0.038,14.97,190.5,12.79,15.101,120.7,0
76.81,1.003,23.43,0.09,3.488,30.52,5930.4,1.94,0.0355,14.39,177.2,12.32,14.434,117.6,0
76.77,0.515,22.47,1.21,3.471,29.08,5827.2,2.89,0.0069,16.24,153.8,11.62,14.742,123.6,0
78.99,1.724,22.25,0.22,3.491,33.0,6026.2,1.83,0.1387,15.07,193.5,13.05,14.86,118.3,0
77.63,1.928,22.21,0.68,3.566,32.32,5677.3,2.23,0.0237,14.6,164.6,13.12,15.264,126.7,0
78.03,0.621,22.91,0.32,3.572,30.81,5852.9,3.07,0.0572,14.88,189.9,12.45,14.868,127.8,1
80.99,1.165,20.41,0.98,3.616,30.7,5891.7,4.36,0.0407,14.71,196.6,13.44,14.806,123.6,0
77.53,1.225,22.55,0.44,3.465,28.21,5796.9,3.17,0.0488,14.98,175.0,12.3,15.001,115.6,0
78.3,1.208,23.27,1.46,3.483,28.49,5852.6,3.01,0.0202,15.6,189.7,12.36,14.732,126.6,0
74.99,1.268,21.29,0.16,3.472,28.03,6008.5,2.66,0.0938,14.41,173.8,12.34,14.786,118.4,0
78.48,0.812,21.94,0.9,3.483,30.6,6269.3,2.59,0.0489,14.81,180.5,12.53,14.914,117.0,0
78.94,1.013,22.29,0.09,3.465,30.26,5942.5,2.6,0.0255,14.42,188.5,11.93,14.935,122.2,0
80.67,1.325,21.87,0.61,3.483,32.57,6064.3,1.61,0.0313,15.26,176.1,12.66,14.51,122.4,0
76.97,1.173,21.94,0.09,3.509,31.63,5843.3,1.9,0.0595,15.03,177.5,13.47,15.175,113.9,0
79.78,1.318,22.84,0.33,3.432,30.23,6208.7,2.79,0.0563,14.76,177.3,11.95,14.818,120.4,0
76.03,0.791,22.15,0.7,3.496,28.95,5983.8,2.2,0.0318,15.3,189.4,12.63,14.723,112.5,0
76.54,0.847,21.56,0.93,3.604,31.2,5714.0,1.32,0.0268,15.35,180.6,12.03,14.838,127.3,0
76.01,1.045,22.48,1.03,3.542,30.43,5718.5,3.5,0.03,15.54,184.5,11.75,15.021,111.7,0
76.36,0.725,21.7,0.82,3.502,29.26,5667.3,0.59,0.0367,14.62,193.6,11.46,15.336,117.6,0
79.17,1.599,21.29,0.09,3.4,32.96,5749.9,2.85,0.0647,14.24,170.9,11.96,15.07,123.3,0
77.38,0.61,21.73,0.04,3.427,29.23,5892.2,2.43,0.0077,14.37,177.8,11.64,15.019,122.0,1
79.0,1.704,21.53,0.36,3.442,29.11,6216.4,4.08,0.0717,14.5,184.9,11.12,14.743,114.4,1
73.41,0.302,22.6,0.39,3.547,30.48,6064.0,1.79,0.0093,15.05,167.2,11.11,14.731,125.5,1
77.56,1.077,22.48,0.31,3.471,30.18,5842.2,2.19,0.043,14.64,186.8,12.77,15.412,117.7,0
76.38,1.643,23.21,0.1,3.522,28.34,5524.1,3.47,0.076,14.35,169.7,11.73,15.205,121.0,0
78.31,0.803,22.68,1.37,3.553,27.23,6169.9,3.68,0.0154,13.76,171.9,11.72,15.011,116.6,0
77.17,0.834,22.81,0.95,3.514,31.42,6026.5,3.08,0.0365,15.63,195.6,12.3,15.038,123.0,0
79.36,1.162,21.0,0.31,3.51,30.36,6038.1,1.19,0.0279,14.7,182.6,9.44,15.422,117.4,0
79.33,1.352,21.13,0.24,3.451,30.49,6072.3,3.12,0.0445,15.19,186.7,10.74,14.755,118.3,0
76.41,0.79,21.38,0.51,3.523,26.54,6230.5,3.76,0.0337,15.81,161.4,11.01,14.999,116.6,1
75.89,0.939,21.26,0.1,3.703,30.15,6054.0,4.22,0.0377,15.33,162.6,11.19,15.019,122.2,1
75.53,1.651,22.66,0.54,3.508,30.91,5921.0,3.07,0.0607,14.91,189.8,11.89,15.112,122.1,1
76.91,0.473,21.76,1.39,3.405,32.28,6009.4,3.19,0.0649,16.04,177.2,12.36,14.631,113.0,0
78.95,1.086,20.7,0.17,3.443,29.03,6337.9,2.78,0.0051,14.97,193.2,11.96,14.705,121.5,0
78.49,0.288,19.34,1.96,3.562,32.76,6333.3,0.98,0.0574,14.52,198.0,14.44,14.468,118.8,1
78.19,0.692,20.72,0.54,3.47,29.93,6053.1,3.29,0.0405,15.65,177.0,12.6,15.195,120.4,0
78.49,1.242,20.99,2.68,3.378,29.08,6043.5,0.93,0.0368,14.68,194.7,11.83,15.062,122.3,0
75.87,1.35,21.89,0.02,3.425,30.69,6015.1,2.41,0.0567,15.36,178.7,11.71,15.24,123.2,0
75.54,1.98,24.07,0.27,3.289,31.19,7114.4,3.75,0.0407,15.2,153.3,10.86,14.912,120.8,1
79.53,0.658,21.6,0.05,3.444,28.64,6178.8,1.98,0.0501,15.43,192.2,12.73,14.965,122.4,0
81.89,0.489,23.16,1.48,3.544,31.3,5909.2,0.26,0.0123,15.37,161.6,10.86,14.847,128.8,0
78.07,1.145,22.2,0.35,3.446,29.53,6011.6,3.3,0.0129,15.65,184.6,10.75,14.612,117.4,0
78.54,0.772,22.27,1.0,3.483,29.11,6155.7,1.09,0.0152,15.06,193.9,11.37,14.676,125.3,0
77.81,0.278,23.32,0.05,3.519,31.16,6034.8,2.53,0.0536,14.98,181.9,10.99,15.437,122.2,0
78.71,0.988,22.03,0.1,3.488,31.48,6036.0,2.78,0.0135,14.55,182.9,11.5,14.778,123.0,0
80.32,1.639,21.2,0.95,3.518,29.9,5987.4,2.71,0.0474,15.43,180.5,11.64,15.004,119.1,0
77.39,1.429,21.61,0.12,3.498,29.95,6146.4,2.01,0.0476,14.58,198.3,12.43,15.068,112.5,1
77.77,0.788,21.56,0.96,3.574,29.1,5977.2,2.82,0.0282,14.31,165.6,11.35,14.684,121.1,1
77.64,1.982,22.13,0.71,3.489,28.7,6429.1,1.69,0.0949,15.43,168.2,13.35,14.718,117.2,0
81.18,1.111,22.63,0.42,3.442,30.86,6178.7,2.61,0.0356,15.72,175.7,10.69,15.22,120.5,0
79.52,0.488,21.84,0.07,3.497,30.22,6315.8,2.03,0.1048,14.82,185.2,11.76,15.137,120.3,0
76.05,0.805,20.62,0.12,3.567,29.7,5934.9,2.6,0.0358,14.71,179.2,10.07,14.415,116.6,0
77.7,0.772,21.68,0.04,3.541,27.42,5960.1,3.52,0.0311,15.59,169.3,12.62,14.763,118.6,0
78.61,0.69,22.59,0.08,3.517,30.54,5883.3,1.17,0.0214,15.61,173.6,12.45,15.108,114.6,0
78.23,0.043,21.47,1.12,3.536,28.31,6092.9,1.56,0.042,15.92,172.2,12.69,15.097,126.1,0
76.62,1.346,22.78,1.49,3.47,28.53,6218.4,3.2,0.0678,15.01,182.9,11.22,15.018,117.7,0
78.25,1.209,21.18,0.83,3.505,28.95,5970.1,3.51,0.0285,15.09,179.8,12.28,15.119,120.8,0
77.07,1.278,21.88,0.19,3.566,30.77,6089.7,3.28,0.0111,15.18,197.4,12.36,14.969,125.5,0
77.94,2.222,21.57,0.07,3.53,30.76,6152.5,2.45,0.0291,15.6,180.9,12.89,14.771,118.1,0
73.72,0.942,24.21,0.53,3.581,31.28,6443.7,2.87,0.1206,14.42,209.1,10.57,14.948,128.6,1
81.01,1.817,22.19,0.15,3.5,30.99,6090.0,1.93,0.0026,14.7,174.8,11.54,15.135,126.9,1
78.84,1.539,21.74,0.24,3.554,30.32,5833.7,3.03,0.0182,14.85,186.2,12.21,15.39,125.8,0
79.15,0.771,22.82,0.29,3.37,31.21,5872.4,2.31,0.0416,14.78,206.9,12.06,14.671,118.9,1
78.36,1.409,23.32,1.87,3.484,28.07,6072.9,3.84,0.0488,15.85,185.3,12.65,14.462,126.8,0
80.22,1.257,21.88,0.06,3.541,29.26,5933.7,2.18,0.0289,15.23,176.9,12.1,14.766,120.1,0
78.44,0.366,22.28,0.53,3.538,30.94,6408.7,3.6,0.1028,15.09,175.4,12.76,14.826,118.6,1
79.93,0.76,23.07,0.45,3.498,28.44,5987.1,2.52,0.0321,14.86,184.5,11.44,15.04,120.4,0
78.78,0.641,20.79,0.17,3.519,28.69,5722.9,1.4,0.0353,15.0,192.6,12.84,15.018,119.1,1
79.36,1.168,21.7,0.09,3.5,29.18,5862.0,3.97,0.0188,15.83,184.3,12.54,14.983,113.2,1
78.48,1.078,22.88,0.34,3.54,29.19,6231.6,0.55,0.0553,14.26,184.4,12.42,14.659,116.8,0
77.95,2.279,21.92,0.86,3.484,31.12,6120.9,3.49,0.0225,14.53,181.4,9.36,15.186,132.0,0
78.3,1.312,21.61,0.02,3.515,27.88,6286.4,0.75,0.0698,15.15,176.3,11.37,15.069,116.1,0
78.81,1.897,23.25,0.21,3.529,31.8,5706.2,2.45,0.0171,15.03,172.6,11.11,15.717,117.1,0
79.25,0.998,21.5,2.58,3.383,26.25,5674.6,0.29,0.0141,14.79,157.4,12.02,14.695,116.1,1
78.45,0.754,21.95,0.25,3.466,29.39,6107.0,0.54,0.0521,15.74,181.1,11.89,15.186,112.2,0
78.41,0.826,22.66,0.62,3.508,31.57,5627.1,1.61,0.0194,14.79,188.4,11.95,15.227,116.2,0
77.08,0.874,22.1,0.46,3.536,31.01,5999.0,0.46,0.0334,15.75,192.8,12.27,15.449,122.8,1
76.33,0.646,22.09,0.58,3.547,29.89,6028.8,3.36,0.0161,14.76,177.5,12.13,15.165,116.6,0
78.77,0.911,21.63,0.6,3.401,31.22,5833.8,2.96,0.0178,15.1,176.3,11.48,14.638,120.5,0
76.63,1.256,21.64,0.21,3.562,29.26,5718.9,3.11,0.0487,15.38,185.7,12.43,15.285,118.2,0
82.25,0.111,22.81,0.89,3.512,29.45,6150.2,3.61,0.0658,15.41,194.0,11.49,14.931,116.6,0
79.52,0.088,20.74,0.17,3.518,30.78,5860.1,2.57,0.0231,14.7,161.1,12.23,14.942,117.8,0
76.78,0.869,22.78,0.2,3.458,30.82,6032.4,3.14,0.0078,15.21,176.7,12.04,14.574,124.2,0
76.66,0.978,21.54,0.07,3.508,33.32,5682.8,2.82,0.0939,14.67,192.1,13.59,14.755,116.4,0
78.22,0.861,21.98,1.07,3.435,28.78,6016.4,2.45,0.0011,15.18,195.6,11.66,14.806,114.5,0
78.04,0.409,23.96,0.45,3.355,28.75,6354.7,3.83,0.0393,14.5,195.8,10.73,15.839,126.0,0
77.11,0.841,21.0,0.44,3.445,30.4,5699.5,2.37,0.0263,15.13,180.0,12.93,15.325,118.9,0
80.46,0.928,20.59,0.36,3.55,30.65,5729.8,4.84,0.0081,14.01,193.6,11.34,15.029,113.1,1
79.63,1.475,23.37,0.6,3.488,28.89,5963.8,4.5,0.008,15.37,172.3,12.41,15.022,117.8,0
78.16,0.299,21.94,0.08,3.592,29.19,6452.3,0.68,0.0646,15.0,175.1,12.06,15.102,128.4,1
80.21,1.401,20.96,0.22,3.487,26.79,5890.4,2.58,0.0274,14.91,181.7,11.64,14.895,108.4,0
80.66,0.822,21.67,0.24,3.529,25.56,6212.2,3.44,0.0807,13.82,175.5,11.22,15.238,120.5,0
78.74,1.535,22.97,0.01,3.493,27.76,5953.2,4.04,0.012,14.91,163.9,13.07,15.264,122.3,0
77.31,1.046,22.22,0.74,3.471,30.66,6164.8,2.52,0.0235,15.2,190.1,11.78,14.974,119.6,1
81.2,1.473,21.3,1.52,3.57,28.19,5970.9,1.01,0.1978,13.72,181.9,10.15,14.936,107.1,0
74.85,0.423,22.48,0.51,3.505,32.36,5875.9,3.98,0.0314,13.8,195.2,12.42,15.207,123.0,0
74.32,1.337,23.31,1.17,3.542,30.53,6244.2,3.79,0.0651,15.26,184.9,11.93,14.444,113.4,1
78.49,1.17,22.19,0.88,3.618,29.72,6063.3,2.35,0.0079,14.48,184.8,12.49,15.15,120.9,0
79.22,1.463,22.52,0.82,3.584,31.86,6018.4,1.24,0.1107,14.57,209.6,10.92,14.734,118.7,0
78.52,1.507,22.11,0.26,3.454,29.66,6075.4,1.63,0.0232,15.14,195.8,11.95,14.839,117.3,0
80.04,1.1,22.01,0.6,3.459,29.59,5980.6,2.37,0.0457,14.3,176.3,11.85,15.144,124.8,1
77.81,1.135,21.62,0.84,3.564,28.19,6339.0,2.96,0.018,15.47,188.4,11.33,15.269,126.9,0
79.01,1.432,22.0,0.17,3.496,31.17,6008.5,0.47,0.0299,15.43,170.6,11.18,15.101,115.2,0
78.71,1.457,23.42,1.65,3.55,31.54,5991.9,4.26,0.0255,15.26,186.6,12.33,15.126,120.5,0
80.81,1.301,21.75,0.09,3.61,30.37,5804.1,3.25,0.0268,15.02,187.8,12.56,15.345,119.9,0
79.65,1.126,21.5,0.08,3.475,27.23,6004.9,2.76,0.07,14.77,173.8,12.43,15.111,120.7,0
78.61,2.588,20.39,0.09,3.538,32.03,5847.9,0.68,0.0053,14.71,181.3,12.19,14.794,120.6,0
77.6,1.147,22.25,0.09,3.612,28.8,5594.8,3.59,0.1456,15.57,170.7,13.64,14.669,113.4,0
77.71,0.803,22.42,0.05,3.462,28.94,6093.0,2.74,0.0434,15.3,191.8,12.16,15.226,123.0,0
81.6,1.789,19.78,0.33,3.508,29.77,6022.7,0.5,0.0177,15.24,176.9,11.67,14.78,119.2,0
76.1,1.498,22.91,0.58,3.504,30.33,5895.4,3.81,0.0766,13.51,198.7,13.23,14.941,117.3,0
80.06,1.182,22.42,0.04,3.492,31.39,6077.8,3.44,0.0633,15.09,188.2,12.88,15.571,122.0,0
77.23,0.49,21.86,1.52,3.546,32.39,6192.7,1.66,0.0083,14.77,172.5,11.27,14.953,117.6,0
78.43,1.1,22.23,0.1,3.523,31.75,6178.7,1.76,0.0122,15.45,170.2,11.9,14.899,119.1,0
74.98,1.921,20.16,0.27,3.521,31.51,6232.6,3.95,0.0233,14.7,187.3,11.14,14.782,127.2,0
76.25,0.985,23.0,0.35,3.529,32.23,6195.4,0.45,0.0537,15.84,195.2,11.57,14.821,106.2,1
76.3,0.393,23.22,1.08,3.491,30.66,5887.9,2.44,0.0282,15.2,174.1,12.83,14.484,118.5,0
80.51,1.793,21.47,0.28,3.525,29.64,6317.9,2.12,0.0054,15.0,191.0,12.08,15.033,119.4,0
77.55,1.805,23.0,1.24,3.569,29.16,5926.1,3.2,0.0858,14.84,168.3,11.34,14.709,123.3,0
79.16,1.275,22.92,0.13,3.491,28.03,6001.1,1.95,0.0162,15.0,187.1,10.47,15.053,124.3,0
74.85,0.551,23.28,1.02,3.585,31.94,6268.3,0.13,0.1017,14.59,178.6,13.0,14.746,110.8,1
76.44,0.608,21.28,0.13,3.58,29.54,6052.7,2.76,0.0018,14.65,179.4,11.81,15.25,120.3,0
76.67,1.616,22.52,0.05,3.49,27.04,6117.1,2.23,0.0349,14.79,193.3,12.6,14.487,123.6,1
79.82,0.67,21.58,0.51,3.543,31.21,5983.9,2.72,0.0466,15.24,173.0,11.84,15.149,117.2,0
78.35,1.525,21.42,0.57,3.508,29.94,6383.9,4.15,0.0576,15.06,170.0,11.85,14.973,125.5,0
79.93,1.193,21.81,0.61,3.563,30.53,6016.7,3.14,0.0866,15.42,190.2,11.43,15.405,119.7,0
77.58,0.842,22.1,0.97,3.478,28.16,5968.6,3.56,0.0055,16.09,179.2,12.64,14.707,126.8,0
78.11,0.663,22.15,0.67,3.465,28.95,5996.9,2.4,0.0189,14.39,170.4,10.59,15.362,113.5,0
76.16,2.313,21.34,0.63,3.45,27.09,6184.1,2.75,0.0477,15.62,185.0,12.81,15.391,112.5,0
76.81,0.097,21.98,0.35,3.515,31.22,6157.6,1.18,0.0397,14.74,187.2,11.73,14.951,125.3,0
80.1,1.66,21.17,0.02,3.454,31.88,6143.4,2.37,0.0186,14.65,191.6,12.41,14.761,115.4,0
78.04,0.686,21.81,0.12,3.623,28.82,6345.9,3.9,0.0877,13.83,176.0,11.25,15.278,125.2,1
77.3,1.653,21.42,0.73,3.429,29.32,6212.9,3.37,0.0019,15.07,194.2,11.0,15.18,120.7,0
81.28,0.891,23.14,0.51,3.57,26.92,5669.5,2.15,0.045,14.78,180.9,11.94,15.328,119.2,1
77.45,1.134,21.53,0.47,3.453,32.23,5925.6,4.21,0.0438,14.3,183.2,11.16,14.703,113.5,0
78.23,1.027,21.0,0.04,3.525,28.02,6239.6,3.42,0.0486,15.25,190.5,11.65,14.917,121.4,0
79.92,0.625,23.4,0.43,3.518,31.28,5923.2,4.78,0.1009,15.3,185.1,10.31,15.059,122.9,0
77.05,1.226,22.76,0.86,3.449,29.98,6131.4,2.47,0.0205,15.06,184.1,11.19,15.071,120.7,0
71.52,2.705,22.79,2.19,3.506,29.32,6454.0,1.05,0.0041,14.69,189.6,10.7,14.92,111.6,1
77.79,1.475,22.99,0.32,3.535,32.43,5857.8,2.78,0.0417,13.99,180.2,11.31,14.891,115.6,0
77.34,1.664,22.33,1.28,3.489,31.42,6031.2,2.6,0.011,15.04,178.4,12.5,14.89,122.4,0
77.94,0.897,21.99,0.1,3.491,31.58,5708.6,3.08,0.0675,14.94,190.9,10.76,14.825,121.3,0
80.16,1.011,22.07,0.86,3.61,29.2,5985.0,1.66,0.0503,15.04,182.0,12.15,15.156,119.3,0
78.3,1.099,21.59,0.0,3.503,31.46,5994.7,3.9,0.1099,14.69,188.1,12.07,14.875,122.1,0
78.06,1.215,22.86,0.83,3.518,30.53,5536.5,2.35,0.0034,15.46,187.2,12.11,14.693,119.8,0
78.75,0.786,21.73,0.23,3.511,31.01,5877.9,1.93,0.0351,14.78,183.4,11.65,15.174,118.8,0
77.49,0.627,21.92,0.47,3.5,30.97,6127.2,3.3,0.0424,15.08,167.6,13.09,14.608,121.4,0
80.82,0.5,21.25,0.0,3.571,27.79,6175.5,2.19,0.0115,14.51,183.1,12.51,14.875,118.2,0
78.88,0.145,22.7,0.05,3.478,28.95,5784.6,0.28,0.0944,14.96,169.2,12.24,15.141,112.2,0
77.61,0.32,21.89,0.46,3.502,28.86,5671.7,2.34,0.0059,14.77,168.2,10.95,15.218,110.0,0
79.07,0.865,21.89,1.37,3.528,26.43,5952.2,0.91,0.0307,15.62,193.9,11.54,14.936,120.8,0
78.45,2.354,21.0,0.15,3.481,30.11,6343.4,2.09,0.0001,15.24,174.0,12.06,14.894,120.2,0
77.12,0.967,21.64,0.12,3.561,30.61,5965.9,3.22,0.0204,15.66,175.3,12.15,14.695,115.3,0
77.33,1.284,19.98,1.09,3.552,27.2,6206.7,1.33,0.003,16.36,175.4,13.24,14.768,119.1,0
79.4,1.115,22.38,0.9,3.404,30.84,6206.1,2.22,0.0064,16.13,172.3,12.98,15.059,117.7,0
76.71,1.199,22.49,0.28,3.489,28.86,6103.7,2.62,0.0738,15.11,171.1,12.53,15.133,116.7,0
80.37,1.311,22.46,0.85,3.474,29.64,5748.1,2.68,0.0481,14.83,205.9,11.68,14.726,123.1,1
77.8,0.962,22.85,0.12,3.544,31.87,5735.0,3.31,0.0519,15.41,174.0,11.55,15.466,118.5,1
78.12,1.312,22.93,0.04,3.517,33.27,6342.4,1.82,0.0294,15.15,176.1,12.36,14.891,118.1,0
76.91,0.871,21.26,0.47,3.553,32.9,6311.1,3.27,0.0624,16.34,189.5,11.1,15.145,115.0,1
81.2,1.011,20.94,0.79,3.465,30.36,6256.4,0.99,0.0655,14.86,169.0,12.68,14.653,117.6,0
80.28,1.146,23.52,0.24,3.538,27.87,5813.9,3.19,0.0382,16.2,178.6,11.88,14.902,123.3,1
77.52,0.729,20.56,1.08,3.512,30.2,6090.0,0.95,0.0012,13.54,171.4,12.73,14.6,122.1,0
77.24,1.16,21.59,0.77,3.578,29.23,6156.3,2.35,0.0602,15.2,165.8,11.96,14.792,116.8,0
72.21,1.79,20.6,3.21,3.719,30.61,6558.0,2.5,0.0719,13.98,182.0,14.86,15.521,126.7,0
77.12,0.335,23.23,0.08,3.429,28.35,5910.7,0.64,0.0924,14.68,176.6,10.62,15.54,115.4,0
79.38,0.652,21.79,0.02,3.417,28.49,6030.5,1.26,0.044,14.93,189.5,12.32,14.526,122.8,0
78.89,1.465,21.12,0.53,3.592,29.27,6141.0,2.67,0.0059,14.52,173.0,12.27,15.232,117.5,0
76.72,1.461,22.64,0.08,3.492,30.71,6153.2,1.71,0.0335,15.25,183.6,13.13,14.965,125.0,0
79.49,0.664,21.61,0.38,3.515,31.63,6080.8,3.39,0.0059,14.68,187.6,12.62,15.033,119.6,0
76.83,1.426,22.87,0.42,3.504,30.91,6044.0,1.34,0.0753,15.3,199.9,13.3,14.851,114.6,0
75.66,0.61,21.73,0.39,3.545,31.16,5949.4,1.21,0.0123,14.64,178.0,12.17,15.014,117.8,1
78.65,1.119,22.24,1.04,3.473,30.51,6139.4,2.49,0.0235,14.84,177.2,11.32,14.584,119.8,1
74.05,1.529,21.4,0.09,3.423,31.19,5753.7,5.3,0.0822,14.55,194.8,11.56,14.863,119.1,1
79.63,0.393,23.19,0.14,3.498,29.46,5863.4,0.62,0.0074,16.34,181.6,10.88,14.826,118.1,0
78.15,0.231,19.1,2.64,3.659,31.91,5675.5,0.46,0.1265,16.07,196.3,11.52,15.363,122.2,0
77.81,1.454,21.69,0.43,3.481,29.99,5992.3,4.73,0.0897,14.68,172.6,12.26,15.027,118.7,0
80.16,0.437,23.41,1.02,3.461,31.24,6290.0,1.46,0.0072,17.07,185.3,12.83,14.655,119.2,1
75.24,1.033,23.37,1.75,3.53,28.28,6067.4,2.82,0.0629,15.92,185.1,11.23,14.947,117.0,0
78.45,1.591,21.72,1.3,3.592,33.88,6351.5,5.28,0.1068,15.21,167.1,10.3,15.013,119.3,0
79.44,0.158,21.78,0.26,3.476,29.71,5800.5,1.85,0.0892,15.2,177.4,11.87,15.29,122.7,0
79.83,1.5,20.98,0.76,3.491,27.32,5943.0,1.1,0.0165,15.35,181.7,12.96,14.728,121.2,0
77.52,1.105,21.36,0.28,3.582,28.42,6216.8,2.76,0.0296,14.68,181.9,12.04,15.106,113.9,0
77.27,1.363,22.0,1.13,3.439,31.78,5970.2,2.95,0.0579,14.54,182.2,11.84,15.47,119.8,1
80.73,1.51,21.04,0.61,3.462,29.61,6236.2,2.81,0.0123,14.33,169.6,11.76,14.758,124.2,0
78.17,0.873,22.11,0.05,3.589,31.2,6002.7,2.59,0.0302,14.61,190.4,13.2,15.271,125.4,0
78.87,0.477,22.65,0.21,3.554,31.29,5747.7,1.71,0.0076,14.17,184.6,12.17,15.231,119.3,0
76.54,0.914,21.7,0.39,3.482,32.01,5919.2,2.31,0.0448,15.33,184.3,11.67,14.741,115.6,0
78.54,1.395,21.21,0.13,3.473,30.14,5886.2,2.0,0.045,14.65,174.5,12.11,14.999,121.3,0
78.74,0.512,22.12,0.84,3.423,30.73,6227.3,2.13,0.0125,15.2,181.0,10.81,15.163,118.7,1
77.34,1.103,22.91,0.87,3.485,28.97,6370.8,3.05,0.03,15.14,183.6,11.41,14.934,120.6,0
76.86,1.605,20.27,0.6,3.489,26.42,5742.6,3.6,0.0149,14.49,194.9,11.25,14.747,132.2,0
77.83,1.768,21.48,0.78,3.525,29.03,5675.9,3.25,0.0401,15.21,184.5,12.74,14.669,122.6,1
77.94,0.964,22.08,0.93,3.417,29.37,5998.8,2.59,0.0117,14.48,190.1,12.58,15.137,124.6,1
78.77,0.741,22.33,0.27,3.476,29.4,5959.1,3.16,0.0248,15.16,180.5,12.17,15.254,121.1,0
76.05,1.367,22.08,0.84,3.441,30.99,6178.1,2.15,0.1012,15.12,180.5,11.61,14.854,122.6,1
77.58,1.416,21.11,0.49,3.535,28.61,6089.9,2.74,0.0107,14.93,182.2,12.23,14.988,120.7,0
78.84,0.828,22.21,0.29,3.513,26.18,6126.1,2.24,0.0012,14.58,190.0,11.55,14.949,121.3,0
78.08,0.857,21.57,1.25,3.519,31.29,5845.3,2.33,0.0929,14.5,191.6,11.91,15.007,114.2,0
77.96,0.78,20.62,1.19,3.625,26.72,5692.3,2.16,0.0248,15.3,180.0,10.89,15.071,121.7,0
78.97,1.188,21.9,0.85,3.483,30.01,6000.7,1.32,0.0913,15.67,204.1,13.09,15.023,120.0,0
78.38,1.533,22.2,0.24,3.43,29.62,5886.6,3.56,0.0662,15.88,156.8,12.2,15.371,117.8,0
78.03,1.589,22.16,0.53,3.477,28.99,5720.3,3.6,0.0433,15.48,186.8,11.77,15.037,119.3,0
75.82,0.449,22.5,0.02,3.54,32.44,5965.3,2.54,0.0268,15.28,187.5,11.13,15.254,113.6,0
79.76,0.603,22.03,0.38,3.471,28.78,6023.2,3.0,0.0155,15.11,177.3,12.48,15.173,113.5,0
77.94,0.947,21.98,2.0,3.344,34.59,5556.7,3.21,0.0286,15.19,178.9,9.9,15.383,122.2,0
79.91,0.785,21.11,0.39,3.517,29.77,5972.0,1.86,0.0093,15.8,181.0,12.43,15.014,125.2,0
76.89,1.36,21.83,0.29,3.574,28.95,5845.2,1.09,0.056,15.02,179.5,11.96,15.099,118.3,0
77.2,1.812,22.51,0.62,3.476,30.1,5975.8,1.13,0.0173,15.39,174.0,11.9,14.945,113.9,0
77.02,1.04,22.4,0.25,3.428,33.15,6130.2,2.13,0.0182,14.83,180.7,11.08,15.066,113.6,0
77.14,1.458,22.19,0.64,3.45,30.96,5810.3,2.5,0.0018,14.77,176.7,11.64,14.971,125.7,0
77.89,1.742,22.57,0.1,3.565,31.41,6108.7,1.52,0.0735,14.68,185.1,12.94,15.149,116.1,0
78.84,1.248,21.65,0.69,3.419,27.95,6012.3,1.78,0.1165,14.86,179.6,11.92,15.32,118.4,0
75.49,0.843,22.07,0.64,3.465,28.48,5975.1,1.86,0.0401,15.19,190.3,11.18,15.066,116.1,0
75.77,1.201,23.02,0.15,3.465,29.99,6256.4,2.99,0.0294,15.29,189.8,11.91,15.019,119.6,0
79.21,0.816,23.35,0.15,3.533,31.25,6033.3,2.59,0.0496,14.74,187.8,11.47,14.875,112.6,1
77.54,1.199,21.83,1.27,3.505,30.58,6252.2,2.75,0.0571,14.71,180.3,12.34,15.157,120.4,0
81.47,0.779,22.57,0.16,3.6,33.24,5924.4,2.49,0.0155,14.52,189.5,12.31,14.992,128.8,0
79.84,1.173,21.69,1.38,3.561,30.73,6383.7,0.58,0.0942,15.18,167.9,12.18,15.145,123.3,1
76.68,0.921,21.6,0.18,3.53,30.76,5615.9,2.24,0.0195,15.82,181.9,12.33,14.936,127.2,0
79.15,0.468,21.3,0.64,3.513,29.0,6157.5,1.6,0.0541,14.97,170.6,12.57,14.998,122.1,0
80.36,1.336,21.22,1.26,3.516,30.66,6122.2,3.18,0.0469,14.83,177.4,12.56,15.114,122.9,0
76.03,0.717,22.61,1.45,3.508,29.55,6152.4,2.96,0.0125,14.94,182.7,12.53,14.759,127.6,1
80.9,0.066,21.65,0.09,3.451,29.25,6061.0,3.11,0.0223,15.5,175.7,12.78,14.9,120.5,0
81.34,0.6,20.62,0.98,3.525,28.98,5881.3,1.62,0.0336,14.62,196.3,11.78,15.022,119.4,0
79.08,1.126,21.59,0.45,3.387,29.22,5874.6,2.8,0.1058,14.93,177.6,11.67,15.407,116.6,0
76.53,1.132,20.63,0.08,3.463,32.81,6290.6,2.91,0.0065,15.26,175.6,12.91,14.787,119.3,0
77.87,0.821,21.17,0.42,3.529,29.91,5855.2,3.42,0.0166,14.73,185.1,12.65,14.74,124.3,0
77.4,0.721,22.18,0.9,3.538,27.51,6185.9,1.97,0.0143,15.3,173.5,10.65,15.124,112.7,0
77.94,0.642,21.6,0.14,3.516,29.77,6290.1,2.67,0.0231,15.17,177.3,11.04,14.806,121.9,0
79.33,1.372,21.45,0.51,3.476,30.49,6029.5,2.62,0.0028,14.59,177.9,12.0,15.094,122.2,0
78.98,0.432,23.65,0.1,3.528,29.74,5932.3,1.73,0.0363,15.12,178.3,11.97,15.357,121.2,0
77.68,1.029,22.43,0.95,3.545,29.19,6047.0,1.77,0.0238,14.94,178.7,12.71,14.777,119.0,1
75.83,1.416,21.58,0.5,3.497,30.44,5501.0,1.99,0.0607,16.19,174.2,12.91,14.727,117.5,0
77.9,1.278,21.31,0.58,3.458,23.17,5861.5,0.04,0.0272,14.41,197.6,12.02,15.441,118.2,0
78.61,1.023,21.66,0.99,3.613,31.06,6216.3,4.35,0.0332,15.45,180.7,11.03,14.555,131.2,1
78.41,1.294,21.29,0.14,3.437,30.91,6019.8,1.69,0.0033,15.13,175.1,11.41,14.776,121.6,0
77.33,0.863,21.36,0.2,3.497,31.57,5905.5,2.69,0.0451,15.43,165.6,11.43,14.644,119.2,0
76.76,0.454,22.91,0.35,3.463,31.0,5939.0,3.5,0.0029,15.12,184.8,12.06,14.87,128.1,0
76.64,1.079,21.72,0.48,3.551,30.35,6105.1,3.63,0.0657,14.21,170.9,11.29,15.378,124.9,0
78.2,1.265,21.56,0.35,3.507,28.63,5796.6,2.32,0.0436,14.26,178.8,13.75,15.231,122.5,0
76.13,0.3,21.67,0.5,3.492,29.18,5948.5,3.93,0.0007,15.02,179.2,12.37,14.952,128.7,1
78.53,1.801,22.72,1.49,3.589,28.02,6040.7,2.84,0.0334,15.01,168.1,11.96,15.094,122.5,0
78.49,0.382,21.94,0.6,3.595,29.7,5944.4,2.45,0.0588,15.6,179.6,11.65,14.676,119.1,0
79.5,0.701,22.21,0.14,3.56,30.18,6223.2,2.7,0.0068,14.65,200.4,11.65,15.312,119.4,1
77.33,0.885,20.86,0.48,3.52,29.55,6047.3,3.33,0.0193,14.38,180.5,12.66,14.961,122.4,0
77.74,0.396,21.34,0.04,3.49,29.94,6354.9,2.2,0.0567,14.65,194.1,11.62,14.72,120.6,0
79.22,1.053,21.05,0.05,3.566,32.86,5987.8,2.91,0.0505,14.07,182.7,10.77,14.985,120.5,0
77.31,1.794,22.35,0.42,3.474,29.1,5985.0,3.0,0.0132,14.93,191.6,11.36,14.834,119.4,0
81.97,0.969,22.72,1.36,3.668,35.93,5772.9,3.06,0.1464,14.1,199.2,13.49,14.798,135.0,1
77.71,1.433,21.63,0.87,3.487,31.34,5848.9,3.25,0.0565,15.29,199.0,12.11,14.738,124.1,0
76.49,1.621,21.04,0.43,3.448,30.99,5949.4,1.94,0.0263,15.5,171.8,11.34,14.988,117.3,0
75.13,0.464,22.23,0.31,3.602,29.37,6169.8,2.96,0.0418,15.04,175.8,12.24,14.874,122.3,0
79.21,0.538,21.31,1.4,3.471,31.62,6166.6,3.02,0.0367,15.49,177.0,11.79,14.767,127.3,0
77.54,1.732,22.81,0.4,3.519,31.54,6288.0,2.38,0.0179,14.73,186.4,11.52,15.105,108.9,0
77.73,0.535,22.16,1.28,3.464,28.71,5889.9,2.12,0.0164,14.35,174.4,11.68,14.958,113.4,0
76.58,1.145,22.62,0.31,3.489,30.85,5972.5,2.75,0.0297,14.5,182.3,11.46,14.671,111.7,0
77.81,1.101,23.22,0.26,3.36,31.0,5871.6,4.07,0.0527,14.46,184.0,11.46,14.719,123.1,1
76.58,1.074,22.44,0.53,3.51,28.61,5924.2,3.06,0.0033,15.91,183.5,11.61,14.932,121.8,0
75.79,1.564,21.27,1.17,3.62,30.12,5611.5,2.74,0.0137,14.71,164.8,12.45,14.87,123.4,1
79.64,0.671,21.86,0.73,3.519,29.89,5517.8,2.01,0.0782,15.92,175.8,13.32,15.016,109.8,0
78.49,1.793,20.47,1.27,3.641,27.56,5866.1,1.77,0.038,15.82,177.2,11.7,14.504,122.0,1
77.49,1.09,21.63,0.41,3.546,30.58,6109.4,2.87,0.0311,14.87,189.4,12.61,15.397,113.8,1
75.96,0.8,21.5,0.05,3.562,31.37,6063.0,3.95,0.0092,15.55,179.1,11.63,14.885,123.8,0
82.04,0.337,22.37,0.02,3.535,31.35,5821.8,2.64,0.0796,14.36,178.1,11.12,15.137,122.1,1
81.27,0.977,21.97,0.17,3.477,29.01,5702.0,2.04,0.0033,15.77,183.2,13.42,15.312,121.6,0
76.84,0.029,22.01,0.16,3.56,30.46,5819.5,1.4,0.0684,13.85,170.8,12.51,15.133,114.5,0
74.14,0.506,21.29,1.75,3.465,29.19,6159.5,2.89,0.0353,15.09,173.2,12.81,15.182,121.3,0
77.57,1.696,22.12,0.92,3.499,28.93,5656.7,0.87,0.0113,14.42,176.8,11.85,14.87,124.6,0
77.49,1.977,21.81,0.04,3.508,29.13,5755.4,1.63,0.0103,15.31,183.3,12.26,15.362,120.0,0
78.23,0.143,23.61,0.09,3.503,30.64,5741.8,3.63,0.0224,14.92,164.6,11.41,15.018,121.0,0
76.03,0.659,20.89,0.52,3.572,29.47,5819.4,5.31,0.0058,15.78,151.4,11.8,15.139,123.5,1
78.51,1.617,21.79,0.51,3.477,28.44,5670.1,3.62,0.0296,14.08,177.7,12.71,14.815,110.9,0
78.35,0.571,22.71,0.25,3.417,30.02,5994.5,0.82,0.0294,15.46,184.2,11.1,14.663,123.3,1
75.15,1.965,21.99,0.21,3.492,32.32,5759.3,2.69,0.0961,14.87,175.4,12.24,15.241,122.3,0
77.79,0.788,21.96,0.19,3.519,28.51,6195.2,2.25,0.045,15.13,184.6,12.08,15.195,118.5,0
81.77,1.435,21.22,0.28,3.488,30.64,5705.7,3.23,0.0302,14.69,178.2,12.15,15.413,119.2,0
77.67,1.033,21.36,0.57,3.488,29.72,6068.2,2.82,0.0695,14.86,169.7,12.39,14.786,124.8,1
74.79,1.768,21.59,4.3,3.544,30.5,5997.8,3.48,0.1393,16.9,166.1,11.92,15.058,113.6,0
77.92,0.803,22.89,0.29,3.525,32.48,5906.7,1.76,0.0503,15.09,167.8,12.96,14.28,114.0,0
79.73,0.554,21.32,0.55,3.438,30.36,5772.0,2.94,0.0327,14.64,177.1,12.14,15.061,113.3,0
83.6,0.577,20.0,0.41,3.41,33.06,6642.7,1.42,0.0479,13.92,169.9,10.02,14.731,127.2,0
78.83,0.969,21.95,0.2,3.488,29.57,6673.1,3.26,0.0602,13.72,181.6,12.32,14.441,116.3,0
76.0,1.0,21.64,0.39,3.453,29.09,5790.4,3.81,0.0116,15.18,177.3,12.99,14.919,118.3,0
78.22,0.959,22.24,0.73,3.466,29.12,6026.5,1.09,0.0139,14.97,179.4,12.47,15.113,120.6,0
78.18,0.999,22.58,0.25,3.491,29.4,5729.4,1.34,0.0085,15.21,180.1,12.19,15.162,124.0,0
77.17,0.857,22.31,0.04,3.522,30.88,5930.1,2.06,0.0629,14.19,182.2,11.92,15.059,112.3,0
80.44,0.971,21.98,0.09,3.562,30.99,6076.3,2.34,0.0269,16.03,168.4,11.77,15.162,124.7,1
77.94,1.348,23.34,0.3,3.565,31.78,5986.4,2.75,0.0414,14.75,195.6,12.16,15.15,121.8,0
73.74,0.794,21.14,0.69,3.535,30.0,6026.8,0.57,0.0381,15.86,179.8,12.01,14.984,119.1,0
77.0,1.715,22.3,0.01,3.408,32.94,5700.1,2.35,0.0682,14.56,177.8,11.18,14.935,119.3,0
77.48,1.757,21.32,0.63,3.545,32.09,5987.0,3.25,0.0047,15.0,185.8,11.35,14.904,114.1,0
77.72,0.721,22.9,0.66,3.519,30.01,6051.5,2.76,0.0121,15.55,174.6,11.72,15.117,120.5,0
78.73,1.231,21.81,0.01,3.53,31.75,5882.8,1.93,0.0377,14.67,184.9,11.39,15.241,118.9,1
78.35,0.559,22.37,2.15,3.597,30.19,6363.2,1.42,0.1481,13.24,181.9,9.4,14.995,128.1,0
80.01,1.371,21.62,0.17,3.405,26.45,5780.4,3.62,0.1215,14.52,162.5,11.87,15.157,126.2,1
78.72,0.824,23.67,2.15,3.519,31.32,6108.8,2.58,0.0156,13.9,166.7,13.11,15.172,119.4,0
78.38,1.038,22.66,0.42,3.47,30.34,5792.5,3.32,0.0665,15.39,144.1,11.42,15.145,114.5,0
76.83,0.94,22.35,0.42,3.55,26.58,5803.0,2.3,0.0393,13.72,198.5,11.88,15.149,118.1,0
79.2,1.32,22.2,1.1,3.542,29.35,5826.9,4.33,0.0073,14.46,179.6,9.81,15.407,113.4,1
77.76,0.473,21.93,0.16,3.588,30.38,6177.4,0.03,0.0259,14.87,171.6,11.84,15.316,116.9,0
78.48,0.686,21.56,0.91,3.553,28.29,5922.9,4.24,0.1153,15.29,168.1,11.98,14.525,132.9,0
77.12,0.536,22.03,0.26,3.56,29.14,6209.0,3.4,0.0548,15.12,184.0,11.71,15.128,111.0,0
79.33,1.636,22.42,0.27,3.489,27.81,5898.4,1.91,0.0064,15.32,167.8,11.78,14.774,119.9,0
77.94,1.162,22.77,1.48,3.509,29.2,5880.9,2.67,0.0017,15.55,181.6,13.34,14.962,123.5,0
75.87,1.444,24.45,0.24,3.471,31.2,6021.9,1.51,0.0235,14.69,174.1,13.6,14.864,128.4,0
79.01,0.882,21.8,0.39,3.433,31.34,6152.8,1.53,0.0235,14.6,193.4,12.62,14.963,116.8,0
80.38,1.798,21.86,0.1,3.508,28.62,5886.0,1.82,0.0349,14.68,177.7,12.84,14.776,118.4,1
79.84,0.6,21.62,0.14,3.559,29.26,6356.8,3.1,0.0619,14.53,166.4,12.96,14.982,113.9,0
79.09,0.821,22.2,1.25,3.413,27.95,6589.1,2.3,0.0148,14.55,201.1,10.4,14.747,121.3,0
78.63,0.307,21.0,0.07,3.546,31.88,5596.5,1.19,0.0072,15.14,174.7,12.76,14.814,116.3,0
76.71,0.379,22.47,0.17,3.396,26.05,6223.9,1.72,0.0247,16.28,181.6,12.37,14.309,120.3,0
73.53,0.852,22.58,0.38,3.486,29.82,5871.7,2.41,0.0088,15.16,180.1,12.26,14.988,116.0,1
78.34,1.102,21.76,0.64,3.563,32.77,5713.5,1.81,0.069,15.79,173.7,11.72,15.18,124.4,0
79.83,0.717,22.52,0.14,3.575,27.97,6157.9,4.14,0.0215,15.35,193.3,12.13,15.313,120.3,1
77.19,1.685,20.83,0.73,3.533,26.75,5749.8,2.76,0.0882,15.12,179.3,13.09,15.791,116.7,0
79.92,0.535,23.41,0.95,3.467,30.7,6246.0,1.21,0.0993,15.48,182.9,12.24,14.706,125.0,0
77.59,1.287,22.81,0.01,3.526,33.63,5895.3,2.79,0.013,15.06,195.4,11.72,15.155,119.3,0
78.11,1.036,23.0,0.38,3.452,30.28,6060.0,2.5,0.0371,15.1,172.4,11.0,14.96,117.7,0
75.5,1.184,22.85,0.58,3.51,29.83,6112.3,2.76,0.0438,14.92,179.2,12.45,15.246,119.9,0
76.75,0.367,23.36,1.67,3.541,32.03,5765.1,4.18,0.0171,14.98,162.4,12.56,15.14,111.7,1
76.14,0.325,20.55,2.65,3.629,29.09,5846.6,5.03,0.0584,13.7,175.5,12.57,15.138,123.1,0
77.48,1.357,22.74,0.46,3.491,29.89,6226.1,1.93,0.0124,15.03,175.6,12.14,14.603,122.3,0
78.4,0.936,22.33,0.5,3.441,27.23,6344.1,3.87,0.0772,15.02,169.3,11.64,15.024,122.0,0
82.4,0.404,21.45,0.89,3.591,29.26,5478.9,5.1,0.0437,15.46,191.0,11.81,15.397,118.9,1
78.9,1.566,21.73,1.55,3.559,33.35,6076.0,2.5,0.0266,15.21,179.5,12.46,14.975,119.4,0
78.13,0.988,22.01,0.15,3.5,28.98,5907.2,3.81,0.0314,14.21,179.8,12.74,15.044,116.4,0
75.5,0.981,20.69,0.61,3.555,30.34,6038.0,3.23,0.0025,14.5,170.7,12.6,14.738,123.0,0
76.83,1.402,22.48,0.64,3.443,31.62,5819.4,0.89,0.0128,15.14,173.5,12.51,14.766,122.1,1
78.71,1.82,22.88,0.57,3.423,27.86,6026.2,2.37,0.026,15.17,172.4,12.55,15.145,125.3,1
77.57,0.669,21.71,0.11,3.603,29.68,5792.9,3.4,0.0256,14.86,183.5,12.16,15.285,122.2,0
79.18,1.012,21.38,0.8,3.473,31.11,6081.4,3.56,0.0132,15.22,188.3,10.91,15.118,121.9,0
79.27,0.976,22.03,0.15,3.468,30.91,6206.4,2.09,0.0018,14.79,172.8,11.04,14.869,119.6,1
78.29,0.925,23.03,0.08,3.526,30.55,6230.3,1.6,0.0412,15.34,185.0,11.52,14.95,117.2,0
77.1,0.802,21.46,0.4,3.499,31.48,5960.0,2.6,0.0008,14.65,193.3,11.88,14.918,124.8,0
78.61,1.107,23.01,0.31,3.523,30.71,6301.9,0.92,0.0021,15.02,172.1,11.85,14.99,120.3,1
71.35,1.081,23.55,1.51,3.499,32.6,6026.1,0.47,0.0871,14.25,198.5,13.48,15.019,117.3,1
78.98,0.451,22.44,0.32,3.558,30.39,5753.3,2.89,0.0798,14.45,175.8,11.94,15.063,125.1,0
79.44,0.059,21.55,0.28,3.473,30.01,6055.3,1.21,0.0676,14.73,174.7,11.56,15.036,127.1,0
79.21,1.552,21.53,0.51,3.514,29.06,6004.8,2.94,0.1326,14.69,164.8,12.89,15.14,118.9,0
81.59,1.598,22.31,0.02,3.611,28.15,6019.5,2.28,0.0499,15.34,183.4,11.14,14.973,124.7,0
78.66,1.252,22.06,0.1,3.481,30.6,6092.4,2.28,0.0069,14.21,177.2,11.4,15.167,123.0,0
77.85,1.024,21.5,0.32,3.535,30.82,5905.4,3.27,0.0157,14.48,177.8,13.0,14.813,120.7,0
75.61,1.255,21.03,0.06,3.475,29.64,6283.7,2.82,0.0321,14.24,177.3,11.38,14.858,121.2,0
80.24,0.067,21.45,0.38,3.493,30.51,6022.2,2.6,0.0429,14.64,174.0,13.55,14.671,114.3,0
76.12,1.407,21.82,0.34,3.503,29.98,5931.2,2.14,0.0764,14.86,175.1,13.53,14.908,123.4,0
77.19,1.409,22.14,0.12,3.595,28.49,6057.6,2.56,0.0464,14.84,170.1,11.86,14.969,120.5,0
76.95,1.186,21.14,0.43,3.508,30.75,5976.2,3.98,0.0257,15.06,172.4,11.64,14.907,117.0,1
78.86,0.866,21.99,0.09,3.596,29.4,5875.2,0.75,0.0581,14.07,185.9,10.42,14.872,120.6,0
77.73,0.764,21.31,2.07,3.484,29.97,5894.7,2.41,0.0437,16.02,178.7,12.99,15.452,117.8,0
77.58,1.355,21.25,0.43,3.523,29.44,5737.4,2.19,0.0654,15.4,182.2,11.47,15.427,121.0,0
78.88,1.585,21.19,0.12,3.512,29.41,6111.2,3.74,0.0664,14.63,189.0,11.75,15.414,120.6,0
78.96,0.821,22.21,0.04,3.53,29.9,5909.4,2.57,0.053,15.04,176.6,11.8,14.802,120.9,1
77.65,1.042,23.92,0.08,3.609,29.85,6063.2,1.42,0.0874,14.85,180.3,12.78,14.702,118.0,0
78.15,1.341,22.18,0.43,3.576,27.96,5677.8,2.4,0.0145,14.78,170.6,13.14,15.098,114.8,0
78.3,0.995,22.92,0.45,3.497,30.6,6106.0,0.96,0.0003,14.92,176.3,11.63,14.598,121.7,1
78.42,1.088,21.65,0.78,3.56,31.74,5871.1,2.65,0.044,14.81,180.7,11.41,14.601,120.6,0
79.0,0.91,22.23,0.55,3.471,31.38,6177.4,2.67,0.0056,15.26,174.1,12.44,15.076,128.1,0
78.02,0.271,22.4,0.38,3.508,28.41,5828.0,1.83,0.0385,15.46,185.3,12.08,15.159,118.8,1
78.6,0.545,21.75,0.31,3.541,27.03,5979.4,4.18,0.0474,15.7,161.6,11.59,15.104,125.1,0
77.29,1.384,21.72,0.98,3.316,31.03,5898.8,3.26,0.0153,14.7,187.2,12.73,15.58,124.0,0
78.36,1.744,21.48,0.21,3.461,29.33,6038.6,3.33,0.0274,14.62,169.6,10.83,15.288,123.5,1
77.21,0.55,21.18,0.25,3.496,30.0,6028.8,4.4,0.0389,14.96,187.2,12.86,15.114,118.1,0
76.03,0.149,21.06,0.52,3.397,32.17,5993.0,1.55,0.1489,15.58,173.7,10.49,14.582,120.1,0
79.35,0.938,22.25,0.1,3.519,28.89,5799.9,3.94,0.012,14.97,188.9,13.31,14.942,119.7,0
76.63,0.977,22.2,0.46,3.512,29.15,5930.5,2.14,0.0501,15.13,176.0,13.4,15.071,122.0,0
76.19,1.009,21.67,0.66,3.552,30.02,5864.9,1.86,0.0129,14.1,179.1,11.67,15.015,114.8,0
79.58,1.192,22.57,0.01,3.51,28.04,6156.5,1.31,0.0962,15.21,168.0,12.37,14.745,119.7,0
76.86,0.581,21.74,0.46,3.491,29.4,5960.5,3.16,0.0143,15.62,186.6,11.66,15.159,116.0,0
77.43,0.845,21.41,1.75,3.481,27.57,6222.6,2.69,0.1099,14.65,176.3,11.58,14.711,110.3,0
78.11,1.279,21.56,0.08,3.446,29.5,6011.3,2.37,0.0064,14.54,176.2,12.57,14.849,122.4,0
79.5,1.538,22.41,0.66,3.557,29.71,6284.6,2.01,0.0905,14.51,174.8,11.81,15.126,114.8,1
80.96,0.235,21.77,1.94,3.602,27.09,6339.9,2.25,0.0321,13.83,188.6,13.49,15.263,115.5,1
78.01,0.904,20.64,0.14,3.548,32.61,6361.7,3.41,0.0897,14.64,173.7,11.36,14.857,125.3,0
77.58,2.765,22.92,0.17,3.603,27.95,5443.3,6.21,0.1248,16.13,219.0,11.64,14.921,121.7,0
76.86,1.524,21.59,0.02,3.53,30.38,6037.0,2.88,0.0597,15.0,176.5,12.13,15.172,110.9,0
77.51,0.533,21.69,0.45,3.434,29.89,6084.1,2.58,0.0583,14.55,173.1,12.79,14.91,127.1,0
80.95,1.35,20.7,2.68,3.626,34.6,6133.5,2.63,0.0154,15.3,171.7,10.98,14.72,127.3,1
76.05,1.327,22.39,0.07,3.476,28.37,6137.9,2.17,0.0158,14.08,188.7,11.37,14.945,126.7,1
74.66,0.933,22.04,0.05,3.419,27.59,5725.3,0.51,0.0487,15.33,170.6,11.59,14.868,119.0,0
77.55,0.746,21.71,1.01,3.491,30.42,6035.7,2.61,0.0126,14.09,179.7,11.35,15.199,118.2,0
78.67,0.165,22.76,0.61,3.483,30.81,6303.9,2.74,0.0391,13.72,174.6,13.31,15.043,123.9,0
79.84,0.294,22.16,0.33,3.377,30.04,6101.1,3.14,0.0289,14.94,160.5,12.52,14.79,124.0,0
79.73,0.616,22.17,1.16,3.52,30.64,5987.8,0.68,0.0642,14.13,180.4,13.15,15.42,120.5,0
75.43,0.45,21.66,1.48,3.575,26.76,5983.6,3.1,0.0312,15.6,176.4,12.83,14.616,118.3,0
79.63,0.755,21.9,3.91,3.413,32.46,6195.3,0.69,0.0135,15.21,185.1,12.51,15.262,112.6,0
77.79,0.152,20.86,0.05,3.472,30.23,6017.6,2.1,0.0476,14.8,191.2,12.03,14.758,121.3,0
76.16,0.758,21.98,0.41,3.474,29.99,6205.2,2.7,0.0659,14.86,179.1,13.09,14.682,123.2,0
75.01,2.774,21.27,0.19,3.578,24.73,6160.4,2.2,0.0668,15.34,167.7,14.68,15.957,127.6,0
77.51,1.006,21.63,0.04,3.433,29.73,6268.4,0.43,0.006,15.0,180.2,12.53,14.537,125.0,1
77.07,0.941,21.35,0.19,3.529,29.22,5853.6,2.7,0.0012,15.0,189.5,12.03,14.836,123.9,0
77.39,1.979,22.32,0.43,3.394,28.64,6084.3,3.13,0.0065,15.59,192.0,12.73,15.353,113.4,0
79.25,0.058,21.53,0.44,3.464,30.35,6102.0,2.34,0.0478,14.7,181.2,12.43,15.424,122.7,1
80.75,1.365,21.43,0.08,3.49,31.67,5957.4,1.87,0.0641,15.14,175.4,11.55,15.153,127.0,0
77.67,1.627,22.18,0.36,3.508,29.81,5981.7,2.53,0.0777,14.21,178.4,12.56,14.944,122.4,1
78.52,1.682,21.11,0.01,3.469,27.94,5697.3,1.66,0.0363,14.81,185.1,12.52,14.91,124.2,0
76.21,1.332,21.64,0.07,3.487,32.37,5975.4,2.55,0.0049,15.12,192.3,12.77,15.097,119.0,0
79.16,0.856,20.79,0.19,3.388,26.39,5837.5,1.3,0.0116,14.73,178.0,13.93,15.129,121.1,0
77.58,0.995,21.56,0.44,3.55,31.77,6142.9,1.14,0.0786,14.81,174.5,11.28,14.838,115.8,0
79.69,1.636,21.77,0.51,3.463,28.97,6139.2,0.32,0.0213,14.2,170.7,11.99,15.081,123.9,1
79.49,1.819,22.31,0.21,3.454,33.68,6364.6,0.03,0.0177,14.1,176.1,11.22,15.195,131.8,0
77.16,0.172,23.38,0.22,3.512,31.15,6327.9,3.76,0.0125,14.51,203.2,11.43,14.924,118.6,0
76.68,0.772,21.04,0.01,3.535,28.47,6020.3,1.38,0.029,14.77,174.6,11.19,15.098,121.0,0
80.29,1.573,22.63,0.09,3.549,28.73,5905.8,2.31,0.0152,15.24,181.8,12.39,14.807,122.2,0
79.91,0.403,22.15,1.01,3.476,28.42,5865.8,4.62,0.0717,15.16,184.6,12.16,14.923,122.5,0
80.15,0.694,22.13,0.12,3.544,21.84,6017.5,4.24,0.0443,15.34,193.6,13.11,14.815,109.8,1
75.97,0.267,20.95,0.95,3.477,26.72,6118.0,2.62,0.0108,14.54,182.1,12.66,15.271,122.3,0
78.44,1.241,21.29,0.44,3.402,29.13,5839.6,1.82,0.0132,14.95,172.7,12.46,15.063,117.7,0
75.86,0.565,21.83,0.12,3.514,26.47,5952.7,1.11,0.0751,15.83,168.1,12.33,15.229,118.3,0
77.64,1.581,21.11,1.46,3.379,31.85,5360.9,3.17,0.0097,16.13,177.1,12.47,15.135,123.5,0
75.05,1.699,21.41,0.41,3.491,33.69,6068.0,0.25,0.0478,14.16,164.1,11.64,15.018,119.6,0
75.96,0.618,22.0,0.3,3.5,28.51,6370.0,0.38,0.024,15.02,214.0,13.62,15.028,125.4,0
76.8,0.93,21.91,1.47,3.507,30.01,6057.6,1.92,0.0227,14.66,189.2,13.34,14.991,121.0,0
80.93,1.294,23.39,0.3,3.463,28.96,5967.5,1.72,0.0112,14.91,174.5,11.11,15.335,119.4,0
75.45,0.871,22.31,0.16,3.461,30.33,6474.4,2.4,0.0165,15.07,167.0,11.91,14.98,122.1,1
78.72,0.903,22.22,0.7,3.438,30.18,5868.6,3.52,0.0302,15.1,188.8,13.1,15.014,127.5,1
76.26,0.183,20.82,0.03,3.511,31.34,5780.0,1.67,0.0449,14.76,194.4,12.86,15.049,119.5,1
79.49,1.209,22.9,0.1,3.498,29.3,5806.3,2.89,0.0221,14.63,179.7,12.7,15.245,119.9,0
80.18,2.081,22.21,0.48,3.602,30.67,5891.9,2.41,0.0036,15.78,172.3,12.15,15.01,114.5,1
77.4,0.689,22.95,0.0,3.584,30.11,6412.3,1.72,0.0178,15.3,199.8,11.55,14.82,122.9,0
79.28,2.853,20.66,0.16,3.551,30.14,5844.0,1.78,0.0442,14.33,174.0,11.99,14.871,126.9,1
78.12,0.968,20.87,1.05,3.519,28.09,5785.7,2.73,0.0714,14.19,174.1,12.79,14.725,117.8,0
79.63,1.406,23.06,0.44,3.465,28.69,5740.5,3.06,0.0016,15.67,176.1,13.42,15.107,108.2,0
79.49,0.833,23.26,1.22,3.444,30.68,5606.6,1.31,0.0013,15.58,175.4,13.13,15.353,118.3,1
78.62,1.071,21.19,0.33,3.481,29.82,5968.3,2.24,0.0002,14.36,175.3,12.0,14.694,120.3,0
76.9,1.414,22.46,1.09,3.427,29.08,5894.3,0.55,0.0065,14.48,176.5,11.79,15.142,118.9,1
78.27,1.061,21.33,0.78,3.47,30.73,6039.5,2.91,0.0165,15.2,164.4,11.57,15.047,119.0,0
76.29,1.341,20.54,3.04,3.445,25.81,5898.7,3.57,0.0127,15.4,174.3,12.61,15.026,120.3,0
80.32,0.602,21.54,0.7,3.501,34.16,6115.2,1.92,0.0275,14.73,187.1,10.26,15.04,124.2,0
75.03,0.711,21.54,1.52,3.528,30.34,5832.4,2.18,0.057,15.08,169.5,12.33,14.815,118.2,1
77.37,0.708,22.66,0.21,3.461,31.5,6230.5,1.45,0.0121,14.99,177.5,12.77,15.303,116.5,0
78.21,1.185,21.87,0.5,3.564,33.87,5909.3,3.08,0.0541,15.54,187.0,12.06,14.858,118.2,0
79.99,1.22,21.7,1.94,3.508,30.93,6264.9,2.87,0.0335,15.24,179.1,12.55,14.904,118.5,0
77.32,1.478,22.36,1.03,3.425,27.03,6071.9,4.14,0.0342,14.35,191.7,10.95,14.85,122.1,0
75.96,1.416,21.92,0.01,3.432,29.11,6202.0,3.4,0.0059,14.96,182.3,12.17,15.228,117.0,0
77.52,0.878,22.02,0.46,3.547,30.15,5853.0,2.25,0.0358,14.5,178.5,11.46,15.13,124.4,0
77.28,1.793,23.03,0.68,3.488,32.66,5948.3,1.86,0.0582,15.22,177.0,11.95,15.019,124.1,0
79.3,0.557,21.52,0.53,3.475,25.25,6186.8,4.11,0.0345,15.74,169.0,11.41,15.105,129.1,1
77.83,0.921,22.32,0.19,3.555,29.15,6389.6,3.06,0.0326,15.82,198.8,12.44,14.604,126.2,0
77.38,1.245,20.5,1.52,3.488,31.45,6328.1,2.61,0.0673,15.24,193.4,12.52,15.214,113.5,1
78.04,0.974,22.91,0.1,3.499,30.74,5974.2,3.25,0.0128,14.78,190.7,10.85,15.119,128.4,0
77.3,0.091,20.01,0.49,3.507,29.87,6006.5,3.62,0.0304,14.42,167.5,11.92,14.989,115.0,1
76.87,1.015,22.09,0.4,3.519,29.19,6128.4,2.9,0.0089,15.57,182.5,11.6,14.739,123.4,0
77.69,0.794,22.19,0.17,3.445,28.73,5756.6,2.34,0.0401,14.6,185.9,11.9,15.021,124.1,0
79.46,1.135,20.0,0.11,3.527,30.28,5629.5,1.43,0.0006,15.35,182.6,12.3,15.172,117.2,0
77.29,0.747,21.62,0.49,3.424,28.83,5718.6,2.59,0.0402,15.16,170.7,12.97,15.196,127.5,1
78.7,1.064,21.09,0.21,3.498,30.72,6427.7,2.99,0.0109,15.27,178.2,11.39,15.124,117.6,0
78.97,1.194,22.87,0.09,3.504,31.72,5800.8,2.55,0.0187,14.49,171.4,13.25,14.765,127.2,0
74.66,1.338,23.65,3.23,3.517,28.02,5930.7,3.8,0.0506,14.09,172.4,10.86,15.011,120.6,0
76.93,0.461,22.33,0.01,3.48,29.07,6337.1,2.95,0.0636,15.33,181.1,11.38,14.379,127.6,0
79.65,0.484,22.04,0.39,3.498,29.65,6005.0,1.94,0.0508,14.97,171.9,11.15,14.838,123.7,0
79.65,1.084,23.65,0.4,3.493,28.83,6169.2,1.66,0.0345,14.91,184.3,12.27,15.214,120.5,0
78.17,1.069,20.71,0.55,3.488,27.01,5880.9,2.09,0.036,15.85,188.5,11.36,15.208,127.3,0
78.17,0.923,22.9,0.26,3.482,28.65,5893.1,2.25,0.0122,14.63,188.3,11.71,15.01,124.5,0
78.06,1.322,22.81,0.55,3.469,31.7,5900.2,4.05,0.0033,14.22,167.8,11.76,14.753,117.1,0
81.47,1.478,22.75,0.9,3.507,32.99,5992.8,2.8,0.0245,15.45,176.8,12.85,15.227,128.6,0
76.6,1.815,22.26,0.09,3.541,28.25,6287.4,2.49,0.0049,14.7,193.0,13.18,15.571,128.2,0
76.57,1.932,21.31,0.6,3.498,31.2,6101.2,2.07,0.0148,15.34,180.9,12.0,14.919,116.7,0
79.64,0.748,20.74,0.43,3.468,32.73,6023.5,0.96,0.0169,14.06,203.5,12.05,15.104,116.1,0
78.57,2.649,21.44,0.75,3.442,30.62,6031.6,4.09,0.0701,14.37,174.2,12.51,14.451,104.1,1
80.66,1.175,22.89,0.1,3.527,32.65,6103.3,3.92,0.0607,15.09,187.2,11.81,14.98,116.2,0
79.98,1.45,22.28,0.61,3.509,28.8,6053.4,2.87,0.0707,14.16,186.4,11.9,14.8,122.0,0
75.4,0.455,22.22,1.27,3.408,32.98,5982.2,3.64,0.01,15.12,176.9,13.3,15.362,119.0,1
78.12,1.293,21.54,0.45,3.499,30.16,6268.7,1.1,0.0391,14.61,177.1,12.45,14.811,125.7,0
76.05,0.436,24.31,0.66,3.51,28.61,6205.8,3.95,0.0654,14.98,178.3,11.56,14.925,120.8,0
77.45,1.414,22.14,0.12,3.521,28.9,6117.9,1.72,0.0357,14.83,178.2,11.97,14.869,118.1,0
81.88,1.64,23.14,1.18,3.408,30.69,5827.8,1.54,0.0183,14.86,179.0,11.97,14.829,112.9,0
79.61,1.332,20.82,0.64,3.567,29.38,6365.0,3.44,0.0034,14.82,177.1,12.24,15.089,124.1,0
77.73,1.176,22.8,0.87,3.444,30.37,5880.6,2.64,0.0275,14.71,185.6,11.26,14.869,114.8,0
77.65,1.646,21.84,0.35,3.566,34.22,5788.6,3.09,0.056,14.76,177.6,11.2,15.189,129.9,0
74.95,1.254,23.43,0.51,3.506,29.79,6126.2,3.91,0.004,14.16,185.5,11.53,14.782,112.9,0
80.85,0.378,22.9,0.28,3.502,30.42,5908.0,3.58,0.0609,15.96,193.9,12.94,15.184,109.9,1
77.94,0.923,19.7,0.24,3.523,30.55,6080.8,2.61,0.0684,14.38,195.2,13.99,14.83,116.7,1
78.89,1.896,22.12,0.63,3.541,29.76,5999.2,3.38,0.1189,14.91,178.4,11.95,15.042,117.0,0
79.16,0.486,22.52,0.06,3.477,31.22,6336.9,3.06,0.0019,14.88,182.4,11.44,14.955,119.8,0
76.03,0.126,21.12,0.54,3.508,27.64,5813.9,4.21,0.0435,13.91,167.6,13.17,15.042,118.6,0
77.94,1.094,21.42,1.65,3.537,31.28,5953.6,4.17,0.0188,14.34,173.2,10.75,15.011,123.6,0
77.22,0.745,22.24,0.68,3.451,30.35,5843.9,2.8,0.0214,14.84,176.6,11.81,15.129,116.6,0
79.25,1.323,22.57,0.38,3.487,31.26,5952.4,3.03,0.0228,15.08,179.9,12.2,14.99,116.4,0
78.66,0.743,22.37,2.12,3.611,28.08,5674.4,2.54,0.0258,14.49,193.3,12.77,15.272,123.7,0
77.36,0.943,20.85,0.48,3.437,30.56,5883.5,1.11,0.0057,15.18,194.4,14.07,15.344,123.5,1
77.28,0.886,22.9,0.03,3.497,31.57,6044.6,3.75,0.0432,15.24,193.5,11.22,15.413,115.9,1
77.59,0.142,21.43,0.87,3.387,31.04,5896.2,3.12,0.0492,15.12,157.7,11.51,15.091,123.6,0
77.7,0.605,21.65,1.61,3.502,30.83,6143.0,5.1,0.1578,15.17,179.6,13.4,14.814,120.4,0
77.9,1.258,20.69,0.06,3.53,28.45,5801.2,2.33,0.0053,14.91,176.6,12.38,15.341,121.9,0
78.86,0.148,21.51,0.79,3.579,27.96,5686.0,1.02,0.0248,15.8,178.9,10.06,14.969,124.3,0
77.2,0.275,21.98,0.46,3.444,30.51,6035.1,4.98,0.0496,14.81,183.6,11.23,15.232,122.4,0
78.53,1.442,21.43,0.34,3.475,28.97,5953.6,1.48,0.0026,14.99,167.3,12.44,15.213,120.9,0
77.09,1.353,21.41,1.35,3.461,29.0,6031.0,0.66,0.0293,14.54,170.8,12.19,14.903,121.1,0
78.67,0.095,21.55,0.12,3.54,29.28,5906.1,2.98,0.0309,14.26,173.6,11.66,15.095,124.5,0
77.88,0.97,21.56,0.11,3.6,31.09,6031.0,4.36,0.039,14.52,165.4,11.22,15.16,123.5,0
85.63,0.809,22.37,0.93,3.413,32.7,4986.2,3.97,0.0518,14.7,144.2,9.63,14.273,116.2,0
76.53,1.912,21.8,0.04,3.458,32.86,5591.0,1.93,0.0346,16.28,167.3,11.6,15.457,110.5,0
77.26,1.441,21.89,0.21,3.615,30.61,5993.1,1.08,0.0011,15.45,173.5,11.27,15.057,117.9,0
79.73,0.721,22.71,0.76,3.455,30.57,6034.1,1.98,0.0487,14.58,161.3,12.03,15.601,121.8,0
76.31,0.666,23.09,0.25,3.572,28.4,6132.4,1.87,0.0047,14.16,191.2,11.91,15.224,121.5,0
76.8,0.975,23.22,2.35,3.531,28.19,6060.2,2.94,0.0563,15.03,169.5,11.51,15.087,116.9,0
78.75,0.18,22.85,0.01,3.54,29.46,5848.0,2.19,0.0186,14.12,190.2,11.87,15.002,118.6,0
76.64,1.078,22.57,0.16,3.513,31.66,6030.1,2.8,0.0776,15.12,169.9,12.38,15.031,124.9,0
77.34,0.331,22.65,0.97,3.4,31.08,5682.3,1.81,0.1628,14.42,195.3,11.16,14.994,110.4,0
77.24,1.528,21.92,3.42,3.485,30.37,6187.1,1.77,0.0579,14.5,176.2,12.7,15.154,112.8,0
80.53,1.74,22.32,0.34,3.597,29.09,5946.1,1.8,0.0363,15.42,187.1,12.05,14.857,112.8,0
77.11,0.609,23.25,0.0,3.372,29.66,6137.3,4.24,0.0701,15.06,181.1,11.25,14.732,114.0,1
79.26,0.626,21.93,0.09,3.556,26.52,6072.0,3.4,0.0605,15.07,187.0,11.62,15.165,121.9,0
74.16,1.609,21.23,0.97,3.433,29.87,5682.6,2.08,0.0136,14.45,172.7,11.04,15.301,119.5,1
81.88,0.67,22.81,0.24,3.429,27.74,6132.3,1.65,0.0417,16.06,173.6,12.33,14.951,121.7,0
79.26,1.986,22.21,1.05,3.514,26.56,6254.7,2.8,0.0446,13.76,163.7,12.97,15.417,125.1,0
77.25,0.633,23.29,0.51,3.388,31.61,5782.4,2.78,0.0707,15.86,192.0,12.29,14.924,127.7,0
78.36,1.259,21.44,0.28,3.474,30.44,5985.2,2.0,0.0329,14.83,181.3,12.74,15.15,126.7,0
75.47,1.089,22.59,0.09,3.478,29.6,6426.4,1.65,0.0237,15.16,185.3,12.37,14.9,122.0,1
77.44,1.774,22.25,0.52,3.526,32.27,6143.3,2.05,0.1643,15.54,185.4,12.47,15.026,127.5,0
77.12,0.956,22.49,0.55,3.482,30.3,6064.5,2.25,0.0542,14.25,181.7,11.81,15.321,120.8,1
77.69,0.695,22.55,0.49,3.454,30.61,5870.8,1.75,0.0122,15.51,175.9,12.89,14.975,120.9,0
80.2,0.115,21.57,0.4,3.555,30.82,5989.0,2.18,0.0689,15.33,189.8,12.09,15.043,118.3,1
76.04,0.988,23.26,0.14,3.51,30.07,6042.2,1.81,0.0142,14.38,178.9,11.66,14.971,127.1,0
77.79,1.191,21.66,0.57,3.433,30.14,5980.6,2.46,0.0563,15.65,197.9,13.37,14.873,116.9,0
78.14,0.645,21.19,0.08,3.453,31.24,6059.1,2.0,0.0353,14.43,182.0,11.49,14.815,113.2,0
79.27,2.06,21.51,0.4,3.538,29.4,6000.8,2.15,0.0433,14.7,191.9,12.19,15.196,116.1,0
78.27,1.638,21.21,1.21,3.486,29.13,5858.9,3.76,0.0496,14.0,183.2,12.01,15.123,119.3,0
76.59,0.929,22.33,0.33,3.515,30.68,5913.2,2.18,0.0261,14.93,183.2,12.74,15.303,119.4,0
78.08,0.237,21.16,0.04,3.404,32.68,5857.5,0.58,0.0251,14.25,157.8,13.35,15.574,116.3,0
78.76,0.66,21.41,0.79,3.419,29.14,5962.7,2.43,0.0642,14.84,184.0,12.4,14.973,120.0,0
79.57,1.082,23.29,0.64,3.51,30.88,6195.6,2.19,0.0394,14.84,183.3,12.44,14.791,122.3,0
78.73,1.797,21.13,0.6,3.475,26.28,5659.7,3.8,0.0175,15.69,188.5,12.53,15.625,112.6,0
75.96,0.796,22.22,0.88,3.559,31.62,6248.3,2.94,0.079,15.55,185.5,12.29,14.899,120.8,0
76.45,1.219,21.84,0.35,3.5,31.05,6098.3,2.08,0.0393,14.9,182.2,12.18,15.098,116.7,0
79.24,0.969,21.38,0.07,3.509,29.35,5875.3,2.35,0.0407,15.97,179.2,11.52,14.964,123.0,0
80.83,1.363,22.23,0.05,3.486,30.09,5753.7,1.96,0.0086,15.06,166.5,13.25,14.876,120.4,0
75.46,1.191,21.72,2.05,3.467,27.39,5995.8,0.6,0.0466,15.16,176.4,10.23,15.707,113.3,0
79.02,0.617,22.03,0.15,3.498,30.19,6076.4,3.21,0.0128,15.3,181.9,12.08,15.02,112.7,0
76.79,0.917,21.02,0.05,3.463,32.92,5750.0,3.02,0.0578,16.17,191.2,12.01,14.868,126.2,0
75.93,1.106,22.69,0.76,3.511,29.91,5770.8,2.74,0.032,15.64,180.9,12.22,14.7,129.9,0
78.01,1.063,21.76,0.17,3.432,28.63,6417.3,1.83,0.0278,15.21,186.3,12.19,14.612,123.4,0
77.82,1.205,21.81,0.31,3.379,26.94,6121.1,1.79,0.0102,15.31,174.7,11.38,14.914,124.5,1
75.86,0.822,22.49,0.82,3.427,31.99,5592.4,3.89,0.0028,15.99,193.0,11.83,14.732,120.1,1
78.65,2.176,22.62,0.07,3.527,30.95,6047.6,2.32,0.0171,14.93,181.0,11.88,14.799,113.3,0
78.62,1.196,21.72,0.74,3.47,30.44,6053.5,1.86,0.0045,14.75,170.7,11.4,14.873,123.2,0
78.52,1.519,20.82,0.67,3.42,29.47,6438.8,0.24,0.0767,14.53,182.1,13.24,14.896,116.9,0
77.66,0.747,21.3,0.2,3.45,29.78,5880.0,1.84,0.0176,14.86,174.8,13.15,15.45,116.7,0
77.1,0.64,21.72,0.35,3.558,29.49,5710.1,1.85,0.0378,14.55,188.6,11.62,15.474,119.8,0
77.41,0.917,21.78,0.04,3.569,29.92,5976.7,2.76,0.0438,14.58,174.3,12.16,15.354,123.0,0
77.35,0.664,21.38,0.1,3.537,30.05,5903.6,1.69,0.0061,14.45,186.8,11.09,15.067,124.1,0
77.81,0.914,21.62,0.5,3.436,29.24,6003.1,3.04,0.0459,14.97,176.3,12.6,14.81,121.4,0
78.24,0.688,21.87,0.05,3.573,27.6,5994.6,1.7,0.0026,14.96,178.3,11.25,15.081,125.6,0
78.02,1.37,21.95,0.11,3.515,28.11,5911.9,3.25,0.0547,14.94,175.9,11.89,15.264,121.2,0
75.84,1.592,21.35,0.09,3.562,27.22,5802.6,1.34,0.0458,14.32,183.4,12.08,14.829,122.5,0
76.2,1.26,21.28,0.33,3.496,27.64,6103.4,1.86,0.0311,15.1,172.4,11.68,15.084,119.3,0
79.29,0.793,21.42,0.73,3.446,28.62,6322.2,3.12,0.0884,14.72,180.8,11.14,14.982,117.5,0
77.27,0.726,22.22,0.5,3.533,29.98,6179.4,2.8,0.0009,15.68,186.3,11.29,15.223,110.8,0
79.74,0.466,22.09,0.09,3.481,30.9,6203.4,2.74,0.0479,15.19,191.4,11.66,15.153,116.0,1
76.49,1.039,23.34,0.17,3.556,29.5,5797.3,3.4,0.0278,15.12,177.9,12.1,14.788,128.0,1
78.03,1.334,22.43,0.96,3.447,30.67,6227.1,3.82,0.0633,14.39,177.4,11.77,15.173,128.1,0
77.61,1.627,21.42,0.54,3.489,29.18,6234.7,2.71,0.0528,15.62,187.3,12.28,14.742,120.1,0
77.23,1.26,22.32,0.05,3.5,30.33,5903.8,0.88,0.015,15.32,186.3,12.24,14.884,119.6,0
76.35,0.043,21.89,3.04,3.46,29.33,6425.6,3.26,0.0868,14.46,168.6,12.56,15.27,132.8,0
77.87,0.426,22.17,0.4,3.549,30.65,6079.3,4.19,0.0525,14.92,183.4,12.63,15.152,124.8,1
79.18,2.173,22.44,0.04,3.471,30.59,6276.0,2.71,0.0633,14.88,183.5,12.9,14.753,116.9,0
76.72,1.04,22.64,1.19,3.601,30.31,5757.0,2.45,0.0315,14.51,178.2,11.75,15.249,121.3,0
78.98,0.805,22.06,0.27,3.568,32.74,5823.9,3.44,0.061,15.17,172.5,13.02,14.745,120.9,0
76.06,1.658,20.75,1.31,3.481,27.57,5925.2,0.63,0.0195,15.21,180.0,12.37,15.304,116.8,0
77.94,1.596,22.09,0.03,3.477,30.78,5793.0,3.15,0.0492,14.81,193.4,11.75,14.672,118.8,1
75.99,1.308,22.82,2.07,3.507,27.79,6083.9,2.89,0.0539,15.34,187.2,11.78,14.866,112.5,1
78.13,0.027,22.37,0.15,3.557,30.9,5948.1,2.77,0.0228,15.39,186.0,11.67,15.352,120.7,0
79.33,0.586,22.52,2.87,3.488,27.12,6253.2,4.18,0.0086,14.87,182.7,11.86,15.118,117.5,0
77.67,1.189,21.59,0.6,3.5,31.18,5717.1,2.58,0.0369,14.44,198.5,11.51,14.806,125.3,0
77.96,1.233,25.94,0.83,3.528,29.73,5883.8,5.41,0.0248,14.49,214.1,10.16,14.447,131.2,1
76.95,0.04,22.52,0.37,3.466,27.2,5754.4,0.85,0.0193,13.69,195.2,12.4,15.151,107.8,1
79.09,0.824,22.26,0.66,3.493,30.16,5849.7,0.84,0.0001,14.67,180.5,10.81,15.152,111.2,0
81.76,3.437,25.16,0.17,3.455,27.58,6074.4,4.4,0.0553,14.27,170.9,14.45,15.747,111.0,1
78.23,0.063,22.51,0.46,3.549,31.12,6085.4,2.64,0.0311,15.27,179.4,12.44,14.752,127.6,0
77.5,0.457,22.56,0.0,3.444,30.98,6001.2,2.32,0.0298,14.71,186.3,12.57,15.388,119.2,0
75.58,0.941,21.61,0.44,3.485,26.93,6216.1,1.95,0.0211,14.78,164.4,12.63,14.921,108.5,0
83.31,0.099,21.24,1.15,3.766,34.71,6535.5,2.48,0.0427,17.76,182.9,14.72,14.647,112.1,0
71.69,1.895,19.9,1.83,3.772,34.02,5469.6,0.75,0.1708,15.62,162.0,12.5,14.77,128.9,1
77.19,0.528,23.44,0.05,3.466,30.53,5756.0,1.74,0.0418,14.56,166.3,12.62,14.893,128.5,1
80.52,1.411,21.48,0.24,3.519,32.25,6257.5,2.7,0.0051,15.08,184.0,11.78,14.525,117.3,0
76.48,0.638,22.04,0.02,3.393,29.47,5976.4,2.63,0.0635,15.69,165.9,11.58,14.913,124.6,0
75.46,0.565,22.87,0.63,3.537,29.22,6088.2,2.47,0.0692,14.35,175.7,11.87,15.496,114.0,0
76.42,1.104,23.06,0.45,3.434,30.24,6186.9,3.48,0.0541,14.71,168.3,11.16,14.825,122.2,0
75.37,0.226,21.41,0.18,3.488,28.91,5703.3,1.99,0.1274,15.06,194.0,12.28,15.281,111.6,0
77.52,1.085,21.59,0.25,3.486,30.59,6072.1,2.27,0.0337,15.06,177.7,11.88,14.959,124.0,0
78.07,1.322,22.09,0.14,3.475,30.46,6276.5,3.02,0.01,14.59,165.8,11.1,14.983,121.0,0
78.19,1.309,20.75,2.07,3.52,33.65,5859.5,1.55,0.024,15.66,170.1,11.87,14.511,125.9,0
80.78,0.703,21.95,0.82,3.563,29.78,6124.7,2.56,0.0314,15.45,196.1,12.37,14.8,131.3,0
74.11,0.835,22.24,0.34,3.518,29.39,6217.6,3.04,0.0112,14.29,184.9,13.05,14.846,120.4,0
77.97,0.944,21.96,0.75,3.504,27.7,6282.3,2.29,0.114,15.48,172.2,12.14,15.091,118.7,0
80.85,1.182,23.25,0.18,3.435,29.16,6326.4,4.57,0.0751,14.87,187.7,13.8,15.168,113.9,1
77.84,1.988,21.77,0.42,3.524,29.1,6250.1,3.14,0.0189,14.92,189.4,13.43,14.925,120.4,0
77.03,0.255,21.81,0.04,3.435,29.22,5955.5,4.07,0.0344,15.1,172.7,12.58,14.882,119.7,0
78.07,0.907,22.14,0.41,3.573,30.02,5653.1,2.06,0.0288,15.23,179.9,13.5,14.97,119.4,1
76.84,1.238,21.82,0.7,3.597,30.44,6286.3,2.44,0.0429,14.28,186.6,11.63,15.17,123.8,0
78.18,1.173,22.27,0.27,3.524,29.91,6120.2,2.42,0.0152,15.21,175.8,11.51,14.926,124.4,0
80.56,0.82,22.02,1.05,3.456,29.14,6114.5,3.37,0.0858,14.94,169.0,11.3,15.328,119.6,1
77.18,1.122,22.97,0.34,3.429,30.87,6309.6,2.04,0.0373,15.42,178.3,11.44,15.027,119.0,1
77.32,2.414,22.07,0.19,3.552,29.53,6346.6,2.13,0.0,14.79,183.6,12.84,14.863,117.5,0
78.2,1.056,23.9,0.95,3.523,32.39,6152.3,1.81,0.1385,13.86,182.6,12.13,15.076,115.4,0
76.6,1.535,22.33,0.1,3.464,33.0,6173.4,1.78,0.0137,15.16,170.5,11.26,14.519,119.9,0
78.03,1.797,22.1,1.4,3.515,31.53,5997.6,2.68,0.0246,15.51,164.5,11.83,14.989,117.7,0
79.69,1.914,22.16,3.18,3.408,30.47,5770.9,3.06,0.0319,14.23,174.3,12.11,14.825,128.3,0
78.06,0.317,22.92,1.07,3.557,33.76,5812.7,1.11,0.0286,14.24,182.0,12.66,15.31,115.2,0
76.05,1.477,21.76,0.64,3.471,31.83,6130.5,2.14,0.056,14.76,174.1,12.77,14.609,117.6,0
75.77,1.772,21.45,0.95,3.497,27.89,5968.3,2.15,0.0769,14.62,170.6,10.84,14.724,128.5,0
79.76,1.764,21.28,0.02,3.522,31.37,6012.8,3.17,0.0257,15.79,188.9,10.88,15.154,119.1,0
76.38,0.51,21.62,0.29,3.53,28.37,5815.1,2.51,0.013,14.91,179.3,11.53,14.677,119.7,0
77.83,0.114,21.59,0.88,3.501,31.35,6186.9,0.54,0.0033,15.73,181.6,12.46,14.812,113.0,0
78.51,0.488,20.66,0.41,3.476,30.14,6180.3,2.86,0.0487,15.03,200.7,11.44,15.013,125.0,0
77.86,0.144,22.12,0.13,3.58,30.66,6301.8,2.05,0.0635,14.91,178.8,11.54,14.966,114.3,0
79.67,0.714,21.69,0.27,3.542,29.04,6106.9,2.37,0.0227,14.69,172.4,12.06,14.949,118.0,0
79.04,1.72,22.34,0.22,3.503,30.1,6301.6,2.39,0.0445,14.56,162.8,12.0,15.023,127.3,0
76.29,1.384,20.52,0.02,3.52,31.98,6048.6,1.6,0.0801,15.08,191.3,12.35,14.917,122.4,0
77.63,1.064,22.3,1.51,3.5,29.69,5799.3,2.53,0.0649,15.3,181.3,11.92,15.035,120.4,0
76.42,1.369,21.9,1.11,3.451,28.5,6273.1,2.97,0.0521,15.27,188.3,11.55,15.366,129.3,0
77.15,0.886,22.19,1.12,3.534,30.57,5941.1,2.21,0.0073,15.23,189.9,12.81,14.948,118.2,0
78.94,1.125,22.78,0.69,3.516,30.72,6346.8,1.71,0.0479,14.94,179.2,11.02,14.994,122.0,0
76.6,0.029,20.74,0.51,3.487,30.77,5700.7,2.84,0.0194,15.27,173.0,10.79,15.075,122.9,0
77.53,1.374,23.08,0.1,3.507,30.26,6037.9,2.34,0.022,15.19,173.5,11.39,15.041,113.4,0
75.73,1.207,22.38,4.05,3.493,32.05,5810.5,1.94,0.0477,14.31,179.5,13.16,15.439,117.6,0
79.07,0.846,21.67,0.18,3.493,30.04,6026.3,4.64,0.0889,14.68,158.6,13.39,15.286,124.8,0
77.44,1.941,22.46,0.07,3.574,29.27,6298.9,2.66,0.0279,15.26,175.3,11.62,14.948,122.5,0
76.44,1.182,22.92,0.08,3.481,32.4,5807.7,3.35,0.0235,15.61,189.2,10.96,15.008,126.4,0
75.9,2.184,21.64,0.92,3.429,29.68,6274.0,2.46,0.0222,15.77,180.1,11.08,14.718,120.1,0
78.18,1.427,22.65,0.05,3.554,28.92,5987.9,3.36,0.0399,15.0,177.4,10.89,15.118,118.2,0
78.85,0.808,21.95,0.57,3.497,29.22,5909.6,2.72,0.0208,15.04,180.9,11.5,15.151,124.3,0
78.08,0.892,20.85,0.25,3.5,28.89,6204.2,1.95,0.0331,15.14,176.2,11.32,15.12,118.7,0
77.63,1.121,21.54,0.08,3.516,29.55,6137.0,4.59,0.0109,15.56,183.4,11.3,14.92,121.2,0
78.69,0.93,21.79,0.61,3.526,28.54,6168.5,2.36,0.0101,14.98,200.0,11.41,14.957,117.4,0
76.98,1.171,22.28,0.38,3.55,32.28,5779.9,2.51,0.0252,15.42,174.7,12.35,14.813,116.7,0
80.46,0.774,23.04,0.57,3.473,28.59,6193.9,1.51,0.0665,14.97,173.6,12.73,14.943,121.0,0
79.36,1.425,21.94,0.96,3.56,30.89,6189.6,2.5,0.0414,16.31,178.5,11.56,15.49,129.9,0
76.69,1.34,22.72,0.01,3.486,28.73,5845.1,1.94,0.0539,15.2,187.2,12.3,14.921,118.5,0
76.8,0.417,21.64,1.31,3.536,31.14,5807.1,3.53,0.0188,14.88,180.6,11.36,15.106,118.2,0
80.17,1.272,21.55,0.96,3.451,32.99,6004.2,1.65,0.0367,15.4,171.9,11.61,14.335,120.0,0
79.79,1.258,22.65,0.48,3.482,30.68,6052.1,2.05,0.0975,15.49,190.3,12.74,14.971,116.8,0
78.64,1.342,21.25,1.15,3.515,28.94,5888.5,3.64,0.0858,14.92,178.2,11.86,14.814,117.9,0
79.41,1.048,22.17,0.74,3.542,29.9,5825.8,2.03,0.0208,15.62,183.0,13.09,15.175,118.1,0
78.69,0.744,18.79,0.62,3.421,26.52,5580.0,3.56,0.1187,13.01,177.7,13.24,15.328,111.2,1
79.11,1.693,21.65,0.12,3.516,32.15,5982.4,2.0,0.0249,15.66,185.2,11.97,15.016,122.1,0
77.85,0.415,21.26,0.04,3.628,31.38,6326.3,1.23,0.0377,13.86,175.6,13.64,14.516,123.6,0
78.8,0.717,22.0,0.61,3.499,30.77,5659.4,5.63,0.0082,14.45,184.1,12.0,14.999,113.4,0
78.44,1.269,21.66,0.52,3.543,28.5,6035.6,2.77,0.033,15.22,185.7,11.83,14.726,120.6,0
75.44,1.588,22.93,2.35,3.501,32.34,6135.3,0.84,0.0004,14.93,183.2,11.69,15.143,121.4,0
77.43,1.174,21.94,0.03,3.496,29.9,5967.2,3.47,0.0274,14.76,186.4,11.51,14.857,128.4,0
78.87,1.242,22.69,0.5,3.547,31.45,6153.7,3.06,0.0193,14.5,174.6,12.23,14.809,119.4,1
79.72,1.324,22.24,0.11,3.435,30.65,5870.2,2.79,0.06,14.7,182.9,11.29,14.969,119.6,0
77.73,0.947,22.44,0.22,3.496,29.15,5926.2,1.65,0.0216,15.03,173.7,12.25,15.169,124.2,0
80.25,0.983,22.53,0.2,3.546,32.11,6412.6,3.44,0.0434,15.5,177.0,12.16,15.133,123.4,0
80.58,1.066,21.03,0.37,3.425,28.16,5757.4,1.1,0.034,14.9,194.6,10.76,14.852,116.5,0
78.35,1.121,20.67,0.04,3.475,33.76,6149.9,2.09,0.0498,14.66,173.8,12.41,14.88,118.7,0
76.74,0.301,24.52,1.1,3.642,28.57,5778.1,4.11,0.047,15.12,180.7,11.91,15.235,108.1,1
78.99,0.356,22.96,0.38,3.427,28.9,6338.8,1.37,0.0362,14.6,156.5,13.19,15.063,119.9,0
77.96,0.474,20.77,0.17,3.532,31.69,5970.5,1.63,0.0081,15.43,179.6,11.46,14.87,117.9,0
80.16,0.811,21.88,0.15,3.64,29.99,6286.8,0.91,0.0551,15.32,173.9,11.09,14.538,121.5,0
78.15,0.856,21.45,0.28,3.463,29.85,6049.8,2.02,0.0158,14.38,175.4,11.81,15.066,124.5,1
75.3,1.128,22.56,0.01,3.382,29.97,5921.2,3.44,0.0809,15.25,182.1,11.67,14.867,124.0,0
78.44,0.248,23.23,0.54,3.425,29.22,5876.5,1.96,0.0509,15.27,173.1,11.8,15.046,119.5,0
77.56,1.275,22.87,0.04,3.512,31.16,5991.9,3.02,0.035,14.5,185.4,11.88,15.154,118.8,0
77.63,1.267,21.67,0.1,3.495,29.17,6034.5,1.8,0.0658,15.12,177.4,12.56,14.872,124.9,1
73.4,0.953,21.25,0.57,3.481,30.18,6340.1,3.2,0.0593,15.41,159.1,11.03,14.538,116.1,0
80.15,1.378,22.26,0.14,3.511,31.38,6128.5,3.19,0.0766,15.26,178.0,11.86,14.873,117.7,0
75.85,0.628,22.28,0.75,3.434,28.69,5935.1,2.55,0.0636,14.25,186.6,12.09,15.363,122.5,0
76.48,1.109,21.65,0.87,3.519,30.14,6463.8,1.65,0.025,15.26,181.2,10.68,15.175,117.7,0
79.33,0.638,21.26,0.39,3.541,26.92,6176.7,3.87,0.0955,15.93,174.0,11.66,14.494,120.4,1
77.09,0.22,23.65,0.14,3.506,29.62,5934.3,2.17,0.007,15.17,195.0,11.64,14.636,112.1,0
80.88,1.044,22.36,0.66,3.416,31.13,6259.8,2.55,0.004,15.11,176.8,11.12,14.846,117.3,0
79.19,0.962,22.65,1.37,3.468,29.36,6217.7,2.13,0.0983,15.82,186.0,12.17,15.192,119.9,1
80.25,1.113,21.74,0.06,3.549,31.58,5904.0,2.07,0.0657,15.06,179.5,10.89,14.836,127.3,0
79.72,0.794,21.98,0.04,3.565,30.16,6005.6,0.81,0.0255,14.17,182.3,11.29,14.776,120.7,0
78.15,0.809,22.23,0.02,3.502,28.3,6008.0,2.58,0.0096,14.87,180.2,11.94,14.757,120.7,0
80.41,1.546,22.71,1.29,3.542,32.64,5827.0,1.22,0.1137,15.06,197.3,13.54,14.861,122.1,0
76.23,0.299,22.16,0.52,3.522,29.97,5833.6,3.23,0.0258,14.33,180.7,10.24,14.79,116.9,0
79.13,0.905,21.44,0.87,3.434,31.55,6309.3,2.41,0.1207,15.35,172.7,12.35,14.918,117.3,0
76.04,0.62,22.09,0.15,3.554,29.87,5877.7,3.74,0.0713,14.56,172.4,11.69,14.518,116.9,1
76.73,1.073,21.65,0.53,3.54,29.48,6206.5,2.24,0.1893,15.5,171.1,11.1,15.195,119.0,0
77.9,0.412,21.67,0.01,3.522,30.29,6086.6,2.48,0.1119,14.75,183.6,11.24,14.948,116.0,0
77.09,0.322,22.13,0.08,3.501,32.71,5963.5,0.63,0.0287,14.78,177.9,12.06,14.799,118.9,0
79.15,1.335,21.67,0.05,3.493,30.7,6093.6,3.41,0.0633,14.31,186.6,11.54,14.918,120.2,0
76.97,0.571,22.0,0.38,3.466,29.63,5636.6,2.21,0.0266,15.3,192.5,11.45,15.166,119.7,0
78.9,0.909,22.79,1.03,3.481,29.06,6161.9,1.54,0.0009,15.36,174.1,11.94,15.3,117.5,0
78.94,1.464,21.13,0.24,3.456,31.55,6162.9,2.26,0.0859,14.32,179.4,12.29,15.269,119.1,0
77.69,1.547,21.23,1.12,3.574,30.07,6047.4,3.06,0.0385,15.05,193.9,12.65,14.833,116.2,1
78.64,0.536,23.1,3.68,3.472,28.94,5469.6,3.36,0.1422,15.33,182.0,11.13,15.135,124.4,1
78.29,1.288,22.59,1.11,3.506,31.48,5998.5,3.71,0.0086,15.65,195.9,12.78,15.072,122.1,0
77.33,1.163,22.0,0.12,3.558,27.38,5567.1,2.74,0.035,14.35,196.2,11.68,14.868,115.4,0
79.22,1.241,21.43,0.01,3.508,29.98,6265.2,3.42,0.0572,15.82,173.1,11.33,15.241,116.1,0
75.32,0.092,24.12,0.09,3.355,30.77,6047.5,2.55,0.1376,14.04,153.0,12.88,15.072,124.1,0
78.04,2.097,21.99,0.04,3.557,31.13,6043.2,2.81,0.0306,14.37,176.5,12.02,14.721,122.9,0
78.81,0.757,21.1,0.19,3.529,30.12,6049.7,1.45,0.0071,15.25,164.7,11.05,14.891,118.2,0
78.45,1.758,23.39,0.13,3.482,30.58,6133.5,4.18,0.044,15.73,182.5,11.84,15.025,121.2,0
79.65,2.499,20.96,0.79,3.573,33.65,6023.9,1.38,0.0007,14.99,179.4,11.52,14.684,117.6,0
77.23,0.78,22.13,0.6,3.542,29.66,5920.1,3.15,0.0483,14.4,179.7,12.27,14.968,121.6,0
78.01,1.013,20.62,0.53,3.41,25.23,5734.5,0.1,0.1007,14.76,172.6,12.4,15.72,115.3,0
79.9,0.443,21.78,0.44,3.492,29.77,6103.8,1.28,0.0347,14.95,191.6,11.95,15.281,121.9,1
80.33,1.578,22.44,1.21,3.515,28.16,6152.4,2.02,0.1063,15.26,167.3,11.84,14.975,122.7,0
78.07,1.452,21.08,0.12,3.46,31.15,6178.0,1.26,0.0436,15.18,167.6,12.22,14.772,120.1,0
79.51,1.462,22.69,0.47,3.549,29.83,6071.7,3.65,0.0153,15.11,171.6,12.48,15.228,113.5,1
78.95,1.056,22.0,2.33,3.549,32.78,6025.6,4.89,0.0099,14.9,180.2,12.56,14.582,125.9,0
78.81,0.364,22.16,0.05,3.547,29.01,6164.5,2.22,0.0097,14.09,165.7,12.84,14.956,120.0,1
80.32,0.866,21.53,0.03,3.502,30.32,6035.0,2.47,0.0095,15.55,174.9,11.63,14.932,130.4,0
77.68,0.502,21.01,0.08,3.559,33.32,5993.4,4.49,0.0008,14.27,161.9,11.49,15.14,122.9,1
77.04,0.35,21.89,1.43,3.459,28.11,6101.3,3.65,0.0331,15.71,179.2,11.61,15.094,121.1,0
77.85,1.19,21.93,1.94,3.456,27.37,6189.1,3.73,0.0299,14.95,171.3,12.32,15.146,119.7,0
83.6,0.419,21.93,1.55,3.559,27.52,6107.5,3.44,0.016,15.77,157.2,12.66,15.289,123.6,1
76.9,1.535,22.08,0.41,3.472,28.38,5886.8,1.25,0.0507,14.8,186.0,11.82,15.093,118.1,0
79.31,1.498,20.99,1.47,3.52,32.52,5885.1,0.27,0.0776,15.13,170.0,10.1,14.943,115.7,0
79.37,1.912,21.24,0.15,3.496,30.36,6175.1,3.44,0.0501,16.31,185.1,10.81,15.219,121.5,0
79.72,0.885,23.06,1.39,3.54,28.07,5957.0,0.42,0.0812,14.25,193.8,12.29,15.488,123.4,0
79.24,1.568,21.89,0.22,3.478,30.35,5941.6,4.7,0.0223,15.1,176.0,10.6,15.377,125.1,0
76.63,1.331,21.25,0.07,3.467,31.74,5859.5,0.6,0.0015,14.19,167.5,11.06,14.706,120.0,0
78.82,0.714,23.4,0.49,3.541,27.96,6301.2,3.44,0.0317,14.93,184.2,12.91,15.169,126.5,0
78.85,0.964,21.44,0.31,3.59,29.32,5533.0,3.11,0.0745,14.04,184.2,11.81,15.1,120.0,0
75.66,0.727,23.14,1.14,3.542,31.16,5896.1,2.54,0.0259,14.66,173.1,12.58,15.202,111.5,1
78.8,1.6,21.16,0.52,3.445,32.3,5980.1,3.21,0.0729,15.08,186.8,11.86,15.062,120.3,0
77.52,1.325,21.96,0.55,3.581,30.25,6027.3,1.08,0.0085,15.82,186.0,12.85,15.123,121.3,1
79.34,0.154,21.99,0.42,3.52,28.4,5974.0,3.4,0.0036,15.3,185.0,11.92,14.934,125.4,0
76.24,1.389,21.51,0.56,3.539,30.07,5899.6,2.99,0.0142,14.82,164.7,11.58,14.776,119.6,0
77.29,0.863,21.02,0.34,3.56,31.56,6131.5,3.65,0.0532,14.75,185.9,12.06,14.926,114.5,0
78.78,1.849,22.95,0.77,3.526,31.32,5890.1,1.92,0.0038,14.85,176.4,12.71,15.218,115.2,0
77.27,0.099,21.79,1.01,3.504,30.09,6261.3,3.04,0.0235,15.36,179.5,11.12,14.56,122.0,0
75.58,1.997,23.2,1.77,3.418,26.3,5683.8,0.6,0.003,13.96,174.5,12.16,15.031,119.8,0
77.21,0.804,21.71,0.67,3.613,30.05,5660.7,2.7,0.028,15.36,195.2,11.45,14.957,117.7,0
76.82,1.075,21.92,0.07,3.481,30.51,5887.1,3.38,0.0085,15.38,173.2,12.51,15.036,120.6,0
76.88,0.335,23.22,0.33,3.488,32.7,6145.6,2.43,0.0819,14.82,178.1,11.81,14.622,115.7,1
76.94,1.075,23.69,1.06,3.412,29.59,6113.3,2.17,0.0356,14.46,170.7,13.56,14.376,108.7,1
76.57,0.811,20.09,0.87,3.484,30.25,6009.8,0.72,0.0638,15.24,179.1,12.23,14.965,122.9,0
78.3,1.203,21.22,0.02,3.362,32.97,6346.9,0.25,0.0215,15.21,217.4,11.76,14.809,120.2,1
79.04,0.394,22.02,0.11,3.445,27.91,6094.2,2.66,0.0504,14.75,184.5,11.99,15.293,115.3,0
76.97,1.199,21.9,0.75,3.467,28.51,6066.5,4.18,0.0889,14.81,179.4,11.74,15.028,121.3,0
78.78,1.094,21.09,0.54,3.431,28.16,5974.4,1.02,0.0124,14.83,180.9,11.84,15.372,119.7,1
79.09,1.246,22.06,1.06,3.506,30.25,5881.5,3.51,0.1534,15.86,183.2,12.1,14.686,131.8,0
77.66,0.91,21.87,0.64,3.428,30.45,6232.0,2.54,0.0264,15.09,160.0,12.43,14.961,112.6,0
76.75,0.81,22.3,0.28,3.457,30.72,5813.4,1.57,0.0625,15.4,180.2,11.09,15.128,115.5,0
79.09,1.243,22.14,0.48,3.516,29.71,5925.5,1.45,0.0418,14.84,186.2,11.03,14.987,120.1,0
78.38,1.49,21.67,0.33,3.474,29.82,6072.5,3.91,0.0385,15.22,183.4,12.12,15.183,113.1,1
80.16,0.519,22.86,0.19,3.46,29.65,5979.9,3.86,0.035,15.18,181.7,12.13,14.783,122.4,1
78.74,0.685,23.29,2.58,3.442,28.76,6062.5,2.48,0.0161,14.92,165.4,11.92,15.029,116.3,0
77.69,1.148,20.89,1.08,3.502,31.21,6279.9,3.32,0.0281,14.77,170.7,12.94,15.021,119.7,0
76.78,0.465,21.96,0.32,3.435,29.01,5923.5,3.73,0.0146,15.72,175.6,12.51,15.234,118.3,0
79.41,0.843,22.09,0.11,3.497,28.97,6014.2,2.45,0.0718,14.94,199.7,10.02,15.389,120.4,0
79.61,1.877,21.47,0.38,3.495,32.26,5752.9,2.04,0.0137,15.58,181.0,12.81,15.007,115.3,0
79.95,0.713,21.46,0.6,3.483,32.42,5800.2,2.85,0.0137,14.98,181.3,12.41,14.881,123.8,0
77.7,0.998,20.93,0.41,3.535,28.87,6002.6,2.68,0.0692,14.65,175.9,13.51,15.005,116.6,0
80.05,1.404,22.13,0.76,3.517,29.25,5978.2,2.2,0.054,16.55,194.4,11.34,14.428,114.5,0
77.19,1.059,21.69,0.22,3.519,31.5,6003.0,1.41,0.0216,14.81,174.0,12.5,14.923,119.7,0
77.44,1.045,22.05,0.8,3.535,30.13,5594.0,4.13,0.1025,16.16,165.3,10.27,15.514,125.0,0
